image_id,source_id,object_index,class,patch_file,generation_seed,transform_seed
RD0000,60248,0,agriculture forestry,AF000RD.jpg,0,42
RD0001,CS9124,0,agriculture forestry,AF001RD.jpg,1,43
RD0002,60192,0,agriculture forestry,AF002RD.jpg,2,44
RD0003,10073,0,agriculture forestry,AF003RD.jpg,3,45
RD0004,60266,0,agriculture forestry,AF004RD.jpg,4,46
RD0005,60063,0,agriculture forestry,AF005RD.jpg,5,47
RD0006,DB2784,0,agriculture forestry,AF006RD.jpg,6,48
RD0007,10116,0,agriculture forestry,AF007RD.jpg,7,49
RD0008,60248,0,agriculture forestry,AF008RD.jpg,8,50
RD0009,60349,0,agriculture forestry,AF009RD.jpg,9,51
RD0010,GI14371,0,agriculture forestry,AF010RD.jpg,10,52
RD0011,GI14551,0,agriculture forestry,AF011RD.jpg,11,53
RD0012,60097,1,agriculture forestry,AF012RD.jpg,12,54
RD0013,GI10654,0,agriculture forestry,AF013RD.jpg,13,55
RD0014,60160,1,agriculture forestry,AF014RD.jpg,14,56
RD0015,60332,0,agriculture forestry,AF015RD.jpg,15,57
RD0016,60240,0,agriculture forestry,AF016RD.jpg,16,58
RD0017,60254,0,agriculture forestry,AF017RD.jpg,17,59
RD0018,60477,0,agriculture forestry,AF018RD.jpg,18,60
RD0019,60387,0,agriculture forestry,AF019RD.jpg,19,61
RD0020,60475,0,agriculture forestry,AF020RD.jpg,20,62
RD0021,30056,1,agriculture forestry,AF021RD.jpg,21,63
RD0022,10007,0,agriculture forestry,AF022RD.jpg,22,64
RD0023,60160,1,agriculture forestry,AF023RD.jpg,23,65
RD0024,N90117,1,agriculture forestry,AF024RD.jpg,24,66
RD0025,CS1793,0,agriculture forestry,AF025RD.jpg,25,67
RD0026,20175,0,agriculture forestry,AF026RD.jpg,26,68
RD0027,60381,0,agriculture forestry,AF027RD.jpg,27,69
RD0028,GI1002,0,agriculture forestry,AF028RD.jpg,28,70
RD0029,DB2661,0,agriculture forestry,AF029RD.jpg,29,71
RD0030,10116,0,agriculture forestry,AF030RD.jpg,30,72
RD0031,CS1966,0,agriculture forestry,AF031RD.jpg,31,73
RD0032,GI1163,0,agriculture forestry,AF032RD.jpg,32,74
RD0033,50030,0,agriculture forestry,AF033RD.jpg,33,75
RD0034,10139,0,agriculture forestry,AF034RD.jpg,34,76
RD0035,N90117,1,agriculture forestry,AF035RD.jpg,35,77
RD0036,60161,0,agriculture forestry,AF036RD.jpg,36,78
RD0037,30045,1,agriculture forestry,AF037RD.jpg,37,79
RD0038,GI17622,0,agriculture forestry,AF038RD.jpg,38,80
RD0039,50035,0,agriculture forestry,AF039RD.jpg,39,81
RD0040,CS8776,0,agriculture forestry,AF040RD.jpg,40,82
RD0041,GI20085,1,agriculture forestry,AF041RD.jpg,41,83
RD0042,DB2661,0,agriculture forestry,AF042RD.jpg,42,84
RD0043,GI13957,0,agriculture forestry,AF043RD.jpg,43,85
RD0044,10073,0,agriculture forestry,AF044RD.jpg,44,86
RD0045,DB2964,0,agriculture forestry,AF045RD.jpg,45,87
RD0046,DB2964,0,agriculture forestry,AF046RD.jpg,46,88
RD0047,CS8950,0,agriculture forestry,AF047RD.jpg,47,89
RD0048,DB2964,0,agriculture forestry,AF048RD.jpg,48,90
RD0049,30051,0,agriculture forestry,AF049RD.jpg,49,91
RD0050,60275,0,agriculture forestry,AF050RD.jpg,50,92
RD0051,50008,0,agriculture forestry,AF051RD.jpg,51,93
RD0052,N90235,0,agriculture forestry,AF052RD.jpg,52,94
RD0053,60023,0,agriculture forestry,AF053RD.jpg,53,95
RD0054,60387,0,agriculture forestry,AF054RD.jpg,54,96
RD0055,N90024,0,agriculture forestry,AF055RD.jpg,55,97
RD0056,30051,0,agriculture forestry,AF056RD.jpg,56,98
RD0057,60415,0,agriculture forestry,AF057RD.jpg,57,99
RD0058,10116,0,agriculture forestry,AF058RD.jpg,58,100
RD0059,60082,0,agriculture forestry,AF059RD.jpg,59,101
RD0060,CS414,0,agriculture forestry,AF060RD.jpg,60,102
RD0061,10098,1,agriculture forestry,AF061RD.jpg,61,103
RD0062,60390,0,agriculture forestry,AF062RD.jpg,62,104
RD0063,60161,0,agriculture forestry,AF063RD.jpg,63,105
RD0064,50037,0,agriculture forestry,AF064RD.jpg,64,106
RD0065,10069,0,agriculture forestry,AF065RD.jpg,65,107
RD0066,N90196,0,agriculture forestry,AF066RD.jpg,66,108
RD0067,10050,0,agriculture forestry,AF067RD.jpg,67,109
RD0068,60172,0,agriculture forestry,AF068RD.jpg,68,110
RD0069,30056,1,agriculture forestry,AF069RD.jpg,69,111
RD0070,60381,0,agriculture forestry,AF070RD.jpg,70,112
RD0071,60138,0,agriculture forestry,AF071RD.jpg,71,113
RD0072,60187,0,agriculture forestry,AF072RD.jpg,72,114
RD0073,60290,1,agriculture forestry,AF073RD.jpg,73,115
RD0074,DB2661,0,agriculture forestry,AF074RD.jpg,74,116
RD0075,GI10348,0,agriculture forestry,AF075RD.jpg,75,117
RD0076,CS8778,0,agriculture forestry,AF076RD.jpg,76,118
RD0077,10049,0,agriculture forestry,AF077RD.jpg,77,119
RD0078,CS8950,0,agriculture forestry,AF078RD.jpg,78,120
RD0079,20142,0,agriculture forestry,AF079RD.jpg,79,121
RD0080,GI13633,0,agriculture forestry,AF080RD.jpg,80,122
RD0081,60127,0,agriculture forestry,AF081RD.jpg,81,123
RD0082,CS20922,0,agriculture forestry,AF082RD.jpg,82,124
RD0083,30046,0,agriculture forestry,AF083RD.jpg,83,125
RD0084,60254,0,agriculture forestry,AF084RD.jpg,84,126
RD0085,60390,0,agriculture forestry,AF085RD.jpg,85,127
RD0086,10007,0,agriculture forestry,AF086RD.jpg,86,128
RD0087,60413,0,agriculture forestry,AF087RD.jpg,87,129
RD0088,50004,0,agriculture forestry,AF088RD.jpg,88,130
RD0089,60260,0,agriculture forestry,AF089RD.jpg,89,131
RD0090,10015,0,agriculture forestry,AF090RD.jpg,90,132
RD0091,50004,0,agriculture forestry,AF091RD.jpg,91,133
RD0092,GI20246,1,agriculture forestry,AF092RD.jpg,92,134
RD0093,DB3054,0,agriculture forestry,AF093RD.jpg,93,135
RD0094,60465,0,agriculture forestry,AF094RD.jpg,94,136
RD0095,GI17460,0,agriculture forestry,AF095RD.jpg,95,137
RD0096,20242,0,agriculture forestry,AF096RD.jpg,96,138
RD0097,CS1967,0,agriculture forestry,AF097RD.jpg,97,139
RD0098,GI10510,0,agriculture forestry,AF098RD.jpg,98,140
RD0099,DB2964,0,agriculture forestry,AF099RD.jpg,99,141
RD0100,N00006,1,agriculture forestry,AF100RD.jpg,100,142
RD0101,10069,0,agriculture forestry,AF101RD.jpg,101,143
RD0102,60198,1,agriculture forestry,AF102RD.jpg,102,144
RD0103,30043,0,agriculture forestry,AF103RD.jpg,103,145
RD0104,10073,0,agriculture forestry,AF104RD.jpg,104,146
RD0105,GI10492,0,agriculture forestry,AF105RD.jpg,105,147
RD0106,GI13633,0,agriculture forestry,AF106RD.jpg,106,148
RD0107,GI14551,0,agriculture forestry,AF107RD.jpg,107,149
RD0108,DB2964,0,agriculture forestry,AF108RD.jpg,108,150
RD0109,20210,0,agriculture forestry,AF109RD.jpg,109,151
RD0110,GI14537,0,agriculture forestry,AF110RD.jpg,110,152
RD0111,GI13957,0,agriculture forestry,AF111RD.jpg,111,153
RD0112,N90119,0,agriculture forestry,AF112RD.jpg,112,154
RD0113,60133,0,agriculture forestry,AF113RD.jpg,113,155
RD0114,60290,1,agriculture forestry,AF114RD.jpg,114,156
RD0115,30056,1,agriculture forestry,AF115RD.jpg,115,157
RD0116,10142,0,agriculture forestry,AF116RD.jpg,116,158
RD0117,CS11738,0,agriculture forestry,AF117RD.jpg,117,159
RD0118,GI14866,0,agriculture forestry,AF118RD.jpg,118,160
RD0119,DB2661,0,agriculture forestry,AF119RD.jpg,119,161
RD0120,60351,0,agriculture forestry,AF120RD.jpg,120,162
RD0121,N90119,0,agriculture forestry,AF121RD.jpg,121,163
RD0122,20224,0,agriculture forestry,AF122RD.jpg,122,164
RD0123,CS1792,0,agriculture forestry,AF123RD.jpg,123,165
RD0124,10073,0,agriculture forestry,AF124RD.jpg,124,166
RD0125,30014,0,agriculture forestry,AF125RD.jpg,125,167
RD0126,60026,0,agriculture forestry,AF126RD.jpg,126,168
RD0127,60161,0,agriculture forestry,AF127RD.jpg,127,169
RD0128,60054,0,agriculture forestry,AF128RD.jpg,128,170
RD0129,10050,0,agriculture forestry,AF129RD.jpg,129,171
RD0130,60160,1,agriculture forestry,AF130RD.jpg,130,172
RD0131,60379,0,agriculture forestry,AF131RD.jpg,131,173
RD0132,N90117,1,agriculture forestry,AF132RD.jpg,132,174
RD0133,60417,0,agriculture forestry,AF133RD.jpg,133,175
RD0134,GI14704,0,agriculture forestry,AF134RD.jpg,134,176
RD0135,60007,0,agriculture forestry,AF135RD.jpg,135,177
RD0136,60430,0,agriculture forestry,AF136RD.jpg,136,178
RD0137,N90209,0,agriculture forestry,AF137RD.jpg,137,179
RD0138,60127,0,agriculture forestry,AF138RD.jpg,138,180
RD0139,60417,0,agriculture forestry,AF139RD.jpg,139,181
RD0140,CS20749,0,agriculture forestry,AF140RD.jpg,140,182
RD0141,CS20749,0,agriculture forestry,AF141RD.jpg,141,183
RD0142,20129,0,agriculture forestry,AF142RD.jpg,142,184
RD0143,60350,1,agriculture forestry,AF143RD.jpg,143,185
RD0144,10020,0,agriculture forestry,AF144RD.jpg,144,186
RD0145,N90047,1,agriculture forestry,AF145RD.jpg,145,187
RD0146,N90038,0,agriculture forestry,AF146RD.jpg,146,188
RD0147,20224,0,agriculture forestry,AF147RD.jpg,147,189
RD0148,20017,0,agriculture forestry,AF148RD.jpg,148,190
RD0149,60415,0,agriculture forestry,AF149RD.jpg,149,191
RD0150,GI10492,1,agriculture forestry,AF150RD.jpg,150,192
RD0151,60063,0,agriculture forestry,AF151RD.jpg,151,193
RD0152,10063,0,agriculture forestry,AF152RD.jpg,152,194
RD0153,CS1967,0,agriculture forestry,AF153RD.jpg,153,195
RD0154,20129,0,agriculture forestry,AF154RD.jpg,154,196
RD0155,30043,0,agriculture forestry,AF155RD.jpg,155,197
RD0156,N90292,0,agriculture forestry,AF156RD.jpg,156,198
RD0157,60476,0,agriculture forestry,AF157RD.jpg,157,199
RD0158,60005,0,agriculture forestry,AF158RD.jpg,158,200
RD0159,GI14704,0,agriculture forestry,AF159RD.jpg,159,201
RD0160,20169,0,agriculture forestry,AF160RD.jpg,160,202
RD0161,60236,0,agriculture forestry,AF161RD.jpg,161,203
RD0162,CS8778,0,agriculture forestry,AF162RD.jpg,162,204
RD0163,60254,0,agriculture forestry,AF163RD.jpg,163,205
RD0164,GI14542,0,agriculture forestry,AF164RD.jpg,164,206
RD0165,GI17622,0,agriculture forestry,AF165RD.jpg,165,207
RD0166,20142,0,agriculture forestry,AF166RD.jpg,166,208
RD0167,GI10024,0,agriculture forestry,AF167RD.jpg,167,209
RD0168,LN27517,0,agriculture forestry,AF168RD.jpg,168,210
RD0169,60242,0,agriculture forestry,AF169RD.jpg,169,211
RD0170,CS8950,0,agriculture forestry,AF170RD.jpg,170,212
RD0171,GI13633,0,agriculture forestry,AF171RD.jpg,171,213
RD0172,60387,0,agriculture forestry,AF172RD.jpg,172,214
RD0173,10000,0,agriculture forestry,AF173RD.jpg,173,215
RD0174,10020,0,agriculture forestry,AF174RD.jpg,174,216
RD0175,GI17460,0,agriculture forestry,AF175RD.jpg,175,217
RD0176,N90292,0,agriculture forestry,AF176RD.jpg,176,218
RD0177,60451,1,agriculture forestry,AF177RD.jpg,177,219
RD0178,60248,0,agriculture forestry,AF178RD.jpg,178,220
RD0179,20016,0,agriculture forestry,AF179RD.jpg,179,221
RD0180,60425,0,agriculture forestry,AF180RD.jpg,180,222
RD0181,GI13794,0,agriculture forestry,AF181RD.jpg,181,223
RD0182,10073,0,agriculture forestry,AF182RD.jpg,182,224
RD0183,60172,0,agriculture forestry,AF183RD.jpg,183,225
RD0184,20237,0,agriculture forestry,AF184RD.jpg,184,226
RD0185,60351,0,agriculture forestry,AF185RD.jpg,185,227
RD0186,GI1326,0,agriculture forestry,AF186RD.jpg,186,228
RD0187,CS9123,0,agriculture forestry,AF187RD.jpg,187,229
RD0188,60007,0,agriculture forestry,AF188RD.jpg,188,230
RD0189,60205,0,agriculture forestry,AF189RD.jpg,189,231
RD0190,N90038,0,agriculture forestry,AF190RD.jpg,190,232
RD0191,N90153,0,agriculture forestry,AF191RD.jpg,191,233
RD0192,30052,0,agriculture forestry,AF192RD.jpg,192,234
RD0193,60205,0,agriculture forestry,AF193RD.jpg,193,235
RD0194,60390,0,agriculture forestry,AF194RD.jpg,194,236
RD0195,GI4055,0,agriculture forestry,AF195RD.jpg,195,237
RD0196,N90024,0,agriculture forestry,AF196RD.jpg,196,238
RD0197,60476,0,agriculture forestry,AF197RD.jpg,197,239
RD0198,N90038,0,agriculture forestry,AF198RD.jpg,198,240
RD0199,N90119,0,agriculture forestry,AF199RD.jpg,199,241
RD0200,60459,0,agriculture forestry,AF200RD.jpg,200,242
RD0201,CS8777,0,agriculture forestry,AF201RD.jpg,201,243
RD0202,20019,0,agriculture forestry,AF202RD.jpg,202,244
RD0203,20160,0,agriculture forestry,AF203RD.jpg,203,245
RD0204,10066,0,agriculture forestry,AF204RD.jpg,204,246
RD0205,CS1965,0,agriculture forestry,AF205RD.jpg,205,247
RD0206,60054,0,agriculture forestry,AF206RD.jpg,206,248
RD0207,DB2619,0,agriculture forestry,AF207RD.jpg,207,249
RD0208,N90209,0,agriculture forestry,AF208RD.jpg,208,250
RD0209,60155,0,agriculture forestry,AF209RD.jpg,209,251
RD0210,20017,0,agriculture forestry,AF210RD.jpg,210,252
RD0211,60027,0,agriculture forestry,AF211RD.jpg,211,253
RD0212,CS8776,0,agriculture forestry,AF212RD.jpg,212,254
RD0213,30014,0,agriculture forestry,AF213RD.jpg,213,255
RD0214,60005,0,agriculture forestry,AF214RD.jpg,214,256
RD0215,DB2439,1,agriculture forestry,AF215RD.jpg,215,257
RD0216,N90245,1,agriculture forestry,AF216RD.jpg,216,258
RD0217,60413,0,agriculture forestry,AF217RD.jpg,217,259
RD0218,20017,0,agriculture forestry,AF218RD.jpg,218,260
RD0219,20017,0,agriculture forestry,AF219RD.jpg,219,261
RD0220,60275,0,agriculture forestry,AF220RD.jpg,220,262
RD0221,20242,0,agriculture forestry,AF221RD.jpg,221,263
RD0222,60138,0,agriculture forestry,AF222RD.jpg,222,264
RD0223,20033,0,agriculture forestry,AF223RD.jpg,223,265
RD0224,DB2964,0,agriculture forestry,AF224RD.jpg,224,266
RD0225,60097,1,agriculture forestry,AF225RD.jpg,225,267
RD0226,60370,0,agriculture forestry,AF226RD.jpg,226,268
RD0227,N90292,0,agriculture forestry,AF227RD.jpg,227,269
RD0228,60187,0,agriculture forestry,AF228RD.jpg,228,270
RD0229,GI14866,0,agriculture forestry,AF229RD.jpg,229,271
RD0230,N90038,0,agriculture forestry,AF230RD.jpg,230,272
RD0231,DB2964,0,agriculture forestry,AF231RD.jpg,231,273
RD0232,LN25062,0,agriculture forestry,AF232RD.jpg,232,274
RD0233,60379,0,agriculture forestry,AF233RD.jpg,233,275
RD0234,60348,0,agriculture forestry,AF234RD.jpg,234,276
RD0235,20016,0,agriculture forestry,AF235RD.jpg,235,277
RD0236,DB2964,0,agriculture forestry,AF236RD.jpg,236,278
RD0237,60348,0,agriculture forestry,AF237RD.jpg,237,279
RD0238,60322,1,agriculture forestry,AF238RD.jpg,238,280
RD0239,GI1326,0,agriculture forestry,AF239RD.jpg,239,281
RD0240,N90047,0,agriculture forestry,AF240RD.jpg,240,282
RD0241,10008,0,agriculture forestry,AF241RD.jpg,241,283
RD0242,60248,0,agriculture forestry,AF242RD.jpg,242,284
RD0243,GI10330,1,agriculture forestry,AF243RD.jpg,243,285
RD0244,GI10492,0,agriculture forestry,AF244RD.jpg,244,286
RD0245,CS1448,0,agriculture forestry,AF245RD.jpg,245,287
RD0246,60425,0,agriculture forestry,AF246RD.jpg,246,288
RD0247,60005,0,agriculture forestry,AF247RD.jpg,247,289
RD0248,CS21097,0,agriculture forestry,AF248RD.jpg,248,290
RD0249,LN25062,0,agriculture forestry,AF249RD.jpg,249,291
RD0250,30051,0,agriculture forestry,AF250RD.jpg,250,292
RD0251,N90047,1,agriculture forestry,AF251RD.jpg,251,293
RD0252,CS8778,0,agriculture forestry,AF252RD.jpg,252,294
RD0253,60477,0,agriculture forestry,AF253RD.jpg,253,295
RD0254,GI13794,0,agriculture forestry,AF254RD.jpg,254,296
RD0255,50035,0,agriculture forestry,AF255RD.jpg,255,297
RD0256,60333,0,agriculture forestry,AF256RD.jpg,256,298
RD0257,CS1965,0,agriculture forestry,AF257RD.jpg,257,299
RD0258,60205,0,agriculture forestry,AF258RD.jpg,258,300
RD0259,GI14704,0,agriculture forestry,AF259RD.jpg,259,301
RD0260,N90047,0,agriculture forestry,AF260RD.jpg,260,302
RD0261,CS9124,0,agriculture forestry,AF261RD.jpg,261,303
RD0262,60294,0,agriculture forestry,AF262RD.jpg,262,304
RD0263,60005,0,agriculture forestry,AF263RD.jpg,263,305
RD0264,N90153,0,agriculture forestry,AF264RD.jpg,264,306
RD0265,DB2529,0,agriculture forestry,AF265RD.jpg,265,307
RD0266,30052,0,agriculture forestry,AF266RD.jpg,266,308
RD0267,10063,0,agriculture forestry,AF267RD.jpg,267,309
RD0268,20205,0,agriculture forestry,AF268RD.jpg,268,310
RD0269,60381,0,agriculture forestry,AF269RD.jpg,269,311
RD0270,60387,0,agriculture forestry,AF270RD.jpg,270,312
RD0271,60294,0,agriculture forestry,AF271RD.jpg,271,313
RD0272,60242,0,agriculture forestry,AF272RD.jpg,272,314
RD0273,60294,0,agriculture forestry,AF273RD.jpg,273,315
RD0274,CS9297,0,agriculture forestry,AF274RD.jpg,274,316
RD0275,60127,0,agriculture forestry,AF275RD.jpg,275,317
RD0276,DB2619,0,agriculture forestry,AF276RD.jpg,276,318
RD0277,60294,0,agriculture forestry,AF277RD.jpg,277,319
RD0278,10007,0,agriculture forestry,AF278RD.jpg,278,320
RD0279,60381,0,agriculture forestry,AF279RD.jpg,279,321
RD0280,GI20085,1,agriculture forestry,AF280RD.jpg,280,322
RD0281,50004,0,agriculture forestry,AF281RD.jpg,281,323
RD0282,60156,0,agriculture forestry,AF282RD.jpg,282,324
RD0283,N90024,0,agriculture forestry,AF283RD.jpg,283,325
RD0284,LN24888,0,agriculture forestry,AF284RD.jpg,284,326
RD0285,LN25062,0,agriculture forestry,AF285RD.jpg,285,327
RD0286,60379,0,agriculture forestry,AF286RD.jpg,286,328
RD0287,60465,1,agriculture forestry,AF287RD.jpg,287,329
RD0288,60360,0,agriculture forestry,AF288RD.jpg,288,330
RD0289,60381,0,agriculture forestry,AF289RD.jpg,289,331
RD0290,30056,1,agriculture forestry,AF290RD.jpg,290,332
RD0291,CS8778,0,agriculture forestry,AF291RD.jpg,291,333
RD0292,GI17460,0,agriculture forestry,AF292RD.jpg,292,334
RD0293,CS1965,0,agriculture forestry,AF293RD.jpg,293,335
RD0294,GI10330,1,agriculture forestry,AF294RD.jpg,294,336
RD0295,CS1965,0,agriculture forestry,AF295RD.jpg,295,337
RD0296,N90292,0,agriculture forestry,AF296RD.jpg,296,338
RD0297,60038,0,agriculture forestry,AF297RD.jpg,297,339
RD0298,CS9296,0,agriculture forestry,AF298RD.jpg,298,340
RD0299,GI10654,0,agriculture forestry,AF299RD.jpg,299,341
RD0300,CS9297,0,agriculture forestry,AF300RD.jpg,300,342
RD0301,60350,1,agriculture forestry,AF301RD.jpg,301,343
RD0302,60462,0,agriculture forestry,AF302RD.jpg,302,344
RD0303,20175,0,agriculture forestry,AF303RD.jpg,303,345
RD0304,10142,0,agriculture forestry,AF304RD.jpg,304,346
RD0305,60045,0,agriculture forestry,AF305RD.jpg,305,347
RD0306,60322,1,agriculture forestry,AF306RD.jpg,306,348
RD0307,60223,0,agriculture forestry,AF307RD.jpg,307,349
RD0308,GI10330,1,agriculture forestry,AF308RD.jpg,308,350
RD0309,GI14542,0,agriculture forestry,AF309RD.jpg,309,351
RD0310,60430,0,agriculture forestry,AF310RD.jpg,310,352
RD0311,N90148,0,agriculture forestry,AF311RD.jpg,311,353
RD0312,60461,0,agriculture forestry,AF312RD.jpg,312,354
RD0313,60210,1,agriculture forestry,AF313RD.jpg,313,355
RD0314,GI10492,1,agriculture forestry,AF314RD.jpg,314,356
RD0315,60351,0,agriculture forestry,AF315RD.jpg,315,357
RD0316,DB2619,0,agriculture forestry,AF316RD.jpg,316,358
RD0317,60049,0,agriculture forestry,AF317RD.jpg,317,359
RD0318,GI13957,0,agriculture forestry,AF318RD.jpg,318,360
RD0319,60192,0,agriculture forestry,AF319RD.jpg,319,361
RD0320,10008,0,agriculture forestry,AF320RD.jpg,320,362
RD0321,60466,0,agriculture forestry,AF321RD.jpg,321,363
RD0322,DB2619,0,agriculture forestry,AF322RD.jpg,322,364
RD0323,CS20922,0,agriculture forestry,AF323RD.jpg,323,365
RD0324,60465,1,agriculture forestry,AF324RD.jpg,324,366
RD0325,60172,0,agriculture forestry,AF325RD.jpg,325,367
RD0326,GI10168,1,agriculture forestry,AF326RD.jpg,326,368
RD0327,60465,1,agriculture forestry,AF327RD.jpg,327,369
RD0328,60466,0,agriculture forestry,AF328RD.jpg,328,370
RD0329,60205,0,agriculture forestry,AF329RD.jpg,329,371
RD0330,GI10348,0,agriculture forestry,AF330RD.jpg,330,372
RD0331,30052,0,agriculture forestry,AF331RD.jpg,331,373
RD0332,N90047,0,agriculture forestry,AF332RD.jpg,332,374
RD0333,CS1966,0,agriculture forestry,AF333RD.jpg,333,375
RD0334,CS587,0,agriculture forestry,AF334RD.jpg,334,376
RD0335,60370,0,agriculture forestry,AF335RD.jpg,335,377
RD0336,20205,0,agriculture forestry,AF336RD.jpg,336,378
RD0337,60133,0,agriculture forestry,AF337RD.jpg,337,379
RD0338,60254,0,agriculture forestry,AF338RD.jpg,338,380
RD0339,60379,0,agriculture forestry,AF339RD.jpg,339,381
RD0340,10054,0,agriculture forestry,AF340RD.jpg,340,382
RD0341,GI20085,1,agriculture forestry,AF341RD.jpg,341,383
RD0342,DB2439,1,agriculture forestry,AF342RD.jpg,342,384
RD0343,GI14866,0,agriculture forestry,AF343RD.jpg,343,385
RD0344,CS9122,0,agriculture forestry,AF344RD.jpg,344,386
RD0345,60476,0,agriculture forestry,AF345RD.jpg,345,387
RD0346,CS1794,0,agriculture forestry,AF346RD.jpg,346,388
RD0347,GI4055,0,agriculture forestry,AF347RD.jpg,347,389
RD0348,20237,0,agriculture forestry,AF348RD.jpg,348,390
RD0349,60236,0,agriculture forestry,AF349RD.jpg,349,391
RD0350,10040,0,agriculture forestry,AF350RD.jpg,350,392
RD0351,60461,0,agriculture forestry,AF351RD.jpg,351,393
RD0352,60172,0,agriculture forestry,AF352RD.jpg,352,394
RD0353,60292,0,agriculture forestry,AF353RD.jpg,353,395
RD0354,N90235,0,agriculture forestry,AF354RD.jpg,354,396
RD0355,50037,0,agriculture forestry,AF355RD.jpg,355,397
RD0356,60294,0,agriculture forestry,AF356RD.jpg,356,398
RD0357,10007,0,agriculture forestry,AF357RD.jpg,357,399
RD0358,60379,0,agriculture forestry,AF358RD.jpg,358,400
RD0359,30043,0,agriculture forestry,AF359RD.jpg,359,401
RD0360,60437,0,agriculture forestry,AF360RD.jpg,360,402
RD0361,GI10330,0,agriculture forestry,AF361RD.jpg,361,403
RD0362,20169,0,agriculture forestry,AF362RD.jpg,362,404
RD0363,CS1965,0,agriculture forestry,AF363RD.jpg,363,405
RD0364,N90292,0,agriculture forestry,AF364RD.jpg,364,406
RD0365,10050,0,agriculture forestry,AF365RD.jpg,365,407
RD0366,N90047,0,agriculture forestry,AF366RD.jpg,366,408
RD0367,60236,0,agriculture forestry,AF367RD.jpg,367,409
RD0368,60465,1,agriculture forestry,AF368RD.jpg,368,410
RD0369,30043,0,agriculture forestry,AF369RD.jpg,369,411
RD0370,GI13957,0,agriculture forestry,AF370RD.jpg,370,412
RD0371,60387,0,agriculture forestry,AF371RD.jpg,371,413
RD0372,60466,0,agriculture forestry,AF372RD.jpg,372,414
RD0373,60477,0,agriculture forestry,AF373RD.jpg,373,415
RD0374,50004,0,agriculture forestry,AF374RD.jpg,374,416
RD0375,60343,0,agriculture forestry,AF375RD.jpg,375,417
RD0376,CS1966,0,agriculture forestry,AF376RD.jpg,376,418
RD0377,60477,0,agriculture forestry,AF377RD.jpg,377,419
RD0378,60322,1,agriculture forestry,AF378RD.jpg,378,420
RD0379,60097,1,agriculture forestry,AF379RD.jpg,379,421
RD0380,60294,0,agriculture forestry,AF380RD.jpg,380,422
RD0381,GI10492,0,agriculture forestry,AF381RD.jpg,381,423
RD0382,CS20922,0,agriculture forestry,AF382RD.jpg,382,424
RD0383,CS241,0,agriculture forestry,AF383RD.jpg,383,425
RD0384,60254,0,agriculture forestry,AF384RD.jpg,384,426
RD0385,60138,0,agriculture forestry,AF385RD.jpg,385,427
RD0386,LN27517,0,agriculture forestry,AF386RD.jpg,386,428
RD0387,60292,0,agriculture forestry,AF387RD.jpg,387,429
RD0388,GI14866,0,agriculture forestry,AF388RD.jpg,388,430
RD0389,60236,0,agriculture forestry,AF389RD.jpg,389,431
RD0390,60478,0,agriculture forestry,AF390RD.jpg,390,432
RD0391,60192,0,agriculture forestry,AF391RD.jpg,391,433
RD0392,60465,0,agriculture forestry,AF392RD.jpg,392,434
RD0393,60370,0,agriculture forestry,AF393RD.jpg,393,435
RD0394,60279,0,agriculture forestry,AF394RD.jpg,394,436
RD0395,60133,0,agriculture forestry,AF395RD.jpg,395,437
RD0396,GI10168,0,agriculture forestry,AF396RD.jpg,396,438
RD0397,50004,0,agriculture forestry,AF397RD.jpg,397,439
RD0398,CS20749,0,agriculture forestry,AF398RD.jpg,398,440
RD0399,GI13957,0,agriculture forestry,AF399RD.jpg,399,441
RD0400,DB2784,0,agriculture forestry,AF400RD.jpg,400,442
RD0401,CS760,0,agriculture forestry,AF401RD.jpg,401,443
RD0402,N00006,1,agriculture forestry,AF402RD.jpg,402,444
RD0403,CS1966,0,agriculture forestry,AF403RD.jpg,403,445
RD0404,60038,0,agriculture forestry,AF404RD.jpg,404,446
RD0405,20129,0,agriculture forestry,AF405RD.jpg,405,447
RD0406,60451,1,agriculture forestry,AF406RD.jpg,406,448
RD0407,10116,0,agriculture forestry,AF407RD.jpg,407,449
RD0408,30043,0,agriculture forestry,AF408RD.jpg,408,450
RD0409,60466,0,agriculture forestry,AF409RD.jpg,409,451
RD0410,60370,0,agriculture forestry,AF410RD.jpg,410,452
RD0411,60417,0,agriculture forestry,AF411RD.jpg,411,453
RD0412,60415,0,agriculture forestry,AF412RD.jpg,412,454
RD0413,GI10168,1,agriculture forestry,AF413RD.jpg,413,455
RD0414,60462,0,agriculture forestry,AF414RD.jpg,414,456
RD0415,60370,0,agriculture forestry,AF415RD.jpg,415,457
RD0416,20129,0,agriculture forestry,AF416RD.jpg,416,458
RD0417,CS8951,0,agriculture forestry,AF417RD.jpg,417,459
RD0418,GI1163,0,agriculture forestry,AF418RD.jpg,418,460
RD0419,DB2619,0,agriculture forestry,AF419RD.jpg,419,461
RD0420,60322,0,agriculture forestry,AF420RD.jpg,420,462
RD0421,GI14542,0,agriculture forestry,AF421RD.jpg,421,463
RD0422,60338,0,agriculture forestry,AF422RD.jpg,422,464
RD0423,10139,0,agriculture forestry,AF423RD.jpg,423,465
RD0424,N90119,1,agriculture forestry,AF424RD.jpg,424,466
RD0425,CS1793,0,agriculture forestry,AF425RD.jpg,425,467
RD0426,20175,0,agriculture forestry,AF426RD.jpg,426,468
RD0427,N90036,0,agriculture forestry,AF427RD.jpg,427,469
RD0428,60275,1,agriculture forestry,AF428RD.jpg,428,470
RD0429,30051,0,agriculture forestry,AF429RD.jpg,429,471
RD0430,CS9295,0,agriculture forestry,AF430RD.jpg,430,472
RD0431,10049,0,agriculture forestry,AF431RD.jpg,431,473
RD0432,20016,0,agriculture forestry,AF432RD.jpg,432,474
RD0433,20016,0,agriculture forestry,AF433RD.jpg,433,475
RD0434,LN27343,0,agriculture forestry,AF434RD.jpg,434,476
RD0435,10116,0,agriculture forestry,AF435RD.jpg,435,477
RD0436,20033,0,agriculture forestry,AF436RD.jpg,436,478
RD0437,60210,1,agriculture forestry,AF437RD.jpg,437,479
RD0438,20017,0,agriculture forestry,AF438RD.jpg,438,480
RD0439,60290,1,agriculture forestry,AF439RD.jpg,439,481
RD0440,GI1002,0,agriculture forestry,AF440RD.jpg,440,482
RD0441,LN25062,0,agriculture forestry,AF441RD.jpg,441,483
RD0442,GI10330,0,agriculture forestry,AF442RD.jpg,442,484
RD0443,60004,0,agriculture forestry,AF443RD.jpg,443,485
RD0444,30043,0,agriculture forestry,AF444RD.jpg,444,486
RD0445,60465,1,agriculture forestry,AF445RD.jpg,445,487
RD0446,10015,0,agriculture forestry,AF446RD.jpg,446,488
RD0447,20142,0,agriculture forestry,AF447RD.jpg,447,489
RD0448,GI1002,0,agriculture forestry,AF448RD.jpg,448,490
RD0449,30045,1,agriculture forestry,AF449RD.jpg,449,491
RD0450,10092,0,agriculture forestry,AF450RD.jpg,450,492
RD0451,CS8778,0,agriculture forestry,AF451RD.jpg,451,493
RD0452,GI20085,1,agriculture forestry,AF452RD.jpg,452,494
RD0453,CS1793,0,agriculture forestry,AF453RD.jpg,453,495
RD0454,GI20246,1,agriculture forestry,AF454RD.jpg,454,496
RD0455,30028,0,agriculture forestry,AF455RD.jpg,455,497
RD0456,60332,0,agriculture forestry,AF456RD.jpg,456,498
RD0457,10023,0,agriculture forestry,AF457RD.jpg,457,499
RD0458,60236,0,agriculture forestry,AF458RD.jpg,458,500
RD0459,60351,0,agriculture forestry,AF459RD.jpg,459,501
RD0460,N90047,0,agriculture forestry,AF460RD.jpg,460,502
RD0461,20169,0,agriculture forestry,AF461RD.jpg,461,503
RD0462,10142,0,agriculture forestry,AF462RD.jpg,462,504
RD0463,60192,0,agriculture forestry,AF463RD.jpg,463,505
RD0464,N90153,0,agriculture forestry,AF464RD.jpg,464,506
RD0465,30028,0,agriculture forestry,AF465RD.jpg,465,507
RD0466,CS9294,0,agriculture forestry,AF466RD.jpg,466,508
RD0467,60198,1,agriculture forestry,AF467RD.jpg,467,509
RD0468,60236,0,agriculture forestry,AF468RD.jpg,468,510
RD0469,DB2661,0,agriculture forestry,AF469RD.jpg,469,511
RD0470,LN25062,0,agriculture forestry,AF470RD.jpg,470,512
RD0471,60322,1,agriculture forestry,AF471RD.jpg,471,513
RD0472,DB3054,0,agriculture forestry,AF472RD.jpg,472,514
RD0473,GI14537,0,agriculture forestry,AF473RD.jpg,473,515
RD0474,CS1965,0,agriculture forestry,AF474RD.jpg,474,516
RD0475,GI14551,0,agriculture forestry,AF475RD.jpg,475,517
RD0476,CS1966,0,agriculture forestry,AF476RD.jpg,476,518
RD0477,60032,0,agriculture forestry,AF477RD.jpg,477,519
RD0478,60370,0,agriculture forestry,AF478RD.jpg,478,520
RD0479,10098,1,agriculture forestry,AF479RD.jpg,479,521
RD0480,10144,0,agriculture forestry,AF480RD.jpg,480,522
RD0481,N90047,1,agriculture forestry,AF481RD.jpg,481,523
RD0482,GI839,0,agriculture forestry,AF482RD.jpg,482,524
RD0483,50004,0,agriculture forestry,AF483RD.jpg,483,525
RD0484,50030,0,agriculture forestry,AF484RD.jpg,484,526
RD0485,60032,0,agriculture forestry,AF485RD.jpg,485,527
RD0486,60254,0,agriculture forestry,AF486RD.jpg,486,528
RD0487,CS8949,0,agriculture forestry,AF487RD.jpg,487,529
RD0488,10142,0,agriculture forestry,AF488RD.jpg,488,530
RD0489,60321,1,agriculture forestry,AF489RD.jpg,489,531
RD0490,20128,0,agriculture forestry,AF490RD.jpg,490,532
RD0491,CS8950,0,agriculture forestry,AF491RD.jpg,491,533
RD0492,60155,0,agriculture forestry,AF492RD.jpg,492,534
RD0493,60476,0,agriculture forestry,AF493RD.jpg,493,535
RD0494,GI10168,0,agriculture forestry,AF494RD.jpg,494,536
RD0495,60363,0,agriculture forestry,AF495RD.jpg,495,537
RD0496,CS1448,0,agriculture forestry,AF496RD.jpg,496,538
RD0497,N90047,1,agriculture forestry,AF497RD.jpg,497,539
RD0498,60381,0,agriculture forestry,AF498RD.jpg,498,540
RD0499,GI17460,0,agriculture forestry,AF499RD.jpg,499,541
RD0500,10092,0,agriculture forestry,AF500RD.jpg,500,542
RD0501,60254,0,agriculture forestry,AF501RD.jpg,501,543
RD0502,CS1966,0,agriculture forestry,AF502RD.jpg,502,544
RD0503,60425,0,agriculture forestry,AF503RD.jpg,503,545
RD0504,20240,0,agriculture forestry,AF504RD.jpg,504,546
RD0505,N90258,1,agriculture forestry,AF505RD.jpg,505,547
RD0506,CS8951,0,agriculture forestry,AF506RD.jpg,506,548
RD0507,20205,0,agriculture forestry,AF507RD.jpg,507,549
RD0508,GI20246,1,agriculture forestry,AF508RD.jpg,508,550
RD0509,CS8776,0,agriculture forestry,AF509RD.jpg,509,551
RD0510,N90292,0,agriculture forestry,AF510RD.jpg,510,552
RD0511,10145,0,agriculture forestry,AF511RD.jpg,511,553
RD0512,60236,0,agriculture forestry,AF512RD.jpg,512,554
RD0513,30046,0,agriculture forestry,AF513RD.jpg,513,555
RD0514,60478,0,agriculture forestry,AF514RD.jpg,514,556
RD0515,60477,0,agriculture forestry,AF515RD.jpg,515,557
RD0516,10066,0,agriculture forestry,AF516RD.jpg,516,558
RD0517,50037,0,agriculture forestry,AF517RD.jpg,517,559
RD0518,60415,0,agriculture forestry,AF518RD.jpg,518,560
RD0519,50017,0,agriculture forestry,AF519RD.jpg,519,561
RD0520,20160,0,agriculture forestry,AF520RD.jpg,520,562
RD0521,CS8948,0,agriculture forestry,AF521RD.jpg,521,563
RD0522,10108,0,agriculture forestry,AF522RD.jpg,522,564
RD0523,60026,0,agriculture forestry,AF523RD.jpg,523,565
RD0524,10049,0,agriculture forestry,AF524RD.jpg,524,566
RD0525,N90119,1,agriculture forestry,AF525RD.jpg,525,567
RD0526,60461,0,agriculture forestry,AF526RD.jpg,526,568
RD0527,60451,1,agriculture forestry,AF527RD.jpg,527,569
RD0528,GI1163,0,agriculture forestry,AF528RD.jpg,528,570
RD0529,60322,0,agriculture forestry,AF529RD.jpg,529,571
RD0530,GI14551,0,agriculture forestry,AF530RD.jpg,530,572
RD0531,60459,0,agriculture forestry,AF531RD.jpg,531,573
RD0532,60187,0,agriculture forestry,AF532RD.jpg,532,574
RD0533,60223,0,agriculture forestry,AF533RD.jpg,533,575
RD0534,60027,0,agriculture forestry,AF534RD.jpg,534,576
RD0535,20128,0,agriculture forestry,AF535RD.jpg,535,577
RD0536,GI14551,0,agriculture forestry,AF536RD.jpg,536,578
RD0537,DB3054,0,agriculture forestry,AF537RD.jpg,537,579
RD0538,60155,0,agriculture forestry,AF538RD.jpg,538,580
RD0539,30051,0,agriculture forestry,AF539RD.jpg,539,581
RD0540,60478,0,agriculture forestry,AF540RD.jpg,540,582
RD0541,DB2529,0,agriculture forestry,AF541RD.jpg,541,583
RD0542,60007,0,agriculture forestry,AF542RD.jpg,542,584
RD0543,DB2964,0,agriculture forestry,AF543RD.jpg,543,585
RD0544,60354,0,agriculture forestry,AF544RD.jpg,544,586
RD0545,60475,0,agriculture forestry,AF545RD.jpg,545,587
RD0546,50030,0,agriculture forestry,AF546RD.jpg,546,588
RD0547,50030,0,agriculture forestry,AF547RD.jpg,547,589
RD0548,60155,0,agriculture forestry,AF548RD.jpg,548,590
RD0549,30045,1,agriculture forestry,AF549RD.jpg,549,591
RD0550,CS9124,0,agriculture forestry,AF550RD.jpg,550,592
RD0551,CS8776,0,agriculture forestry,AF551RD.jpg,551,593
RD0552,60049,0,agriculture forestry,AF552RD.jpg,552,594
RD0553,10073,0,agriculture forestry,AF553RD.jpg,553,595
RD0554,50004,0,agriculture forestry,AF554RD.jpg,554,596
RD0555,N90067,0,agriculture forestry,AF555RD.jpg,555,597
RD0556,DB2661,0,agriculture forestry,AF556RD.jpg,556,598
RD0557,60242,0,agriculture forestry,AF557RD.jpg,557,599
RD0558,LN25062,0,agriculture forestry,AF558RD.jpg,558,600
RD0559,10049,0,agriculture forestry,AF559RD.jpg,559,601
RD0560,30056,1,agriculture forestry,AF560RD.jpg,560,602
RD0561,50037,0,agriculture forestry,AF561RD.jpg,561,603
RD0562,N90117,1,agriculture forestry,AF562RD.jpg,562,604
RD0563,60275,0,agriculture forestry,AF563RD.jpg,563,605
RD0564,10020,0,agriculture forestry,AF564RD.jpg,564,606
RD0565,60248,0,agriculture forestry,AF565RD.jpg,565,607
RD0566,GI10186,0,agriculture forestry,AF566RD.jpg,566,608
RD0567,10023,0,agriculture forestry,AF567RD.jpg,567,609
RD0568,60275,1,agriculture forestry,AF568RD.jpg,568,610
RD0569,LN24888,0,agriculture forestry,AF569RD.jpg,569,611
RD0570,60322,1,agriculture forestry,AF570RD.jpg,570,612
RD0571,60193,0,agriculture forestry,AF571RD.jpg,571,613
RD0572,30041,0,agriculture forestry,AF572RD.jpg,572,614
RD0573,60236,0,agriculture forestry,AF573RD.jpg,573,615
RD0574,50008,0,agriculture forestry,AF574RD.jpg,574,616
RD0575,CS587,0,agriculture forestry,AF575RD.jpg,575,617
RD0576,30052,0,agriculture forestry,AF576RD.jpg,576,618
RD0577,60461,0,agriculture forestry,AF577RD.jpg,577,619
RD0578,10066,0,agriculture forestry,AF578RD.jpg,578,620
RD0579,60321,1,agriculture forestry,AF579RD.jpg,579,621
RD0580,60351,0,agriculture forestry,AF580RD.jpg,580,622
RD0581,60260,0,agriculture forestry,AF581RD.jpg,581,623
RD0582,CS1793,0,agriculture forestry,AF582RD.jpg,582,624
RD0583,60465,1,agriculture forestry,AF583RD.jpg,583,625
RD0584,60462,0,agriculture forestry,AF584RD.jpg,584,626
RD0585,60343,0,agriculture forestry,AF585RD.jpg,585,627
RD0586,60007,0,agriculture forestry,AF586RD.jpg,586,628
RD0587,10103,0,agriculture forestry,AF587RD.jpg,587,629
RD0588,60187,0,agriculture forestry,AF588RD.jpg,588,630
RD0589,50030,0,agriculture forestry,AF589RD.jpg,589,631
RD0590,CS9296,0,agriculture forestry,AF590RD.jpg,590,632
RD0591,60172,0,agriculture forestry,AF591RD.jpg,591,633
RD0592,N90024,0,agriculture forestry,AF592RD.jpg,592,634
RD0593,GI17460,0,agriculture forestry,AF593RD.jpg,593,635
RD0594,60332,0,agriculture forestry,AF594RD.jpg,594,636
RD0595,60005,0,agriculture forestry,AF595RD.jpg,595,637
RD0596,10140,0,agriculture forestry,AF596RD.jpg,596,638
RD0597,60363,0,agriculture forestry,AF597RD.jpg,597,639
RD0598,60425,0,agriculture forestry,AF598RD.jpg,598,640
RD0599,60437,0,agriculture forestry,AF599RD.jpg,599,641
RD0600,N90245,1,agriculture forestry,AF600RD.jpg,600,642
RD0601,60379,0,agriculture forestry,AF601RD.jpg,601,643
RD0602,50030,0,agriculture forestry,AF602RD.jpg,602,644
RD0603,60349,0,agriculture forestry,AF603RD.jpg,603,645
RD0604,10000,0,agriculture forestry,AF604RD.jpg,604,646
RD0605,N90124,0,agriculture forestry,AF605RD.jpg,605,647
RD0606,20133,0,agriculture forestry,AF606RD.jpg,606,648
RD0607,60205,0,agriculture forestry,AF607RD.jpg,607,649
RD0608,60360,0,agriculture forestry,AF608RD.jpg,608,650
RD0609,60333,0,agriculture forestry,AF609RD.jpg,609,651
RD0610,30043,0,agriculture forestry,AF610RD.jpg,610,652
RD0611,60161,0,agriculture forestry,AF611RD.jpg,611,653
RD0612,N90039,1,agriculture forestry,AF612RD.jpg,612,654
RD0613,N90119,0,agriculture forestry,AF613RD.jpg,613,655
RD0614,60332,0,agriculture forestry,AF614RD.jpg,614,656
RD0615,60379,0,agriculture forestry,AF615RD.jpg,615,657
RD0616,10088,0,agriculture forestry,AF616RD.jpg,616,658
RD0617,DB2784,0,agriculture forestry,AF617RD.jpg,617,659
RD0618,N90038,0,agriculture forestry,AF618RD.jpg,618,660
RD0619,GI1002,0,agriculture forestry,AF619RD.jpg,619,661
RD0620,DB3054,0,agriculture forestry,AF620RD.jpg,620,662
RD0621,60045,0,agriculture forestry,AF621RD.jpg,621,663
RD0622,10139,0,agriculture forestry,AF622RD.jpg,622,664
RD0623,60192,0,agriculture forestry,AF623RD.jpg,623,665
RD0624,N90292,0,agriculture forestry,AF624RD.jpg,624,666
RD0625,GI10168,1,agriculture forestry,AF625RD.jpg,625,667
RD0626,60107,0,agriculture forestry,AF626RD.jpg,626,668
RD0627,CS11738,0,agriculture forestry,AF627RD.jpg,627,669
RD0628,60461,0,agriculture forestry,AF628RD.jpg,628,670
RD0629,CS9123,0,agriculture forestry,AF629RD.jpg,629,671
RD0630,N90024,0,agriculture forestry,AF630RD.jpg,630,672
RD0631,60155,0,agriculture forestry,AF631RD.jpg,631,673
RD0632,DB2439,1,agriculture forestry,AF632RD.jpg,632,674
RD0633,20019,0,agriculture forestry,AF633RD.jpg,633,675
RD0634,GI13633,0,agriculture forestry,AF634RD.jpg,634,676
RD0635,GI20085,1,agriculture forestry,AF635RD.jpg,635,677
RD0636,60045,0,agriculture forestry,AF636RD.jpg,636,678
RD0637,30041,0,agriculture forestry,AF637RD.jpg,637,679
RD0638,N90153,0,agriculture forestry,AF638RD.jpg,638,680
RD0639,60193,0,agriculture forestry,AF639RD.jpg,639,681
RD0640,N90119,1,agriculture forestry,AF640RD.jpg,640,682
RD0641,DB2964,0,agriculture forestry,AF641RD.jpg,641,683
RD0642,N90235,0,agriculture forestry,AF642RD.jpg,642,684
RD0643,GI10330,0,agriculture forestry,AF643RD.jpg,643,685
RD0644,GI1163,0,agriculture forestry,AF644RD.jpg,644,686
RD0645,60461,0,agriculture forestry,AF645RD.jpg,645,687
RD0646,GI17460,0,agriculture forestry,AF646RD.jpg,646,688
RD0647,GI17460,0,agriculture forestry,AF647RD.jpg,647,689
RD0648,CS8951,0,agriculture forestry,AF648RD.jpg,648,690
RD0649,60142,0,agriculture forestry,AF649RD.jpg,649,691
RD0650,20205,0,agriculture forestry,AF650RD.jpg,650,692
RD0651,60240,0,agriculture forestry,AF651RD.jpg,651,693
RD0652,20129,0,agriculture forestry,AF652RD.jpg,652,694
RD0653,GI4055,0,agriculture forestry,AF653RD.jpg,653,695
RD0654,60242,0,agriculture forestry,AF654RD.jpg,654,696
RD0655,10140,0,agriculture forestry,AF655RD.jpg,655,697
RD0656,10052,0,agriculture forestry,AF656RD.jpg,656,698
RD0657,N90258,1,agriculture forestry,AF657RD.jpg,657,699
RD0658,60045,0,agriculture forestry,AF658RD.jpg,658,700
RD0659,60240,0,agriculture forestry,AF659RD.jpg,659,701
RD0660,20133,0,agriculture forestry,AF660RD.jpg,660,702
RD0661,CS9124,0,agriculture forestry,AF661RD.jpg,661,703
RD0662,GI839,0,agriculture forestry,AF662RD.jpg,662,704
RD0663,60429,0,agriculture forestry,AF663RD.jpg,663,705
RD0664,60465,1,agriculture forestry,AF664RD.jpg,664,706
RD0665,DB2529,0,agriculture forestry,AF665RD.jpg,665,707
RD0666,60205,0,agriculture forestry,AF666RD.jpg,666,708
RD0667,10000,0,agriculture forestry,AF667RD.jpg,667,709
RD0668,60045,0,agriculture forestry,AF668RD.jpg,668,710
RD0669,N90119,0,agriculture forestry,AF669RD.jpg,669,711
RD0670,10015,0,agriculture forestry,AF670RD.jpg,670,712
RD0671,10088,0,agriculture forestry,AF671RD.jpg,671,713
RD0672,10142,0,agriculture forestry,AF672RD.jpg,672,714
RD0673,60126,0,agriculture forestry,AF673RD.jpg,673,715
RD0674,N90292,0,agriculture forestry,AF674RD.jpg,674,716
RD0675,10007,0,agriculture forestry,AF675RD.jpg,675,717
RD0676,N90153,0,agriculture forestry,AF676RD.jpg,676,718
RD0677,GI20085,1,agriculture forestry,AF677RD.jpg,677,719
RD0678,60370,0,agriculture forestry,AF678RD.jpg,678,720
RD0679,CS1965,0,agriculture forestry,AF679RD.jpg,679,721
RD0680,GI17622,0,agriculture forestry,AF680RD.jpg,680,722
RD0681,60138,0,agriculture forestry,AF681RD.jpg,681,723
RD0682,60477,0,agriculture forestry,AF682RD.jpg,682,724
RD0683,60437,0,agriculture forestry,AF683RD.jpg,683,725
RD0684,CS9122,0,agriculture forestry,AF684RD.jpg,684,726
RD0685,CS20749,0,agriculture forestry,AF685RD.jpg,685,727
RD0686,60351,0,agriculture forestry,AF686RD.jpg,686,728
RD0687,20129,0,agriculture forestry,AF687RD.jpg,687,729
RD0688,CS1966,0,agriculture forestry,AF688RD.jpg,688,730
RD0689,DB2784,0,agriculture forestry,AF689RD.jpg,689,731
RD0690,CS9123,0,agriculture forestry,AF690RD.jpg,690,732
RD0691,CS8777,0,agriculture forestry,AF691RD.jpg,691,733
RD0692,60242,0,agriculture forestry,AF692RD.jpg,692,734
RD0693,10063,0,agriculture forestry,AF693RD.jpg,693,735
RD0694,60032,0,agriculture forestry,AF694RD.jpg,694,736
RD0695,60026,0,agriculture forestry,AF695RD.jpg,695,737
RD0696,CS1966,0,agriculture forestry,AF696RD.jpg,696,738
RD0697,CS587,0,agriculture forestry,AF697RD.jpg,697,739
RD0698,60089,0,agriculture forestry,AF698RD.jpg,698,740
RD0699,20240,0,agriculture forestry,AF699RD.jpg,699,741
RD0700,20242,0,agriculture forestry,AF700RD.jpg,700,742
RD0701,20019,0,agriculture forestry,AF701RD.jpg,701,743
RD0702,60443,0,agriculture forestry,AF702RD.jpg,702,744
RD0703,10063,0,agriculture forestry,AF703RD.jpg,703,745
RD0704,60198,1,agriculture forestry,AF704RD.jpg,704,746
RD0705,30028,0,agriculture forestry,AF705RD.jpg,705,747
RD0706,60381,0,agriculture forestry,AF706RD.jpg,706,748
RD0707,N90209,0,agriculture forestry,AF707RD.jpg,707,749
RD0708,N90196,0,agriculture forestry,AF708RD.jpg,708,750
RD0709,20142,0,agriculture forestry,AF709RD.jpg,709,751
RD0710,GI14551,0,agriculture forestry,AF710RD.jpg,710,752
RD0711,60127,0,agriculture forestry,AF711RD.jpg,711,753
RD0712,60172,0,agriculture forestry,AF712RD.jpg,712,754
RD0713,10049,0,agriculture forestry,AF713RD.jpg,713,755
RD0714,60192,0,agriculture forestry,AF714RD.jpg,714,756
RD0715,CS11738,0,agriculture forestry,AF715RD.jpg,715,757
RD0716,GI10510,0,agriculture forestry,AF716RD.jpg,716,758
RD0717,60172,0,agriculture forestry,AF717RD.jpg,717,759
RD0718,CS1967,0,agriculture forestry,AF718RD.jpg,718,760
RD0719,60322,0,agriculture forestry,AF719RD.jpg,719,761
RD0720,60258,0,agriculture forestry,AF720RD.jpg,720,762
RD0721,60415,0,agriculture forestry,AF721RD.jpg,721,763
RD0722,GI10186,0,agriculture forestry,AF722RD.jpg,722,764
RD0723,50030,0,agriculture forestry,AF723RD.jpg,723,765
RD0724,N90245,1,agriculture forestry,AF724RD.jpg,724,766
RD0725,60321,1,agriculture forestry,AF725RD.jpg,725,767
RD0726,N90119,0,agriculture forestry,AF726RD.jpg,726,768
RD0727,60097,1,agriculture forestry,AF727RD.jpg,727,769
RD0728,CS1792,0,agriculture forestry,AF728RD.jpg,728,770
RD0729,60343,0,agriculture forestry,AF729RD.jpg,729,771
RD0730,CS20922,0,agriculture forestry,AF730RD.jpg,730,772
RD0731,GI14866,0,agriculture forestry,AF731RD.jpg,731,773
RD0732,10116,0,agriculture forestry,AF732RD.jpg,732,774
RD0733,CS20922,0,agriculture forestry,AF733RD.jpg,733,775
RD0734,60429,0,agriculture forestry,AF734RD.jpg,734,776
RD0735,60242,0,agriculture forestry,AF735RD.jpg,735,777
RD0736,GI10492,1,agriculture forestry,AF736RD.jpg,736,778
RD0737,60477,0,agriculture forestry,AF737RD.jpg,737,779
RD0738,GI1002,0,agriculture forestry,AF738RD.jpg,738,780
RD0739,LN27517,0,agriculture forestry,AF739RD.jpg,739,781
RD0740,CS9121,0,agriculture forestry,AF740RD.jpg,740,782
RD0741,60236,0,agriculture forestry,AF741RD.jpg,741,783
RD0742,N90148,0,agriculture forestry,AF742RD.jpg,742,784
RD0743,20160,0,agriculture forestry,AF743RD.jpg,743,785
RD0744,GI14209,0,agriculture forestry,AF744RD.jpg,744,786
RD0745,N90153,0,agriculture forestry,AF745RD.jpg,745,787
RD0746,N90038,0,agriculture forestry,AF746RD.jpg,746,788
RD0747,60205,0,agriculture forestry,AF747RD.jpg,747,789
RD0748,60477,0,agriculture forestry,AF748RD.jpg,748,790
RD0749,60476,0,agriculture forestry,AF749RD.jpg,749,791
RD0750,DB2964,0,agriculture forestry,AF750RD.jpg,750,792
RD0751,LN24888,0,agriculture forestry,AF751RD.jpg,751,793
RD0752,20169,0,agriculture forestry,AF752RD.jpg,752,794
RD0753,10063,0,agriculture forestry,AF753RD.jpg,753,795
RD0754,60294,0,agriculture forestry,AF754RD.jpg,754,796
RD0755,CS9296,0,agriculture forestry,AF755RD.jpg,755,797
RD0756,10066,0,agriculture forestry,AF756RD.jpg,756,798
RD0757,10140,0,agriculture forestry,AF757RD.jpg,757,799
RD0758,GI14866,0,agriculture forestry,AF758RD.jpg,758,800
RD0759,60236,0,agriculture forestry,AF759RD.jpg,759,801
RD0760,60258,0,agriculture forestry,AF760RD.jpg,760,802
RD0761,20033,0,agriculture forestry,AF761RD.jpg,761,803
RD0762,10092,0,agriculture forestry,AF762RD.jpg,762,804
RD0763,60294,0,agriculture forestry,AF763RD.jpg,763,805
RD0764,60005,0,agriculture forestry,AF764RD.jpg,764,806
RD0765,60138,0,agriculture forestry,AF765RD.jpg,765,807
RD0766,60292,0,agriculture forestry,AF766RD.jpg,766,808
RD0767,GI14866,0,agriculture forestry,AF767RD.jpg,767,809
RD0768,60155,0,agriculture forestry,AF768RD.jpg,768,810
RD0769,60443,0,agriculture forestry,AF769RD.jpg,769,811
RD0770,DB2619,0,agriculture forestry,AF770RD.jpg,770,812
RD0771,10103,0,agriculture forestry,AF771RD.jpg,771,813
RD0772,CS9121,0,agriculture forestry,AF772RD.jpg,772,814
RD0773,60240,0,agriculture forestry,AF773RD.jpg,773,815
RD0774,60437,0,agriculture forestry,AF774RD.jpg,774,816
RD0775,DB2784,0,agriculture forestry,AF775RD.jpg,775,817
RD0776,N90047,0,agriculture forestry,AF776RD.jpg,776,818
RD0777,60465,1,agriculture forestry,AF777RD.jpg,777,819
RD0778,60107,0,agriculture forestry,AF778RD.jpg,778,820
RD0779,10050,0,agriculture forestry,AF779RD.jpg,779,821
RD0780,GI10348,0,agriculture forestry,AF780RD.jpg,780,822
RD0781,20017,0,agriculture forestry,AF781RD.jpg,781,823
RD0782,GI13633,0,agriculture forestry,AF782RD.jpg,782,824
RD0783,GI839,0,agriculture forestry,AF783RD.jpg,783,825
RD0784,60370,0,agriculture forestry,AF784RD.jpg,784,826
RD0785,30052,0,agriculture forestry,AF785RD.jpg,785,827
RD0786,60135,0,agriculture forestry,AF786RD.jpg,786,828
RD0787,60290,1,agriculture forestry,AF787RD.jpg,787,829
RD0788,60461,0,agriculture forestry,AF788RD.jpg,788,830
RD0789,60332,0,agriculture forestry,AF789RD.jpg,789,831
RD0790,60045,0,agriculture forestry,AF790RD.jpg,790,832
RD0791,60236,0,agriculture forestry,AF791RD.jpg,791,833
RD0792,60437,0,agriculture forestry,AF792RD.jpg,792,834
RD0793,10144,0,agriculture forestry,AF793RD.jpg,793,835
RD0794,CS9124,0,agriculture forestry,AF794RD.jpg,794,836
RD0795,60350,1,agriculture forestry,AF795RD.jpg,795,837
RD0796,GI14537,0,agriculture forestry,AF796RD.jpg,796,838
RD0797,N00006,1,agriculture forestry,AF797RD.jpg,797,839
RD0798,30056,1,agriculture forestry,AF798RD.jpg,798,840
RD0799,60476,0,agriculture forestry,AF799RD.jpg,799,841
RD0800,60461,0,agriculture forestry,AF800RD.jpg,800,842
RD0801,50017,0,agriculture forestry,AF801RD.jpg,801,843
RD0802,20205,0,agriculture forestry,AF802RD.jpg,802,844
RD0803,60275,1,agriculture forestry,AF803RD.jpg,803,845
RD0804,CS9294,0,agriculture forestry,AF804RD.jpg,804,846
RD0805,20237,0,agriculture forestry,AF805RD.jpg,805,847
RD0806,DB2529,0,agriculture forestry,AF806RD.jpg,806,848
RD0807,CS414,0,agriculture forestry,AF807RD.jpg,807,849
RD0808,60451,1,agriculture forestry,AF808RD.jpg,808,850
RD0809,GI839,0,agriculture forestry,AF809RD.jpg,809,851
RD0810,60349,0,agriculture forestry,AF810RD.jpg,810,852
RD0811,60392,0,agriculture forestry,AF811RD.jpg,811,853
RD0812,CS20749,0,agriculture forestry,AF812RD.jpg,812,854
RD0813,GI14551,0,agriculture forestry,AF813RD.jpg,813,855
RD0814,GI20246,1,agriculture forestry,AF814RD.jpg,814,856
RD0815,N90067,0,agriculture forestry,AF815RD.jpg,815,857
RD0816,60097,1,agriculture forestry,AF816RD.jpg,816,858
RD0817,60465,0,agriculture forestry,AF817RD.jpg,817,859
RD0818,N90124,0,agriculture forestry,AF818RD.jpg,818,860
RD0819,60107,0,agriculture forestry,AF819RD.jpg,819,861
RD0820,10050,0,agriculture forestry,AF820RD.jpg,820,862
RD0821,60089,0,agriculture forestry,AF821RD.jpg,821,863
RD0822,DB2529,0,agriculture forestry,AF822RD.jpg,822,864
RD0823,N90117,1,agriculture forestry,AF823RD.jpg,823,865
RD0824,60462,0,agriculture forestry,AF824RD.jpg,824,866
RD0825,N90036,0,agriculture forestry,AF825RD.jpg,825,867
RD0826,10040,0,agriculture forestry,AF826RD.jpg,826,868
RD0827,CS8949,0,agriculture forestry,AF827RD.jpg,827,869
RD0828,60443,0,agriculture forestry,AF828RD.jpg,828,870
RD0829,CS587,0,agriculture forestry,AF829RD.jpg,829,871
RD0830,CS8776,0,agriculture forestry,AF830RD.jpg,830,872
RD0831,60425,0,agriculture forestry,AF831RD.jpg,831,873
RD0832,CS9122,0,agriculture forestry,AF832RD.jpg,832,874
RD0833,20016,0,agriculture forestry,AF833RD.jpg,833,875
RD0834,60349,0,agriculture forestry,AF834RD.jpg,834,876
RD0835,GI10168,0,agriculture forestry,AF835RD.jpg,835,877
RD0836,10020,0,agriculture forestry,AF836RD.jpg,836,878
RD0837,20019,0,agriculture forestry,AF837RD.jpg,837,879
RD0838,CS21097,0,agriculture forestry,AF838RD.jpg,838,880
RD0839,CS241,0,agriculture forestry,AF839RD.jpg,839,881
RD0840,60135,0,agriculture forestry,AF840RD.jpg,840,882
RD0841,60417,0,agriculture forestry,AF841RD.jpg,841,883
RD0842,N90148,0,agriculture forestry,AF842RD.jpg,842,884
RD0843,60275,1,agriculture forestry,AF843RD.jpg,843,885
RD0844,60026,0,agriculture forestry,AF844RD.jpg,844,886
RD0845,60155,0,agriculture forestry,AF845RD.jpg,845,887
RD0846,N90235,0,agriculture forestry,AF846RD.jpg,846,888
RD0847,60462,0,agriculture forestry,AF847RD.jpg,847,889
RD0848,60054,0,agriculture forestry,AF848RD.jpg,848,890
RD0849,GI14866,0,agriculture forestry,AF849RD.jpg,849,891
RD0850,30014,0,agriculture forestry,AF850RD.jpg,850,892
RD0851,60390,0,agriculture forestry,AF851RD.jpg,851,893
RD0852,20160,0,agriculture forestry,AF852RD.jpg,852,894
RD0853,60049,0,agriculture forestry,AF853RD.jpg,853,895
RD0854,CS1794,0,agriculture forestry,AF854RD.jpg,854,896
RD0855,10103,0,agriculture forestry,AF855RD.jpg,855,897
RD0856,DB2784,0,agriculture forestry,AF856RD.jpg,856,898
RD0857,60275,0,agriculture forestry,AF857RD.jpg,857,899
RD0858,CS9295,0,agriculture forestry,AF858RD.jpg,858,900
RD0859,CS414,0,agriculture forestry,AF859RD.jpg,859,901
RD0860,60178,0,agriculture forestry,AF860RD.jpg,860,902
RD0861,GI10510,0,agriculture forestry,AF861RD.jpg,861,903
RD0862,60172,0,agriculture forestry,AF862RD.jpg,862,904
RD0863,10103,0,agriculture forestry,AF863RD.jpg,863,905
RD0864,20205,0,agriculture forestry,AF864RD.jpg,864,906
RD0865,60360,0,agriculture forestry,AF865RD.jpg,865,907
RD0866,GI10168,1,agriculture forestry,AF866RD.jpg,866,908
RD0867,CS8948,0,agriculture forestry,AF867RD.jpg,867,909
RD0868,60443,0,agriculture forestry,AF868RD.jpg,868,910
RD0869,N90196,0,agriculture forestry,AF869RD.jpg,869,911
RD0870,GI20085,1,agriculture forestry,AF870RD.jpg,870,912
RD0871,60360,0,agriculture forestry,AF871RD.jpg,871,913
RD0872,50030,0,agriculture forestry,AF872RD.jpg,872,914
RD0873,60466,0,agriculture forestry,AF873RD.jpg,873,915
RD0874,GI20085,1,agriculture forestry,AF874RD.jpg,874,916
RD0875,GI10492,0,agriculture forestry,AF875RD.jpg,875,917
RD0876,60004,0,agriculture forestry,AF876RD.jpg,876,918
RD0877,60363,0,agriculture forestry,AF877RD.jpg,877,919
RD0878,60258,0,agriculture forestry,AF878RD.jpg,878,920
RD0879,CS414,0,agriculture forestry,AF879RD.jpg,879,921
RD0880,10000,0,agriculture forestry,AF880RD.jpg,880,922
RD0881,60387,0,agriculture forestry,AF881RD.jpg,881,923
RD0882,GI1326,0,agriculture forestry,AF882RD.jpg,882,924
RD0883,60187,0,agriculture forestry,AF883RD.jpg,883,925
RD0884,DB2964,0,agriculture forestry,AF884RD.jpg,884,926
RD0885,DB3054,0,agriculture forestry,AF885RD.jpg,885,927
RD0886,60294,0,agriculture forestry,AF886RD.jpg,886,928
RD0887,60478,0,agriculture forestry,AF887RD.jpg,887,929
RD0888,50009,0,agriculture forestry,AF888RD.jpg,888,930
RD0889,CS1966,0,agriculture forestry,AF889RD.jpg,889,931
RD0890,CS241,0,agriculture forestry,AF890RD.jpg,890,932
RD0891,60332,0,agriculture forestry,AF891RD.jpg,891,933
RD0892,60413,0,agriculture forestry,AF892RD.jpg,892,934
RD0893,50030,0,agriculture forestry,AF893RD.jpg,893,935
RD0894,20242,0,agriculture forestry,AF894RD.jpg,894,936
RD0895,CS8948,0,agriculture forestry,AF895RD.jpg,895,937
RD0896,CS1965,0,agriculture forestry,AF896RD.jpg,896,938
RD0897,CS8948,0,agriculture forestry,AF897RD.jpg,897,939
RD0898,60004,0,agriculture forestry,AF898RD.jpg,898,940
RD0899,30041,0,agriculture forestry,AF899RD.jpg,899,941
RD0900,60467,0,agriculture forestry,AF900RD.jpg,900,942
RD0901,60126,0,agriculture forestry,AF901RD.jpg,901,943
RD0902,60333,0,agriculture forestry,AF902RD.jpg,902,944
RD0903,GI14537,0,agriculture forestry,AF903RD.jpg,903,945
RD0904,GI10654,0,agriculture forestry,AF904RD.jpg,904,946
RD0905,N90024,0,agriculture forestry,AF905RD.jpg,905,947
RD0906,CS20922,0,agriculture forestry,AF906RD.jpg,906,948
RD0907,LN27517,0,agriculture forestry,AF907RD.jpg,907,949
RD0908,60465,1,agriculture forestry,AF908RD.jpg,908,950
RD0909,10108,0,agriculture forestry,AF909RD.jpg,909,951
RD0910,DB2439,1,agriculture forestry,AF910RD.jpg,910,952
RD0911,60465,0,agriculture forestry,AF911RD.jpg,911,953
RD0912,30041,0,agriculture forestry,AF912RD.jpg,912,954
RD0913,N90047,0,agriculture forestry,AF913RD.jpg,913,955
RD0914,30045,1,agriculture forestry,AF914RD.jpg,914,956
RD0915,10069,0,agriculture forestry,AF915RD.jpg,915,957
RD0916,60459,0,agriculture forestry,AF916RD.jpg,916,958
RD0917,CS1794,0,agriculture forestry,AF917RD.jpg,917,959
RD0918,10000,0,agriculture forestry,AF918RD.jpg,918,960
RD0919,60332,0,agriculture forestry,AF919RD.jpg,919,961
RD0920,50004,0,agriculture forestry,AF920RD.jpg,920,962
RD0921,60333,0,agriculture forestry,AF921RD.jpg,921,963
RD0922,10008,0,agriculture forestry,AF922RD.jpg,922,964
RD0923,60461,0,agriculture forestry,AF923RD.jpg,923,965
RD0924,GI14551,0,agriculture forestry,AF924RD.jpg,924,966
RD0925,DB2439,1,agriculture forestry,AF925RD.jpg,925,967
RD0926,GI10654,0,agriculture forestry,AF926RD.jpg,926,968
RD0927,10063,0,agriculture forestry,AF927RD.jpg,927,969
RD0928,60089,0,agriculture forestry,AF928RD.jpg,928,970
RD0929,LN24888,0,agriculture forestry,AF929RD.jpg,929,971
RD0930,10088,0,agriculture forestry,AF930RD.jpg,930,972
RD0931,GI10492,0,agriculture forestry,AF931RD.jpg,931,973
RD0932,60246,0,agriculture forestry,AF932RD.jpg,932,974
RD0933,GI1163,0,agriculture forestry,AF933RD.jpg,933,975
RD0934,60477,0,agriculture forestry,AF934RD.jpg,934,976
RD0935,CS1621,0,agriculture forestry,AF935RD.jpg,935,977
RD0936,60332,0,agriculture forestry,AF936RD.jpg,936,978
RD0937,10049,0,agriculture forestry,AF937RD.jpg,937,979
RD0938,60349,0,agriculture forestry,AF938RD.jpg,938,980
RD0939,60187,0,agriculture forestry,AF939RD.jpg,939,981
RD0940,CS20922,0,agriculture forestry,AF940RD.jpg,940,982
RD0941,60172,0,agriculture forestry,AF941RD.jpg,941,983
RD0942,60417,0,agriculture forestry,AF942RD.jpg,942,984
RD0943,DB2529,0,agriculture forestry,AF943RD.jpg,943,985
RD0944,50037,0,agriculture forestry,AF944RD.jpg,944,986
RD0945,CS9122,0,agriculture forestry,AF945RD.jpg,945,987
RD0946,20017,0,agriculture forestry,AF946RD.jpg,946,988
RD0947,GI20085,1,agriculture forestry,AF947RD.jpg,947,989
RD0948,60242,0,agriculture forestry,AF948RD.jpg,948,990
RD0949,20224,0,agriculture forestry,AF949RD.jpg,949,991
RD0950,N00006,1,agriculture forestry,AF950RD.jpg,950,992
RD0951,GI1002,0,agriculture forestry,AF951RD.jpg,951,993
RD0952,CS1448,0,agriculture forestry,AF952RD.jpg,952,994
RD0953,N90258,1,agriculture forestry,AF953RD.jpg,953,995
RD0954,DB3054,0,agriculture forestry,AF954RD.jpg,954,996
RD0955,60462,0,agriculture forestry,AF955RD.jpg,955,997
RD0956,GI10492,1,agriculture forestry,AF956RD.jpg,956,998
RD0957,CS1966,0,agriculture forestry,AF957RD.jpg,957,999
RD0958,N90245,1,agriculture forestry,AF958RD.jpg,958,1000
RD0959,GI14380,0,agriculture forestry,AF959RD.jpg,959,1001
RD0960,GI1326,0,agriculture forestry,AF960RD.jpg,960,1002
RD0961,GI20085,1,agriculture forestry,AF961RD.jpg,961,1003
RD0962,N90148,0,agriculture forestry,AF962RD.jpg,962,1004
RD0963,CS1792,0,agriculture forestry,AF963RD.jpg,963,1005
RD0964,60443,0,agriculture forestry,AF964RD.jpg,964,1006
RD0965,30028,0,agriculture forestry,AF965RD.jpg,965,1007
RD0966,20142,0,agriculture forestry,AF966RD.jpg,966,1008
RD0967,60413,0,agriculture forestry,AF967RD.jpg,967,1009
RD0968,60133,0,agriculture forestry,AF968RD.jpg,968,1010
RD0969,60322,0,agriculture forestry,AF969RD.jpg,969,1011
RD0970,GI10330,0,agriculture forestry,AF970RD.jpg,970,1012
RD0971,30041,0,agriculture forestry,AF971RD.jpg,971,1013
RD0972,60478,0,agriculture forestry,AF972RD.jpg,972,1014
RD0973,GI10168,0,agriculture forestry,AF973RD.jpg,973,1015
RD0974,10052,0,agriculture forestry,AF974RD.jpg,974,1016
RD0975,50009,0,agriculture forestry,AF975RD.jpg,975,1017
RD0976,20033,0,agriculture forestry,AF976RD.jpg,976,1018
RD0977,N90196,0,agriculture forestry,AF977RD.jpg,977,1019
RD0978,60275,1,agriculture forestry,AF978RD.jpg,978,1020
RD0979,10020,0,agriculture forestry,AF979RD.jpg,979,1021
RD0980,60338,0,agriculture forestry,AF980RD.jpg,980,1022
RD0981,20129,0,agriculture forestry,AF981RD.jpg,981,1023
RD0982,60333,0,agriculture forestry,AF982RD.jpg,982,1024
RD0983,60026,0,agriculture forestry,AF983RD.jpg,983,1025
RD0984,60465,0,agriculture forestry,AF984RD.jpg,984,1026
RD0985,LN24888,0,agriculture forestry,AF985RD.jpg,985,1027
RD0986,N90124,0,agriculture forestry,AF986RD.jpg,986,1028
RD0987,CS9121,0,agriculture forestry,AF987RD.jpg,987,1029
RD0988,10054,0,agriculture forestry,AF988RD.jpg,988,1030
RD0989,60142,0,agriculture forestry,AF989RD.jpg,989,1031
RD0990,10145,0,agriculture forestry,AF990RD.jpg,990,1032
RD0991,60007,0,agriculture forestry,AF991RD.jpg,991,1033
RD0992,GI14866,0,agriculture forestry,AF992RD.jpg,992,1034
RD0993,60155,0,agriculture forestry,AF993RD.jpg,993,1035
RD0994,50035,0,agriculture forestry,AF994RD.jpg,994,1036
RD0995,20016,0,agriculture forestry,AF995RD.jpg,995,1037
RD0996,CS9121,0,agriculture forestry,AF996RD.jpg,996,1038
RD0997,GI1326,0,agriculture forestry,AF997RD.jpg,997,1039
RD0998,CS1966,0,agriculture forestry,AF998RD.jpg,998,1040
RD0999,60223,0,agriculture forestry,AF999RD.jpg,999,1041
RD1000,60258,0,agriculture forestry,AF1000RD.jpg,1000,1042
RD1001,60236,0,agriculture forestry,AF1001RD.jpg,1001,1043
RD1002,60379,0,agriculture forestry,AF1002RD.jpg,1002,1044
RD1003,60467,0,agriculture forestry,AF1003RD.jpg,1003,1045
RD1004,N90148,0,agriculture forestry,AF1004RD.jpg,1004,1046
RD1005,50008,0,agriculture forestry,AF1005RD.jpg,1005,1047
RD1006,10023,0,agriculture forestry,AF1006RD.jpg,1006,1048
RD1007,GI20085,1,agriculture forestry,AF1007RD.jpg,1007,1049
RD1008,GI14118,0,agriculture forestry,AF1008RD.jpg,1008,1050
RD1009,GI10330,0,agriculture forestry,AF1009RD.jpg,1009,1051
RD1010,60198,1,agriculture forestry,AF1010RD.jpg,1010,1052
RD1011,60392,0,agriculture forestry,AF1011RD.jpg,1011,1053
RD1012,60246,0,agriculture forestry,AF1012RD.jpg,1012,1054
RD1013,10008,0,agriculture forestry,AF1013RD.jpg,1013,1055
RD1014,CS9294,0,agriculture forestry,AF1014RD.jpg,1014,1056
RD1015,10140,0,agriculture forestry,AF1015RD.jpg,1015,1057
RD1016,N90024,0,agriculture forestry,AF1016RD.jpg,1016,1058
RD1017,30056,1,agriculture forestry,AF1017RD.jpg,1017,1059
RD1018,CS21097,0,agriculture forestry,AF1018RD.jpg,1018,1060
RD1019,GI10510,0,agriculture forestry,AF1019RD.jpg,1019,1061
RD1020,GI10510,0,agriculture forestry,AF1020RD.jpg,1020,1062
RD1021,60135,0,agriculture forestry,AF1021RD.jpg,1021,1063
RD1022,60462,0,agriculture forestry,AF1022RD.jpg,1022,1064
RD1023,60142,0,agriculture forestry,AF1023RD.jpg,1023,1065
RD1024,60115,0,agriculture forestry,AF1024RD.jpg,1024,1066
RD1025,GI10492,1,agriculture forestry,AF1025RD.jpg,1025,1067
RD1026,60279,0,agriculture forestry,AF1026RD.jpg,1026,1068
RD1027,10000,0,agriculture forestry,AF1027RD.jpg,1027,1069
RD1028,30051,0,agriculture forestry,AF1028RD.jpg,1028,1070
RD1029,CS8948,0,agriculture forestry,AF1029RD.jpg,1029,1071
RD1030,GI1326,0,agriculture forestry,AF1030RD.jpg,1030,1072
RD1031,10015,0,agriculture forestry,AF1031RD.jpg,1031,1073
RD1032,DB2964,0,agriculture forestry,AF1032RD.jpg,1032,1074
RD1033,GI10024,0,agriculture forestry,AF1033RD.jpg,1033,1075
RD1034,60294,0,agriculture forestry,AF1034RD.jpg,1034,1076
RD1035,N90039,1,agriculture forestry,AF1035RD.jpg,1035,1077
RD1036,20128,0,agriculture forestry,AF1036RD.jpg,1036,1078
RD1037,20133,0,agriculture forestry,AF1037RD.jpg,1037,1079
RD1038,60187,0,agriculture forestry,AF1038RD.jpg,1038,1080
RD1039,60198,1,agriculture forestry,AF1039RD.jpg,1039,1081
RD1040,60063,0,agriculture forestry,AF1040RD.jpg,1040,1082
RD1041,20205,0,agriculture forestry,AF1041RD.jpg,1041,1083
RD1042,CS11738,0,agriculture forestry,AF1042RD.jpg,1042,1084
RD1043,CS1967,0,agriculture forestry,AF1043RD.jpg,1043,1085
RD1044,CS9295,0,agriculture forestry,AF1044RD.jpg,1044,1086
RD1045,60333,0,agriculture forestry,AF1045RD.jpg,1045,1087
RD1046,10008,0,agriculture forestry,AF1046RD.jpg,1046,1088
RD1047,60350,1,agriculture forestry,AF1047RD.jpg,1047,1089
RD1048,30046,0,agriculture forestry,AF1048RD.jpg,1048,1090
RD1049,10063,0,agriculture forestry,AF1049RD.jpg,1049,1091
RD1050,GI10024,0,agriculture forestry,AF1050RD.jpg,1050,1092
RD1051,50004,0,agriculture forestry,AF1051RD.jpg,1051,1093
RD1052,N90117,1,agriculture forestry,AF1052RD.jpg,1052,1094
RD1053,60392,0,agriculture forestry,AF1053RD.jpg,1053,1095
RD1054,GI4055,0,agriculture forestry,AF1054RD.jpg,1054,1096
RD1055,GI4055,0,agriculture forestry,AF1055RD.jpg,1055,1097
RD1056,50017,0,agriculture forestry,AF1056RD.jpg,1056,1098
RD1057,60462,0,agriculture forestry,AF1057RD.jpg,1057,1099
RD1058,60292,0,agriculture forestry,AF1058RD.jpg,1058,1100
RD1059,30041,0,agriculture forestry,AF1059RD.jpg,1059,1101
RD1060,60476,0,agriculture forestry,AF1060RD.jpg,1060,1102
RD1061,GI13794,0,agriculture forestry,AF1061RD.jpg,1061,1103
RD1062,N90024,0,agriculture forestry,AF1062RD.jpg,1062,1104
RD1063,60142,0,agriculture forestry,AF1063RD.jpg,1063,1105
RD1064,60451,1,agriculture forestry,AF1064RD.jpg,1064,1106
RD1065,60027,0,agriculture forestry,AF1065RD.jpg,1065,1107
RD1066,60097,1,agriculture forestry,AF1066RD.jpg,1066,1108
RD1067,CS9123,0,agriculture forestry,AF1067RD.jpg,1067,1109
RD1068,60248,0,agriculture forestry,AF1068RD.jpg,1068,1110
RD1069,CS241,0,agriculture forestry,AF1069RD.jpg,1069,1111
RD1070,GI1002,0,agriculture forestry,AF1070RD.jpg,1070,1112
RD1071,LN27343,0,agriculture forestry,AF1071RD.jpg,1071,1113
RD1072,20175,0,agriculture forestry,AF1072RD.jpg,1072,1114
RD1073,30046,0,agriculture forestry,AF1073RD.jpg,1073,1115
RD1074,60223,0,agriculture forestry,AF1074RD.jpg,1074,1116
RD1075,60133,0,agriculture forestry,AF1075RD.jpg,1075,1117
RD1076,20033,0,agriculture forestry,AF1076RD.jpg,1076,1118
RD1077,60118,0,agriculture forestry,AF1077RD.jpg,1077,1119
RD1078,60178,0,agriculture forestry,AF1078RD.jpg,1078,1120
RD1079,CS9123,0,agriculture forestry,AF1079RD.jpg,1079,1121
RD1080,DB3054,0,agriculture forestry,AF1080RD.jpg,1080,1122
RD1081,LN27343,0,agriculture forestry,AF1081RD.jpg,1081,1123
RD1082,30052,0,agriculture forestry,AF1082RD.jpg,1082,1124
RD1083,CS241,0,agriculture forestry,AF1083RD.jpg,1083,1125
RD1084,LN25062,0,agriculture forestry,AF1084RD.jpg,1084,1126
RD1085,GI14704,0,agriculture forestry,AF1085RD.jpg,1085,1127
RD1086,60118,0,agriculture forestry,AF1086RD.jpg,1086,1128
RD1087,20033,0,agriculture forestry,AF1087RD.jpg,1087,1129
RD1088,N90292,0,agriculture forestry,AF1088RD.jpg,1088,1130
RD1089,60260,0,agriculture forestry,AF1089RD.jpg,1089,1131
RD1090,30051,0,agriculture forestry,AF1090RD.jpg,1090,1132
RD1091,60127,0,agriculture forestry,AF1091RD.jpg,1091,1133
RD1092,60392,0,agriculture forestry,AF1092RD.jpg,1092,1134
RD1093,20019,0,agriculture forestry,AF1093RD.jpg,1093,1135
RD1094,60390,0,agriculture forestry,AF1094RD.jpg,1094,1136
RD1095,60429,0,agriculture forestry,AF1095RD.jpg,1095,1137
RD1096,CS9297,0,agriculture forestry,AF1096RD.jpg,1096,1138
RD1097,60462,0,agriculture forestry,AF1097RD.jpg,1097,1139
RD1098,60089,0,agriculture forestry,AF1098RD.jpg,1098,1140
RD1099,10092,0,agriculture forestry,AF1099RD.jpg,1099,1141
RD1100,60138,0,agriculture forestry,AF1100RD.jpg,1100,1142
RD1101,GI14704,0,agriculture forestry,AF1101RD.jpg,1101,1143
RD1102,60045,0,agriculture forestry,AF1102RD.jpg,1102,1144
RD1103,20133,0,agriculture forestry,AF1103RD.jpg,1103,1145
RD1104,10023,0,agriculture forestry,AF1104RD.jpg,1104,1146
RD1105,30056,1,agriculture forestry,AF1105RD.jpg,1105,1147
RD1106,GI10168,0,agriculture forestry,AF1106RD.jpg,1106,1148
RD1107,GI1326,0,agriculture forestry,AF1107RD.jpg,1107,1149
RD1108,60360,0,agriculture forestry,AF1108RD.jpg,1108,1150
RD1109,N90067,0,agriculture forestry,AF1109RD.jpg,1109,1151
RD1110,20240,0,agriculture forestry,AF1110RD.jpg,1110,1152
RD1111,N90148,0,agriculture forestry,AF1111RD.jpg,1111,1153
RD1112,GI10654,0,agriculture forestry,AF1112RD.jpg,1112,1154
RD1113,60322,0,agriculture forestry,AF1113RD.jpg,1113,1155
RD1114,60290,1,agriculture forestry,AF1114RD.jpg,1114,1156
RD1115,60476,0,agriculture forestry,AF1115RD.jpg,1115,1157
RD1116,CS9296,0,agriculture forestry,AF1116RD.jpg,1116,1158
RD1117,60126,0,agriculture forestry,AF1117RD.jpg,1117,1159
RD1118,60198,1,agriculture forestry,AF1118RD.jpg,1118,1160
RD1119,GI10654,0,agriculture forestry,AF1119RD.jpg,1119,1161
RD1120,60333,0,agriculture forestry,AF1120RD.jpg,1120,1162
RD1121,60461,0,agriculture forestry,AF1121RD.jpg,1121,1163
RD1122,10049,0,agriculture forestry,AF1122RD.jpg,1122,1164
RD1123,60390,0,agriculture forestry,AF1123RD.jpg,1123,1165
RD1124,60254,0,agriculture forestry,AF1124RD.jpg,1124,1166
RD1125,60390,0,agriculture forestry,AF1125RD.jpg,1125,1167
RD1126,CS9297,0,agriculture forestry,AF1126RD.jpg,1126,1168
RD1127,10144,0,agriculture forestry,AF1127RD.jpg,1127,1169
RD1128,GI10168,1,agriculture forestry,AF1128RD.jpg,1128,1170
RD1129,60205,0,agriculture forestry,AF1129RD.jpg,1129,1171
RD1130,GI10168,1,agriculture forestry,AF1130RD.jpg,1130,1172
RD1131,CS1448,0,agriculture forestry,AF1131RD.jpg,1131,1173
RD1132,60192,0,agriculture forestry,AF1132RD.jpg,1132,1174
RD1133,CS1965,0,agriculture forestry,AF1133RD.jpg,1133,1175
RD1134,CS9122,0,agriculture forestry,AF1134RD.jpg,1134,1176
RD1135,60004,0,agriculture forestry,AF1135RD.jpg,1135,1177
RD1136,60349,0,agriculture forestry,AF1136RD.jpg,1136,1178
RD1137,30051,0,agriculture forestry,AF1137RD.jpg,1137,1179
RD1138,60465,1,agriculture forestry,AF1138RD.jpg,1138,1180
RD1139,10116,0,agriculture forestry,AF1139RD.jpg,1139,1181
RD1140,10020,0,agriculture forestry,AF1140RD.jpg,1140,1182
RD1141,GI14209,0,agriculture forestry,AF1141RD.jpg,1141,1183
RD1142,60187,0,agriculture forestry,AF1142RD.jpg,1142,1184
RD1143,CS8776,0,agriculture forestry,AF1143RD.jpg,1143,1185
RD1144,60004,0,agriculture forestry,AF1144RD.jpg,1144,1186
RD1145,10139,0,agriculture forestry,AF1145RD.jpg,1145,1187
RD1146,60467,0,agriculture forestry,AF1146RD.jpg,1146,1188
RD1147,60049,0,agriculture forestry,AF1147RD.jpg,1147,1189
RD1148,10000,0,agriculture forestry,AF1148RD.jpg,1148,1190
RD1149,60392,0,agriculture forestry,AF1149RD.jpg,1149,1191
RD1150,N90047,0,agriculture forestry,AF1150RD.jpg,1150,1192
RD1151,10063,0,agriculture forestry,AF1151RD.jpg,1151,1193
RD1152,60172,0,agriculture forestry,AF1152RD.jpg,1152,1194
RD1153,30028,0,agriculture forestry,AF1153RD.jpg,1153,1195
RD1154,20133,0,agriculture forestry,AF1154RD.jpg,1154,1196
RD1155,CS9121,0,agriculture forestry,AF1155RD.jpg,1155,1197
RD1156,60115,0,agriculture forestry,AF1156RD.jpg,1156,1198
RD1157,GI17460,0,agriculture forestry,AF1157RD.jpg,1157,1199
RD1158,30014,0,agriculture forestry,AF1158RD.jpg,1158,1200
RD1159,CS1448,0,agriculture forestry,AF1159RD.jpg,1159,1201
RD1160,60082,0,agriculture forestry,AF1160RD.jpg,1160,1202
RD1161,10145,0,agriculture forestry,AF1161RD.jpg,1161,1203
RD1162,30041,0,agriculture forestry,AF1162RD.jpg,1162,1204
RD1163,60348,0,agriculture forestry,AF1163RD.jpg,1163,1205
RD1164,GI14542,0,agriculture forestry,AF1164RD.jpg,1164,1206
RD1165,N90124,0,agriculture forestry,AF1165RD.jpg,1165,1207
RD1166,50009,0,agriculture forestry,AF1166RD.jpg,1166,1208
RD1167,60193,0,agriculture forestry,AF1167RD.jpg,1167,1209
RD1168,60266,0,agriculture forestry,AF1168RD.jpg,1168,1210
RD1169,60007,0,agriculture forestry,AF1169RD.jpg,1169,1211
RD1170,30043,0,agriculture forestry,AF1170RD.jpg,1170,1212
RD1171,60004,0,agriculture forestry,AF1171RD.jpg,1171,1213
RD1172,60127,0,agriculture forestry,AF1172RD.jpg,1172,1214
RD1173,10145,0,agriculture forestry,AF1173RD.jpg,1173,1215
RD1174,20160,0,agriculture forestry,AF1174RD.jpg,1174,1216
RD1175,10000,0,agriculture forestry,AF1175RD.jpg,1175,1217
RD1176,10049,0,agriculture forestry,AF1176RD.jpg,1176,1218
RD1177,60294,0,agriculture forestry,AF1177RD.jpg,1177,1219
RD1178,60236,0,agriculture forestry,AF1178RD.jpg,1178,1220
RD1179,CS9124,0,agriculture forestry,AF1179RD.jpg,1179,1221
RD1180,GI13794,0,agriculture forestry,AF1180RD.jpg,1180,1222
RD1181,30041,0,agriculture forestry,AF1181RD.jpg,1181,1223
RD1182,60363,0,agriculture forestry,AF1182RD.jpg,1182,1224
RD1183,50009,0,agriculture forestry,AF1183RD.jpg,1183,1225
RD1184,GI14542,0,agriculture forestry,AF1184RD.jpg,1184,1226
RD1185,10069,0,agriculture forestry,AF1185RD.jpg,1185,1227
RD1186,GI17460,0,agriculture forestry,AF1186RD.jpg,1186,1228
RD1187,20017,0,agriculture forestry,AF1187RD.jpg,1187,1229
RD1188,GI14551,0,agriculture forestry,AF1188RD.jpg,1188,1230
RD1189,60115,0,agriculture forestry,AF1189RD.jpg,1189,1231
RD1190,GI14704,0,agriculture forestry,AF1190RD.jpg,1190,1232
RD1191,60381,0,agriculture forestry,AF1191RD.jpg,1191,1233
RD1192,60275,1,agriculture forestry,AF1192RD.jpg,1192,1234
RD1193,CS11738,0,agriculture forestry,AF1193RD.jpg,1193,1235
RD1194,10069,0,agriculture forestry,AF1194RD.jpg,1194,1236
RD1195,DB2619,0,agriculture forestry,AF1195RD.jpg,1195,1237
RD1196,50009,0,agriculture forestry,AF1196RD.jpg,1196,1238
RD1197,60322,0,agriculture forestry,AF1197RD.jpg,1197,1239
RD1198,10040,0,agriculture forestry,AF1198RD.jpg,1198,1240
RD1199,10008,0,agriculture forestry,AF1199RD.jpg,1199,1241
RD1200,60290,1,agriculture forestry,AF1200RD.jpg,1200,1242
RD1201,60476,0,agriculture forestry,AF1201RD.jpg,1201,1243
RD1202,N90119,1,agriculture forestry,AF1202RD.jpg,1202,1244
RD1203,60266,0,agriculture forestry,AF1203RD.jpg,1203,1245
RD1204,N90124,0,agriculture forestry,AF1204RD.jpg,1204,1246
RD1205,N90119,0,agriculture forestry,AF1205RD.jpg,1205,1247
RD1206,10098,1,agriculture forestry,AF1206RD.jpg,1206,1248
RD1207,20175,0,agriculture forestry,AF1207RD.jpg,1207,1249
RD1208,LN27517,0,agriculture forestry,AF1208RD.jpg,1208,1250
RD1209,60322,0,agriculture forestry,AF1209RD.jpg,1209,1251
RD1210,10073,0,agriculture forestry,AF1210RD.jpg,1210,1252
RD1211,GI1002,0,agriculture forestry,AF1211RD.jpg,1211,1253
RD1212,GI14866,0,agriculture forestry,AF1212RD.jpg,1212,1254
RD1213,60338,0,agriculture forestry,AF1213RD.jpg,1213,1255
RD1214,N90024,0,agriculture forestry,AF1214RD.jpg,1214,1256
RD1215,20017,0,agriculture forestry,AF1215RD.jpg,1215,1257
RD1216,GI10510,0,agriculture forestry,AF1216RD.jpg,1216,1258
RD1217,20205,0,agriculture forestry,AF1217RD.jpg,1217,1259
RD1218,DB2439,1,agriculture forestry,AF1218RD.jpg,1218,1260
RD1219,10092,0,agriculture forestry,AF1219RD.jpg,1219,1261
RD1220,N90038,0,agriculture forestry,AF1220RD.jpg,1220,1262
RD1221,60155,0,agriculture forestry,AF1221RD.jpg,1221,1263
RD1222,GI17460,0,agriculture forestry,AF1222RD.jpg,1222,1264
RD1223,60360,0,agriculture forestry,AF1223RD.jpg,1223,1265
RD1224,20242,0,agriculture forestry,AF1224RD.jpg,1224,1266
RD1225,10144,0,agriculture forestry,AF1225RD.jpg,1225,1267
RD1226,60462,0,agriculture forestry,AF1226RD.jpg,1226,1268
RD1227,10066,0,agriculture forestry,AF1227RD.jpg,1227,1269
RD1228,GI14380,0,agriculture forestry,AF1228RD.jpg,1228,1270
RD1229,10144,0,agriculture forestry,AF1229RD.jpg,1229,1271
RD1230,60038,0,agriculture forestry,AF1230RD.jpg,1230,1272
RD1231,60429,0,agriculture forestry,AF1231RD.jpg,1231,1273
RD1232,60032,0,agriculture forestry,AF1232RD.jpg,1232,1274
RD1233,N90047,0,agriculture forestry,AF1233RD.jpg,1233,1275
RD1234,60275,1,agriculture forestry,AF1234RD.jpg,1234,1276
RD1235,60465,0,agriculture forestry,AF1235RD.jpg,1235,1277
RD1236,60290,1,agriculture forestry,AF1236RD.jpg,1236,1278
RD1237,N00006,1,agriculture forestry,AF1237RD.jpg,1237,1279
RD1238,60290,1,agriculture forestry,AF1238RD.jpg,1238,1280
RD1239,GI14542,0,agriculture forestry,AF1239RD.jpg,1239,1281
RD1240,20133,0,agriculture forestry,AF1240RD.jpg,1240,1282
RD1241,60290,1,agriculture forestry,AF1241RD.jpg,1241,1283
RD1242,10049,0,agriculture forestry,AF1242RD.jpg,1242,1284
RD1243,CS587,0,agriculture forestry,AF1243RD.jpg,1243,1285
RD1244,60294,0,agriculture forestry,AF1244RD.jpg,1244,1286
RD1245,N90117,1,agriculture forestry,AF1245RD.jpg,1245,1287
RD1246,60135,0,agriculture forestry,AF1246RD.jpg,1246,1288
RD1247,20237,0,agriculture forestry,AF1247RD.jpg,1247,1289
RD1248,CS760,0,agriculture forestry,AF1248RD.jpg,1248,1290
RD1249,60242,0,agriculture forestry,AF1249RD.jpg,1249,1291
RD1250,10023,0,agriculture forestry,AF1250RD.jpg,1250,1292
RD1251,CS9124,0,agriculture forestry,AF1251RD.jpg,1251,1293
RD1252,10145,0,agriculture forestry,AF1252RD.jpg,1252,1294
RD1253,60023,0,agriculture forestry,AF1253RD.jpg,1253,1295
RD1254,LN27343,0,agriculture forestry,AF1254RD.jpg,1254,1296
RD1255,DB2619,0,agriculture forestry,AF1255RD.jpg,1255,1297
RD1256,CS9297,0,agriculture forestry,AF1256RD.jpg,1256,1298
RD1257,50035,0,agriculture forestry,AF1257RD.jpg,1257,1299
RD1258,60275,1,agriculture forestry,AF1258RD.jpg,1258,1300
RD1259,GI10330,1,agriculture forestry,AF1259RD.jpg,1259,1301
RD1260,N90024,0,agriculture forestry,AF1260RD.jpg,1260,1302
RD1261,60348,0,agriculture forestry,AF1261RD.jpg,1261,1303
RD1262,20129,0,agriculture forestry,AF1262RD.jpg,1262,1304
RD1263,CS9294,0,agriculture forestry,AF1263RD.jpg,1263,1305
RD1264,60475,0,agriculture forestry,AF1264RD.jpg,1264,1306
RD1265,10116,0,agriculture forestry,AF1265RD.jpg,1265,1307
RD1266,GI10330,1,agriculture forestry,AF1266RD.jpg,1266,1308
RD1267,60049,0,agriculture forestry,AF1267RD.jpg,1267,1309
RD1268,N90292,0,agriculture forestry,AF1268RD.jpg,1268,1310
RD1269,60292,0,agriculture forestry,AF1269RD.jpg,1269,1311
RD1270,10015,0,agriculture forestry,AF1270RD.jpg,1270,1312
RD1271,60193,0,agriculture forestry,AF1271RD.jpg,1271,1313
RD1272,60097,1,agriculture forestry,AF1272RD.jpg,1272,1314
RD1273,DB2964,0,agriculture forestry,AF1273RD.jpg,1273,1315
RD1274,60005,0,agriculture forestry,AF1274RD.jpg,1274,1316
RD1275,60193,0,agriculture forestry,AF1275RD.jpg,1275,1317
RD1276,60198,1,agriculture forestry,AF1276RD.jpg,1276,1318
RD1277,60477,0,agriculture forestry,AF1277RD.jpg,1277,1319
RD1278,50008,0,agriculture forestry,AF1278RD.jpg,1278,1320
RD1279,60425,0,agriculture forestry,AF1279RD.jpg,1279,1321
RD1280,N90292,0,agriculture forestry,AF1280RD.jpg,1280,1322
RD1281,60387,0,agriculture forestry,AF1281RD.jpg,1281,1323
RD1282,N90209,0,agriculture forestry,AF1282RD.jpg,1282,1324
RD1283,20082,0,agriculture forestry,AF1283RD.jpg,1283,1325
RD1284,20210,0,agriculture forestry,AF1284RD.jpg,1284,1326
RD1285,N90024,0,agriculture forestry,AF1285RD.jpg,1285,1327
RD1286,20160,0,agriculture forestry,AF1286RD.jpg,1286,1328
RD1287,60477,0,agriculture forestry,AF1287RD.jpg,1287,1329
RD1288,GI839,0,agriculture forestry,AF1288RD.jpg,1288,1330
RD1289,10023,0,agriculture forestry,AF1289RD.jpg,1289,1331
RD1290,60027,0,agriculture forestry,AF1290RD.jpg,1290,1332
RD1291,GI14380,0,agriculture forestry,AF1291RD.jpg,1291,1333
RD1292,GI20085,1,agriculture forestry,AF1292RD.jpg,1292,1334
RD1293,60097,1,agriculture forestry,AF1293RD.jpg,1293,1335
RD1294,10015,0,agriculture forestry,AF1294RD.jpg,1294,1336
RD1295,60118,0,agriculture forestry,AF1295RD.jpg,1295,1337
RD1296,60413,0,agriculture forestry,AF1296RD.jpg,1296,1338
RD1297,60333,0,agriculture forestry,AF1297RD.jpg,1297,1339
RD1298,60294,0,agriculture forestry,AF1298RD.jpg,1298,1340
RD1299,60193,0,agriculture forestry,AF1299RD.jpg,1299,1341
RD1300,N90036,0,agriculture forestry,AF1300RD.jpg,1300,1342
RD1301,CS9123,0,agriculture forestry,AF1301RD.jpg,1301,1343
RD1302,60005,0,agriculture forestry,AF1302RD.jpg,1302,1344
RD1303,DB2439,1,agriculture forestry,AF1303RD.jpg,1303,1345
RD1304,GI10168,0,agriculture forestry,AF1304RD.jpg,1304,1346
RD1305,60118,0,agriculture forestry,AF1305RD.jpg,1305,1347
RD1306,GI10654,0,agriculture forestry,AF1306RD.jpg,1306,1348
RD1307,60417,0,agriculture forestry,AF1307RD.jpg,1307,1349
RD1308,10145,0,agriculture forestry,AF1308RD.jpg,1308,1350
RD1309,CS9123,0,agriculture forestry,AF1309RD.jpg,1309,1351
RD1310,CS8948,0,agriculture forestry,AF1310RD.jpg,1310,1352
RD1311,20242,0,agriculture forestry,AF1311RD.jpg,1311,1353
RD1312,60392,0,agriculture forestry,AF1312RD.jpg,1312,1354
RD1313,60049,0,agriculture forestry,AF1313RD.jpg,1313,1355
RD1314,CS11738,0,agriculture forestry,AF1314RD.jpg,1314,1356
RD1315,60333,0,agriculture forestry,AF1315RD.jpg,1315,1357
RD1316,60038,0,agriculture forestry,AF1316RD.jpg,1316,1358
RD1317,10103,0,agriculture forestry,AF1317RD.jpg,1317,1359
RD1318,GI14380,0,agriculture forestry,AF1318RD.jpg,1318,1360
RD1319,LN25062,0,agriculture forestry,AF1319RD.jpg,1319,1361
RD1320,10108,0,agriculture forestry,AF1320RD.jpg,1320,1362
RD1321,60294,0,agriculture forestry,AF1321RD.jpg,1321,1363
RD1322,60437,0,agriculture forestry,AF1322RD.jpg,1322,1364
RD1323,30041,0,agriculture forestry,AF1323RD.jpg,1323,1365
RD1324,10000,0,agriculture forestry,AF1324RD.jpg,1324,1366
RD1325,60172,0,agriculture forestry,AF1325RD.jpg,1325,1367
RD1326,60451,1,agriculture forestry,AF1326RD.jpg,1326,1368
RD1327,60023,0,agriculture forestry,AF1327RD.jpg,1327,1369
RD1328,20175,0,agriculture forestry,AF1328RD.jpg,1328,1370
RD1329,20169,0,agriculture forestry,AF1329RD.jpg,1329,1371
RD1330,60360,0,agriculture forestry,AF1330RD.jpg,1330,1372
RD1331,60430,0,agriculture forestry,AF1331RD.jpg,1331,1373
RD1332,60240,0,agriculture forestry,AF1332RD.jpg,1332,1374
RD1333,60111,0,agriculture forestry,AF1333RD.jpg,1333,1375
RD1334,N90067,0,agriculture forestry,AF1334RD.jpg,1334,1376
RD1335,10008,0,agriculture forestry,AF1335RD.jpg,1335,1377
RD1336,CS1966,0,agriculture forestry,AF1336RD.jpg,1336,1378
RD1337,60413,0,agriculture forestry,AF1337RD.jpg,1337,1379
RD1338,CS9122,0,agriculture forestry,AF1338RD.jpg,1338,1380
RD1339,10052,0,agriculture forestry,AF1339RD.jpg,1339,1381
RD1340,10020,0,agriculture forestry,AF1340RD.jpg,1340,1382
RD1341,60476,0,agriculture forestry,AF1341RD.jpg,1341,1383
RD1342,60429,0,agriculture forestry,AF1342RD.jpg,1342,1384
RD1343,CS8778,0,agriculture forestry,AF1343RD.jpg,1343,1385
RD1344,60381,0,agriculture forestry,AF1344RD.jpg,1344,1386
RD1345,10066,0,agriculture forestry,AF1345RD.jpg,1345,1387
RD1346,CS587,0,agriculture forestry,AF1346RD.jpg,1346,1388
RD1347,60381,0,agriculture forestry,AF1347RD.jpg,1347,1389
RD1348,60138,0,agriculture forestry,AF1348RD.jpg,1348,1390
RD1349,60026,0,agriculture forestry,AF1349RD.jpg,1349,1391
RD1350,60007,0,agriculture forestry,AF1350RD.jpg,1350,1392
RD1351,60242,0,agriculture forestry,AF1351RD.jpg,1351,1393
RD1352,60082,0,agriculture forestry,AF1352RD.jpg,1352,1394
RD1353,10092,0,agriculture forestry,AF1353RD.jpg,1353,1395
RD1354,10050,0,agriculture forestry,AF1354RD.jpg,1354,1396
RD1355,GI10654,0,agriculture forestry,AF1355RD.jpg,1355,1397
RD1356,60459,0,agriculture forestry,AF1356RD.jpg,1356,1398
RD1357,60477,0,agriculture forestry,AF1357RD.jpg,1357,1399
RD1358,20175,0,agriculture forestry,AF1358RD.jpg,1358,1400
RD1359,N90292,0,agriculture forestry,AF1359RD.jpg,1359,1401
RD1360,CS20749,0,agriculture forestry,AF1360RD.jpg,1360,1402
RD1361,60193,0,agriculture forestry,AF1361RD.jpg,1361,1403
RD1362,60198,1,agriculture forestry,AF1362RD.jpg,1362,1404
RD1363,30045,1,agriculture forestry,AF1363RD.jpg,1363,1405
RD1364,60045,0,agriculture forestry,AF1364RD.jpg,1364,1406
RD1365,60005,0,agriculture forestry,AF1365RD.jpg,1365,1407
RD1366,DB2661,0,agriculture forestry,AF1366RD.jpg,1366,1408
RD1367,N90117,1,agriculture forestry,AF1367RD.jpg,1367,1409
RD1368,CS9122,0,agriculture forestry,AF1368RD.jpg,1368,1410
RD1369,60115,0,agriculture forestry,AF1369RD.jpg,1369,1411
RD1370,60332,0,agriculture forestry,AF1370RD.jpg,1370,1412
RD1371,60343,0,agriculture forestry,AF1371RD.jpg,1371,1413
RD1372,GI10654,0,agriculture forestry,AF1372RD.jpg,1372,1414
RD1373,60425,0,agriculture forestry,AF1373RD.jpg,1373,1415
RD1374,CS1967,0,agriculture forestry,AF1374RD.jpg,1374,1416
RD1375,60107,0,agriculture forestry,AF1375RD.jpg,1375,1417
RD1376,LN27517,0,agriculture forestry,AF1376RD.jpg,1376,1418
RD1377,20142,0,agriculture forestry,AF1377RD.jpg,1377,1419
RD1378,10000,0,agriculture forestry,AF1378RD.jpg,1378,1420
RD1379,20210,0,agriculture forestry,AF1379RD.jpg,1379,1421
RD1380,60023,0,agriculture forestry,AF1380RD.jpg,1380,1422
RD1381,60475,0,agriculture forestry,AF1381RD.jpg,1381,1423
RD1382,50037,0,agriculture forestry,AF1382RD.jpg,1382,1424
RD1383,60023,0,agriculture forestry,AF1383RD.jpg,1383,1425
RD1384,60192,0,agriculture forestry,AF1384RD.jpg,1384,1426
RD1385,60063,0,agriculture forestry,AF1385RD.jpg,1385,1427
RD1386,10054,0,agriculture forestry,AF1386RD.jpg,1386,1428
RD1387,60258,0,agriculture forestry,AF1387RD.jpg,1387,1429
RD1388,N90024,0,agriculture forestry,AF1388RD.jpg,1388,1430
RD1389,10069,0,agriculture forestry,AF1389RD.jpg,1389,1431
RD1390,50037,0,agriculture forestry,AF1390RD.jpg,1390,1432
RD1391,20033,0,agriculture forestry,AF1391RD.jpg,1391,1433
RD1392,20142,0,agriculture forestry,AF1392RD.jpg,1392,1434
RD1393,GI14537,0,agriculture forestry,AF1393RD.jpg,1393,1435
RD1394,CS21097,0,agriculture forestry,AF1394RD.jpg,1394,1436
RD1395,10020,0,agriculture forestry,AF1395RD.jpg,1395,1437
RD1396,60135,0,agriculture forestry,AF1396RD.jpg,1396,1438
RD1397,60350,1,agriculture forestry,AF1397RD.jpg,1397,1439
RD1398,60115,0,agriculture forestry,AF1398RD.jpg,1398,1440
RD1399,CS11738,0,agriculture forestry,AF1399RD.jpg,1399,1441
RD1400,60005,0,agriculture forestry,AF1400RD.jpg,1400,1442
RD1401,60390,0,agriculture forestry,AF1401RD.jpg,1401,1443
RD1402,60161,0,agriculture forestry,AF1402RD.jpg,1402,1444
RD1403,N90119,0,agriculture forestry,AF1403RD.jpg,1403,1445
RD1404,20237,0,agriculture forestry,AF1404RD.jpg,1404,1446
RD1405,60161,0,agriculture forestry,AF1405RD.jpg,1405,1447
RD1406,60465,0,agriculture forestry,AF1406RD.jpg,1406,1448
RD1407,20210,0,agriculture forestry,AF1407RD.jpg,1407,1449
RD1408,60063,0,agriculture forestry,AF1408RD.jpg,1408,1450
RD1409,20205,0,agriculture forestry,AF1409RD.jpg,1409,1451
RD1410,60254,0,agriculture forestry,AF1410RD.jpg,1410,1452
RD1411,10069,0,agriculture forestry,AF1411RD.jpg,1411,1453
RD1412,20128,0,agriculture forestry,AF1412RD.jpg,1412,1454
RD1413,CS9123,0,agriculture forestry,AF1413RD.jpg,1413,1455
RD1414,60354,0,agriculture forestry,AF1414RD.jpg,1414,1456
RD1415,CS241,0,agriculture forestry,AF1415RD.jpg,1415,1457
RD1416,60210,1,agriculture forestry,AF1416RD.jpg,1416,1458
RD1417,10140,0,agriculture forestry,AF1417RD.jpg,1417,1459
RD1418,60007,0,agriculture forestry,AF1418RD.jpg,1418,1460
RD1419,60459,0,agriculture forestry,AF1419RD.jpg,1419,1461
RD1420,LN25062,0,agriculture forestry,AF1420RD.jpg,1420,1462
RD1421,60478,0,agriculture forestry,AF1421RD.jpg,1421,1463
RD1422,60462,0,agriculture forestry,AF1422RD.jpg,1422,1464
RD1423,LN25062,0,agriculture forestry,AF1423RD.jpg,1423,1465
RD1424,N90124,0,agriculture forestry,AF1424RD.jpg,1424,1466
RD1425,N90292,0,agriculture forestry,AF1425RD.jpg,1425,1467
RD1426,GI10168,0,agriculture forestry,AF1426RD.jpg,1426,1468
RD1427,GI13633,0,agriculture forestry,AF1427RD.jpg,1427,1469
RD1428,30056,1,agriculture forestry,AF1428RD.jpg,1428,1470
RD1429,60254,0,agriculture forestry,AF1429RD.jpg,1429,1471
RD1430,60254,0,agriculture forestry,AF1430RD.jpg,1430,1472
RD1431,CS9123,0,agriculture forestry,AF1431RD.jpg,1431,1473
RD1432,20205,0,agriculture forestry,AF1432RD.jpg,1432,1474
RD1433,CS9123,0,agriculture forestry,AF1433RD.jpg,1433,1475
RD1434,GI10330,1,agriculture forestry,AF1434RD.jpg,1434,1476
RD1435,60413,0,agriculture forestry,AF1435RD.jpg,1435,1477
RD1436,60032,0,agriculture forestry,AF1436RD.jpg,1436,1478
RD1437,60415,0,agriculture forestry,AF1437RD.jpg,1437,1479
RD1438,CS9123,0,agriculture forestry,AF1438RD.jpg,1438,1480
RD1439,GI10492,0,agriculture forestry,AF1439RD.jpg,1439,1481
RD1440,20237,0,agriculture forestry,AF1440RD.jpg,1440,1482
RD1441,GI1002,0,agriculture forestry,AF1441RD.jpg,1441,1483
RD1442,N90235,0,agriculture forestry,AF1442RD.jpg,1442,1484
RD1443,10073,0,agriculture forestry,AF1443RD.jpg,1443,1485
RD1444,60290,1,agriculture forestry,AF1444RD.jpg,1444,1486
RD1445,CS1792,0,agriculture forestry,AF1445RD.jpg,1445,1487
RD1446,20129,0,agriculture forestry,AF1446RD.jpg,1446,1488
RD1447,N90235,0,agriculture forestry,AF1447RD.jpg,1447,1489
RD1448,GI4055,0,agriculture forestry,AF1448RD.jpg,1448,1490
RD1449,N90038,0,agriculture forestry,AF1449RD.jpg,1449,1491
RD1450,CS1448,0,agriculture forestry,AF1450RD.jpg,1450,1492
RD1451,CS20922,0,agriculture forestry,AF1451RD.jpg,1451,1493
RD1452,CS1792,0,agriculture forestry,AF1452RD.jpg,1452,1494
RD1453,20175,0,agriculture forestry,AF1453RD.jpg,1453,1495
RD1454,DB2439,1,agriculture forestry,AF1454RD.jpg,1454,1496
RD1455,60210,1,agriculture forestry,AF1455RD.jpg,1455,1497
RD1456,N90024,0,agriculture forestry,AF1456RD.jpg,1456,1498
RD1457,CS1448,0,agriculture forestry,AF1457RD.jpg,1457,1499
RD1458,CS9296,0,agriculture forestry,AF1458RD.jpg,1458,1500
RD1459,20129,0,agriculture forestry,AF1459RD.jpg,1459,1501
RD1460,GI10186,0,agriculture forestry,AF1460RD.jpg,1460,1502
RD1461,60155,0,agriculture forestry,AF1461RD.jpg,1461,1503
RD1462,60027,0,agriculture forestry,AF1462RD.jpg,1462,1504
RD1463,10052,0,agriculture forestry,AF1463RD.jpg,1463,1505
RD1464,10020,0,agriculture forestry,AF1464RD.jpg,1464,1506
RD1465,60350,1,agriculture forestry,AF1465RD.jpg,1465,1507
RD1466,60089,0,agriculture forestry,AF1466RD.jpg,1466,1508
RD1467,60210,1,agriculture forestry,AF1467RD.jpg,1467,1509
RD1468,60333,0,agriculture forestry,AF1468RD.jpg,1468,1510
RD1469,20175,0,agriculture forestry,AF1469RD.jpg,1469,1511
RD1470,60443,0,agriculture forestry,AF1470RD.jpg,1470,1512
RD1471,CS1794,0,agriculture forestry,AF1471RD.jpg,1471,1513
RD1472,30041,0,agriculture forestry,AF1472RD.jpg,1472,1514
RD1473,N00006,1,agriculture forestry,AF1473RD.jpg,1473,1515
RD1474,60275,1,agriculture forestry,AF1474RD.jpg,1474,1516
RD1475,GI14704,0,agriculture forestry,AF1475RD.jpg,1475,1517
RD1476,CS9124,0,agriculture forestry,AF1476RD.jpg,1476,1518
RD1477,CS9297,0,agriculture forestry,AF1477RD.jpg,1477,1519
RD1478,10073,0,agriculture forestry,AF1478RD.jpg,1478,1520
RD1479,CS1792,0,agriculture forestry,AF1479RD.jpg,1479,1521
RD1480,60417,0,agriculture forestry,AF1480RD.jpg,1480,1522
RD1481,10020,0,agriculture forestry,AF1481RD.jpg,1481,1523
RD1482,CS1792,0,agriculture forestry,AF1482RD.jpg,1482,1524
RD1483,30041,0,agriculture forestry,AF1483RD.jpg,1483,1525
RD1484,60038,0,agriculture forestry,AF1484RD.jpg,1484,1526
RD1485,60107,0,agriculture forestry,AF1485RD.jpg,1485,1527
RD1486,CS8948,0,agriculture forestry,AF1486RD.jpg,1486,1528
RD1487,60381,0,agriculture forestry,AF1487RD.jpg,1487,1529
RD1488,CS1448,0,agriculture forestry,AF1488RD.jpg,1488,1530
RD1489,60198,1,agriculture forestry,AF1489RD.jpg,1489,1531
RD1490,60322,0,agriculture forestry,AF1490RD.jpg,1490,1532
RD1491,N90209,0,agriculture forestry,AF1491RD.jpg,1491,1533
RD1492,CS20922,0,agriculture forestry,AF1492RD.jpg,1492,1534
RD1493,20160,0,agriculture forestry,AF1493RD.jpg,1493,1535
RD1494,10145,0,agriculture forestry,AF1494RD.jpg,1494,1536
RD1495,20240,0,agriculture forestry,AF1495RD.jpg,1495,1537
RD1496,20016,0,agriculture forestry,AF1496RD.jpg,1496,1538
RD1497,60045,0,agriculture forestry,AF1497RD.jpg,1497,1539
RD1498,60466,0,agriculture forestry,AF1498RD.jpg,1498,1540
RD1499,10054,0,agriculture forestry,AF1499RD.jpg,1499,1541
RD1500,60089,0,agriculture forestry,AF1500RD.jpg,1500,1542
RD1501,60254,0,agriculture forestry,AF1501RD.jpg,1501,1543
RD1502,20175,0,agriculture forestry,AF1502RD.jpg,1502,1544
RD1503,60413,0,agriculture forestry,AF1503RD.jpg,1503,1545
RD1504,GI10492,0,agriculture forestry,AF1504RD.jpg,1504,1546
RD1505,10140,0,agriculture forestry,AF1505RD.jpg,1505,1547
RD1506,30041,0,agriculture forestry,AF1506RD.jpg,1506,1548
RD1507,60172,0,agriculture forestry,AF1507RD.jpg,1507,1549
RD1508,30028,0,agriculture forestry,AF1508RD.jpg,1508,1550
RD1509,60266,0,agriculture forestry,AF1509RD.jpg,1509,1551
RD1510,60437,0,agriculture forestry,AF1510RD.jpg,1510,1552
RD1511,GI17460,0,agriculture forestry,AF1511RD.jpg,1511,1553
RD1512,60443,0,agriculture forestry,AF1512RD.jpg,1512,1554
RD1513,60254,0,agriculture forestry,AF1513RD.jpg,1513,1555
RD1514,DB2964,0,agriculture forestry,AF1514RD.jpg,1514,1556
RD1515,GI14209,0,agriculture forestry,AF1515RD.jpg,1515,1557
RD1516,GI14866,0,agriculture forestry,AF1516RD.jpg,1516,1558
RD1517,LN25062,0,agriculture forestry,AF1517RD.jpg,1517,1559
RD1518,60290,1,agriculture forestry,AF1518RD.jpg,1518,1560
RD1519,60254,0,agriculture forestry,AF1519RD.jpg,1519,1561
RD1520,50037,0,agriculture forestry,AF1520RD.jpg,1520,1562
RD1521,CS8777,0,agriculture forestry,AF1521RD.jpg,1521,1563
RD1522,GI1163,0,agriculture forestry,AF1522RD.jpg,1522,1564
RD1523,N90117,1,agriculture forestry,AF1523RD.jpg,1523,1565
RD1524,60240,0,agriculture forestry,AF1524RD.jpg,1524,1566
RD1525,N90148,0,agriculture forestry,AF1525RD.jpg,1525,1567
RD1526,60038,0,agriculture forestry,AF1526RD.jpg,1526,1568
RD1527,60392,0,agriculture forestry,AF1527RD.jpg,1527,1569
RD1528,60343,0,agriculture forestry,AF1528RD.jpg,1528,1570
RD1529,20169,0,agriculture forestry,AF1529RD.jpg,1529,1571
RD1530,60063,0,agriculture forestry,AF1530RD.jpg,1530,1572
RD1531,60363,0,agriculture forestry,AF1531RD.jpg,1531,1573
RD1532,60260,0,agriculture forestry,AF1532RD.jpg,1532,1574
RD1533,N90153,0,agriculture forestry,AF1533RD.jpg,1533,1575
RD1534,60187,0,agriculture forestry,AF1534RD.jpg,1534,1576
RD1535,20082,0,agriculture forestry,AF1535RD.jpg,1535,1577
RD1536,60349,0,agriculture forestry,AF1536RD.jpg,1536,1578
RD1537,60425,0,agriculture forestry,AF1537RD.jpg,1537,1579
RD1538,N90258,1,agriculture forestry,AF1538RD.jpg,1538,1580
RD1539,30051,0,agriculture forestry,AF1539RD.jpg,1539,1581
RD1540,20019,0,agriculture forestry,AF1540RD.jpg,1540,1582
RD1541,GI13633,0,agriculture forestry,AF1541RD.jpg,1541,1583
RD1542,20210,0,agriculture forestry,AF1542RD.jpg,1542,1584
RD1543,20224,0,agriculture forestry,AF1543RD.jpg,1543,1585
RD1544,GI14542,0,agriculture forestry,AF1544RD.jpg,1544,1586
RD1545,10054,0,agriculture forestry,AF1545RD.jpg,1545,1587
RD1546,60476,0,agriculture forestry,AF1546RD.jpg,1546,1588
RD1547,10000,0,agriculture forestry,AF1547RD.jpg,1547,1589
RD1548,30028,0,agriculture forestry,AF1548RD.jpg,1548,1590
RD1549,60242,0,agriculture forestry,AF1549RD.jpg,1549,1591
RD1550,60467,0,agriculture forestry,AF1550RD.jpg,1550,1592
RD1551,60172,0,agriculture forestry,AF1551RD.jpg,1551,1593
RD1552,60279,0,agriculture forestry,AF1552RD.jpg,1552,1594
RD1553,CS20922,0,agriculture forestry,AF1553RD.jpg,1553,1595
RD1554,CS9295,0,agriculture forestry,AF1554RD.jpg,1554,1596
RD1555,GI14551,0,agriculture forestry,AF1555RD.jpg,1555,1597
RD1556,50017,0,agriculture forestry,AF1556RD.jpg,1556,1598
RD1557,10000,0,agriculture forestry,AF1557RD.jpg,1557,1599
RD1558,60007,0,agriculture forestry,AF1558RD.jpg,1558,1600
RD1559,CS9295,0,agriculture forestry,AF1559RD.jpg,1559,1601
RD1560,50008,0,agriculture forestry,AF1560RD.jpg,1560,1602
RD1561,60322,0,agriculture forestry,AF1561RD.jpg,1561,1603
RD1562,CS587,0,agriculture forestry,AF1562RD.jpg,1562,1604
RD1563,60459,0,agriculture forestry,AF1563RD.jpg,1563,1605
RD1564,60467,0,agriculture forestry,AF1564RD.jpg,1564,1606
RD1565,CS8950,0,agriculture forestry,AF1565RD.jpg,1565,1607
RD1566,GI10492,1,agriculture forestry,AF1566RD.jpg,1566,1608
RD1567,30056,1,agriculture forestry,AF1567RD.jpg,1567,1609
RD1568,60425,0,agriculture forestry,AF1568RD.jpg,1568,1610
RD1569,GI10510,0,agriculture forestry,AF1569RD.jpg,1569,1611
RD1570,CS9124,0,agriculture forestry,AF1570RD.jpg,1570,1612
RD1571,50017,0,agriculture forestry,AF1571RD.jpg,1571,1613
RD1572,60332,0,agriculture forestry,AF1572RD.jpg,1572,1614
RD1573,CS11738,0,agriculture forestry,AF1573RD.jpg,1573,1615
RD1574,CS760,0,agriculture forestry,AF1574RD.jpg,1574,1616
RD1575,20142,0,agriculture forestry,AF1575RD.jpg,1575,1617
RD1576,60007,0,agriculture forestry,AF1576RD.jpg,1576,1618
RD1577,N90235,0,agriculture forestry,AF1577RD.jpg,1577,1619
RD1578,10144,0,agriculture forestry,AF1578RD.jpg,1578,1620
RD1579,60172,0,agriculture forestry,AF1579RD.jpg,1579,1621
RD1580,60097,1,agriculture forestry,AF1580RD.jpg,1580,1622
RD1581,20175,0,agriculture forestry,AF1581RD.jpg,1581,1623
RD1582,60381,0,agriculture forestry,AF1582RD.jpg,1582,1624
RD1583,60415,0,agriculture forestry,AF1583RD.jpg,1583,1625
RD1584,GI14209,0,agriculture forestry,AF1584RD.jpg,1584,1626
RD1585,GI17622,0,agriculture forestry,AF1585RD.jpg,1585,1627
RD1586,CS1967,0,agriculture forestry,AF1586RD.jpg,1586,1628
RD1587,60178,0,agriculture forestry,AF1587RD.jpg,1587,1629
RD1588,10092,0,agriculture forestry,AF1588RD.jpg,1588,1630
RD1589,60370,0,agriculture forestry,AF1589RD.jpg,1589,1631
RD1590,CS8777,0,agriculture forestry,AF1590RD.jpg,1590,1632
RD1591,DB2619,0,agriculture forestry,AF1591RD.jpg,1591,1633
RD1592,60275,0,agriculture forestry,AF1592RD.jpg,1592,1634
RD1593,CS9123,0,agriculture forestry,AF1593RD.jpg,1593,1635
RD1594,CS9295,0,agriculture forestry,AF1594RD.jpg,1594,1636
RD1595,60477,0,agriculture forestry,AF1595RD.jpg,1595,1637
RD1596,10144,0,agriculture forestry,AF1596RD.jpg,1596,1638
RD1597,GI10348,0,agriculture forestry,AF1597RD.jpg,1597,1639
RD1598,CS9124,0,agriculture forestry,AF1598RD.jpg,1598,1640
RD1599,GI10330,1,agriculture forestry,AF1599RD.jpg,1599,1641
RD1600,N90245,1,agriculture forestry,AF1600RD.jpg,1600,1642
RD1601,60160,1,agriculture forestry,AF1601RD.jpg,1601,1643
RD1602,CS1966,0,agriculture forestry,AF1602RD.jpg,1602,1644
RD1603,CS9121,0,agriculture forestry,AF1603RD.jpg,1603,1645
RD1604,20019,0,agriculture forestry,AF1604RD.jpg,1604,1646
RD1605,60007,0,agriculture forestry,AF1605RD.jpg,1605,1647
RD1606,N90067,0,agriculture forestry,AF1606RD.jpg,1606,1648
RD1607,60475,0,agriculture forestry,AF1607RD.jpg,1607,1649
RD1608,CS11738,0,agriculture forestry,AF1608RD.jpg,1608,1650
RD1609,CS1621,0,agriculture forestry,AF1609RD.jpg,1609,1651
RD1610,60321,1,agriculture forestry,AF1610RD.jpg,1610,1652
RD1611,GI14537,0,agriculture forestry,AF1611RD.jpg,1611,1653
RD1612,30045,1,agriculture forestry,AF1612RD.jpg,1612,1654
RD1613,GI10348,0,agriculture forestry,AF1613RD.jpg,1613,1655
RD1614,60127,0,agriculture forestry,AF1614RD.jpg,1614,1656
RD1615,60138,0,agriculture forestry,AF1615RD.jpg,1615,1657
RD1616,60258,0,agriculture forestry,AF1616RD.jpg,1616,1658
RD1617,CS9121,0,agriculture forestry,AF1617RD.jpg,1617,1659
RD1618,60466,0,agriculture forestry,AF1618RD.jpg,1618,1660
RD1619,60333,0,agriculture forestry,AF1619RD.jpg,1619,1661
RD1620,60155,0,agriculture forestry,AF1620RD.jpg,1620,1662
RD1621,GI20085,1,agriculture forestry,AF1621RD.jpg,1621,1663
RD1622,60007,0,agriculture forestry,AF1622RD.jpg,1622,1664
RD1623,DB2784,0,agriculture forestry,AF1623RD.jpg,1623,1665
RD1624,60254,0,agriculture forestry,AF1624RD.jpg,1624,1666
RD1625,30045,1,agriculture forestry,AF1625RD.jpg,1625,1667
RD1626,60054,0,agriculture forestry,AF1626RD.jpg,1626,1668
RD1627,10000,0,agriculture forestry,AF1627RD.jpg,1627,1669
RD1628,LN24888,0,agriculture forestry,AF1628RD.jpg,1628,1670
RD1629,60443,0,agriculture forestry,AF1629RD.jpg,1629,1671
RD1630,GI4055,0,agriculture forestry,AF1630RD.jpg,1630,1672
RD1631,GI14551,0,agriculture forestry,AF1631RD.jpg,1631,1673
RD1632,CS9123,0,agriculture forestry,AF1632RD.jpg,1632,1674
RD1633,60350,1,agriculture forestry,AF1633RD.jpg,1633,1675
RD1634,CS8022,0,construction waste,CW000RD.jpg,0,1676
RD1635,10089,1,construction waste,CW001RD.jpg,1,1677
RD1636,CS750,0,construction waste,CW002RD.jpg,2,1678
RD1637,CS7847,2,construction waste,CW003RD.jpg,3,1679
RD1638,N00008,0,construction waste,CW004RD.jpg,4,1680
RD1639,N00260,1,construction waste,CW005RD.jpg,5,1681
RD1640,CS750,1,construction waste,CW006RD.jpg,6,1682
RD1641,60040,3,construction waste,CW007RD.jpg,7,1683
RD1642,LN2892,0,construction waste,CW008RD.jpg,8,1684
RD1643,10055,0,construction waste,CW009RD.jpg,9,1685
RD1644,10051,0,construction waste,CW010RD.jpg,10,1686
RD1645,DB3618,0,construction waste,CW011RD.jpg,11,1687
RD1646,60207,0,construction waste,CW012RD.jpg,12,1688
RD1647,60289,0,construction waste,CW013RD.jpg,13,1689
RD1648,N00366,1,construction waste,CW014RD.jpg,14,1690
RD1649,20195,0,construction waste,CW015RD.jpg,15,1691
RD1650,20200,0,construction waste,CW016RD.jpg,16,1692
RD1651,60393,0,construction waste,CW017RD.jpg,17,1693
RD1652,CS15463,0,construction waste,CW018RD.jpg,18,1694
RD1653,10138,1,construction waste,CW019RD.jpg,19,1695
RD1654,N00156,0,construction waste,CW020RD.jpg,20,1696
RD1655,60159,0,construction waste,CW021RD.jpg,21,1697
RD1656,DB4420,0,construction waste,CW022RD.jpg,22,1698
RD1657,20077,1,construction waste,CW023RD.jpg,23,1699
RD1658,10138,1,construction waste,CW024RD.jpg,24,1700
RD1659,N00258,1,construction waste,CW025RD.jpg,25,1701
RD1660,60225,0,construction waste,CW026RD.jpg,26,1702
RD1661,DB7066,0,construction waste,CW027RD.jpg,27,1703
RD1662,CS9611,0,construction waste,CW028RD.jpg,28,1704
RD1663,10022,0,construction waste,CW029RD.jpg,29,1705
RD1664,CS8019,1,construction waste,CW030RD.jpg,30,1706
RD1665,N00089,0,construction waste,CW031RD.jpg,31,1707
RD1666,CS9053,0,construction waste,CW032RD.jpg,32,1708
RD1667,10131,0,construction waste,CW033RD.jpg,33,1709
RD1668,60446,0,construction waste,CW034RD.jpg,34,1710
RD1669,60419,0,construction waste,CW035RD.jpg,35,1711
RD1670,N90277,1,construction waste,CW036RD.jpg,36,1712
RD1671,10126,0,construction waste,CW037RD.jpg,37,1713
RD1672,CS15463,0,construction waste,CW038RD.jpg,38,1714
RD1673,LN2544,0,construction waste,CW039RD.jpg,39,1715
RD1674,20144,0,construction waste,CW040RD.jpg,40,1716
RD1675,20081,1,construction waste,CW041RD.jpg,41,1717
RD1676,20058,0,construction waste,CW042RD.jpg,42,1718
RD1677,CS7501,0,construction waste,CW043RD.jpg,43,1719
RD1678,20217,1,construction waste,CW044RD.jpg,44,1720
RD1679,N00325,0,construction waste,CW045RD.jpg,45,1721
RD1680,N00106,1,construction waste,CW046RD.jpg,46,1722
RD1681,N00361,2,construction waste,CW047RD.jpg,47,1723
RD1682,60168,0,construction waste,CW048RD.jpg,48,1724
RD1683,60239,0,construction waste,CW049RD.jpg,49,1725
RD1684,N00214,1,construction waste,CW050RD.jpg,50,1726
RD1685,10019,0,construction waste,CW051RD.jpg,51,1727
RD1686,CS9055,0,construction waste,CW052RD.jpg,52,1728
RD1687,60100,1,construction waste,CW053RD.jpg,53,1729
RD1688,20076,0,construction waste,CW054RD.jpg,54,1730
RD1689,60076,0,construction waste,CW055RD.jpg,55,1731
RD1690,DB4438,0,construction waste,CW056RD.jpg,56,1732
RD1691,N00596,0,construction waste,CW057RD.jpg,57,1733
RD1692,CS750,0,construction waste,CW058RD.jpg,58,1734
RD1693,20069,0,construction waste,CW059RD.jpg,59,1735
RD1694,N00395,2,construction waste,CW060RD.jpg,60,1736
RD1695,N00477,0,construction waste,CW061RD.jpg,61,1737
RD1696,DB4995,0,construction waste,CW062RD.jpg,62,1738
RD1697,N00235,0,construction waste,CW063RD.jpg,63,1739
RD1698,20212,0,construction waste,CW064RD.jpg,64,1740
RD1699,GI13296,1,construction waste,CW065RD.jpg,65,1741
RD1700,N00512,0,construction waste,CW066RD.jpg,66,1742
RD1701,CS14439,0,construction waste,CW067RD.jpg,67,1743
RD1702,CS10622,0,construction waste,CW068RD.jpg,68,1744
RD1703,60412,0,construction waste,CW069RD.jpg,69,1745
RD1704,10130,0,construction waste,CW070RD.jpg,70,1746
RD1705,N00361,2,construction waste,CW071RD.jpg,71,1747
RD1706,N00370,2,construction waste,CW072RD.jpg,72,1748
RD1707,CS9957,0,construction waste,CW073RD.jpg,73,1749
RD1708,CS576,2,construction waste,CW074RD.jpg,74,1750
RD1709,60136,0,construction waste,CW075RD.jpg,75,1751
RD1710,10154,0,construction waste,CW076RD.jpg,76,1752
RD1711,30060,0,construction waste,CW077RD.jpg,77,1753
RD1712,20202,0,construction waste,CW078RD.jpg,78,1754
RD1713,60356,1,construction waste,CW079RD.jpg,79,1755
RD1714,N00484,1,construction waste,CW080RD.jpg,80,1756
RD1715,N00467,0,construction waste,CW081RD.jpg,81,1757
RD1716,N90019,1,construction waste,CW082RD.jpg,82,1758
RD1717,60442,0,construction waste,CW083RD.jpg,83,1759
RD1718,CS6657,0,construction waste,CW084RD.jpg,84,1760
RD1719,CS9787,0,construction waste,CW085RD.jpg,85,1761
RD1720,60331,0,construction waste,CW086RD.jpg,86,1762
RD1721,CS2047,0,construction waste,CW087RD.jpg,87,1763
RD1722,60439,0,construction waste,CW088RD.jpg,88,1764
RD1723,N00328,2,construction waste,CW089RD.jpg,89,1765
RD1724,10013,0,construction waste,CW090RD.jpg,90,1766
RD1725,N00087,0,construction waste,CW091RD.jpg,91,1767
RD1726,10083,0,construction waste,CW092RD.jpg,92,1768
RD1727,20182,0,construction waste,CW093RD.jpg,93,1769
RD1728,20043,0,construction waste,CW094RD.jpg,94,1770
RD1729,60067,0,construction waste,CW095RD.jpg,95,1771
RD1730,30060,0,construction waste,CW096RD.jpg,96,1772
RD1731,10109,0,construction waste,CW097RD.jpg,97,1773
RD1732,CS9784,0,construction waste,CW098RD.jpg,98,1774
RD1733,10107,1,construction waste,CW099RD.jpg,99,1775
RD1734,10091,0,construction waste,CW100RD.jpg,100,1776
RD1735,10046,0,construction waste,CW101RD.jpg,101,1777
RD1736,60117,0,construction waste,CW102RD.jpg,102,1778
RD1737,DB4331,0,construction waste,CW103RD.jpg,103,1779
RD1738,CS9439,1,construction waste,CW104RD.jpg,104,1780
RD1739,10071,0,construction waste,CW105RD.jpg,105,1781
RD1740,CS7500,0,construction waste,CW106RD.jpg,106,1782
RD1741,60171,0,construction waste,CW107RD.jpg,107,1783
RD1742,CS16503,0,construction waste,CW108RD.jpg,108,1784
RD1743,N00140,1,construction waste,CW109RD.jpg,109,1785
RD1744,GI13619,2,construction waste,CW110RD.jpg,110,1786
RD1745,N00258,1,construction waste,CW111RD.jpg,111,1787
RD1746,N90064,1,construction waste,CW112RD.jpg,112,1788
RD1747,N90260,2,construction waste,CW113RD.jpg,113,1789
RD1748,50006,0,construction waste,CW114RD.jpg,114,1790
RD1749,CS9956,0,construction waste,CW115RD.jpg,115,1791
RD1750,CS7671,0,construction waste,CW116RD.jpg,116,1792
RD1751,DB3618,0,construction waste,CW117RD.jpg,117,1793
RD1752,10083,0,construction waste,CW118RD.jpg,118,1794
RD1753,60095,0,construction waste,CW119RD.jpg,119,1795
RD1754,CS7675,0,construction waste,CW120RD.jpg,120,1796
RD1755,10028,0,construction waste,CW121RD.jpg,121,1797
RD1756,N00379,0,construction waste,CW122RD.jpg,122,1798
RD1757,20195,0,construction waste,CW123RD.jpg,123,1799
RD1758,60264,0,construction waste,CW124RD.jpg,124,1800
RD1759,60416,0,construction waste,CW125RD.jpg,125,1801
RD1760,CS8018,0,construction waste,CW126RD.jpg,126,1802
RD1761,20148,0,construction waste,CW127RD.jpg,127,1803
RD1762,10138,1,construction waste,CW128RD.jpg,128,1804
RD1763,GI14495,1,construction waste,CW129RD.jpg,129,1805
RD1764,20032,1,construction waste,CW130RD.jpg,130,1806
RD1765,CS8019,0,construction waste,CW131RD.jpg,131,1807
RD1766,CS7502,0,construction waste,CW132RD.jpg,132,1808
RD1767,N00596,0,construction waste,CW133RD.jpg,133,1809
RD1768,60080,0,construction waste,CW134RD.jpg,134,1810
RD1769,N00198,1,construction waste,CW135RD.jpg,135,1811
RD1770,60450,0,construction waste,CW136RD.jpg,136,1812
RD1771,N00325,0,construction waste,CW137RD.jpg,137,1813
RD1772,N00371,1,construction waste,CW138RD.jpg,138,1814
RD1773,CS9958,1,construction waste,CW139RD.jpg,139,1815
RD1774,N00294,0,construction waste,CW140RD.jpg,140,1816
RD1775,60331,0,construction waste,CW141RD.jpg,141,1817
RD1776,60122,0,construction waste,CW142RD.jpg,142,1818
RD1777,N00104,2,construction waste,CW143RD.jpg,143,1819
RD1778,N00363,0,construction waste,CW144RD.jpg,144,1820
RD1779,20040,1,construction waste,CW145RD.jpg,145,1821
RD1780,CS7675,0,construction waste,CW146RD.jpg,146,1822
RD1781,10046,0,construction waste,CW147RD.jpg,147,1823
RD1782,60376,0,construction waste,CW148RD.jpg,148,1824
RD1783,20003,0,construction waste,CW149RD.jpg,149,1825
RD1784,10109,0,construction waste,CW150RD.jpg,150,1826
RD1785,10068,3,construction waste,CW151RD.jpg,151,1827
RD1786,10102,0,construction waste,CW152RD.jpg,152,1828
RD1787,50010,0,construction waste,CW153RD.jpg,153,1829
RD1788,N00344,1,construction waste,CW154RD.jpg,154,1830
RD1789,60419,0,construction waste,CW155RD.jpg,155,1831
RD1790,20180,1,construction waste,CW156RD.jpg,156,1832
RD1791,60182,1,construction waste,CW157RD.jpg,157,1833
RD1792,N00040,0,construction waste,CW158RD.jpg,158,1834
RD1793,N00272,0,construction waste,CW159RD.jpg,159,1835
RD1794,20159,0,construction waste,CW160RD.jpg,160,1836
RD1795,N00481,0,construction waste,CW161RD.jpg,161,1837
RD1796,CS1874,0,construction waste,CW162RD.jpg,162,1838
RD1797,10113,0,construction waste,CW163RD.jpg,163,1839
RD1798,10046,0,construction waste,CW164RD.jpg,164,1840
RD1799,CS9055,0,construction waste,CW165RD.jpg,165,1841
RD1800,N90181,0,construction waste,CW166RD.jpg,166,1842
RD1801,N00342,0,construction waste,CW167RD.jpg,167,1843
RD1802,10033,0,construction waste,CW168RD.jpg,168,1844
RD1803,CS8022,0,construction waste,CW169RD.jpg,169,1845
RD1804,60374,0,construction waste,CW170RD.jpg,170,1846
RD1805,CS9437,0,construction waste,CW171RD.jpg,171,1847
RD1806,20067,0,construction waste,CW172RD.jpg,172,1848
RD1807,N00301,0,construction waste,CW173RD.jpg,173,1849
RD1808,DB3857,1,construction waste,CW174RD.jpg,174,1850
RD1809,60324,0,construction waste,CW175RD.jpg,175,1851
RD1810,N00527,1,construction waste,CW176RD.jpg,176,1852
RD1811,N00194,0,construction waste,CW177RD.jpg,177,1853
RD1812,20088,0,construction waste,CW178RD.jpg,178,1854
RD1813,CS16503,0,construction waste,CW179RD.jpg,179,1855
RD1814,N90211,0,construction waste,CW180RD.jpg,180,1856
RD1815,N00318,1,construction waste,CW181RD.jpg,181,1857
RD1816,N00545,0,construction waste,CW182RD.jpg,182,1858
RD1817,10118,0,construction waste,CW183RD.jpg,183,1859
RD1818,CS7501,0,construction waste,CW184RD.jpg,184,1860
RD1819,10045,0,construction waste,CW185RD.jpg,185,1861
RD1820,GI13619,2,construction waste,CW186RD.jpg,186,1862
RD1821,20077,0,construction waste,CW187RD.jpg,187,1863
RD1822,60474,0,construction waste,CW188RD.jpg,188,1864
RD1823,DB7066,0,construction waste,CW189RD.jpg,189,1865
RD1824,CS9400,0,construction waste,CW190RD.jpg,190,1866
RD1825,N00442,0,construction waste,CW191RD.jpg,191,1867
RD1826,50040,1,construction waste,CW192RD.jpg,192,1868
RD1827,N00344,1,construction waste,CW193RD.jpg,193,1869
RD1828,N00260,1,construction waste,CW194RD.jpg,194,1870
RD1829,60395,0,construction waste,CW195RD.jpg,195,1871
RD1830,DB3708,0,construction waste,CW196RD.jpg,196,1872
RD1831,GI13620,0,construction waste,CW197RD.jpg,197,1873
RD1832,N00089,0,construction waste,CW198RD.jpg,198,1874
RD1833,N00323,0,construction waste,CW199RD.jpg,199,1875
RD1834,CS1872,0,construction waste,CW200RD.jpg,200,1876
RD1835,N00484,1,construction waste,CW201RD.jpg,201,1877
RD1836,60148,1,construction waste,CW202RD.jpg,202,1878
RD1837,60101,0,construction waste,CW203RD.jpg,203,1879
RD1838,60266,1,construction waste,CW204RD.jpg,204,1880
RD1839,20148,0,construction waste,CW205RD.jpg,205,1881
RD1840,50010,0,construction waste,CW206RD.jpg,206,1882
RD1841,60182,0,construction waste,CW207RD.jpg,207,1883
RD1842,60251,0,construction waste,CW208RD.jpg,208,1884
RD1843,CS9957,0,construction waste,CW209RD.jpg,209,1885
RD1844,10102,0,construction waste,CW210RD.jpg,210,1886
RD1845,N00486,0,construction waste,CW211RD.jpg,211,1887
RD1846,N00342,0,construction waste,CW212RD.jpg,212,1888
RD1847,N00412,1,construction waste,CW213RD.jpg,213,1889
RD1848,CS9611,0,construction waste,CW214RD.jpg,214,1890
RD1849,GI13457,3,construction waste,CW215RD.jpg,215,1891
RD1850,60158,0,construction waste,CW216RD.jpg,216,1892
RD1851,10045,0,construction waste,CW217RD.jpg,217,1893
RD1852,N00328,1,construction waste,CW218RD.jpg,218,1894
RD1853,N00001,0,construction waste,CW219RD.jpg,219,1895
RD1854,20180,1,construction waste,CW220RD.jpg,220,1896
RD1855,N00104,2,construction waste,CW221RD.jpg,221,1897
RD1856,CS8018,1,construction waste,CW222RD.jpg,222,1898
RD1857,60174,0,construction waste,CW223RD.jpg,223,1899
RD1858,N00586,1,construction waste,CW224RD.jpg,224,1900
RD1859,LN21954,0,construction waste,CW225RD.jpg,225,1901
RD1860,CS10278,0,construction waste,CW226RD.jpg,226,1902
RD1861,60017,0,construction waste,CW227RD.jpg,227,1903
RD1862,CS1873,0,construction waste,CW228RD.jpg,228,1904
RD1863,LN21961,1,construction waste,CW229RD.jpg,229,1905
RD1864,10102,0,construction waste,CW230RD.jpg,230,1906
RD1865,10083,0,construction waste,CW231RD.jpg,231,1907
RD1866,N00260,1,construction waste,CW232RD.jpg,232,1908
RD1867,CS8022,0,construction waste,CW233RD.jpg,233,1909
RD1868,60451,0,construction waste,CW234RD.jpg,234,1910
RD1869,CS1701,0,construction waste,CW235RD.jpg,235,1911
RD1870,N00076,0,construction waste,CW236RD.jpg,236,1912
RD1871,60446,0,construction waste,CW237RD.jpg,237,1913
RD1872,DB4126,0,construction waste,CW238RD.jpg,238,1914
RD1873,CS15810,0,construction waste,CW239RD.jpg,239,1915
RD1874,CS9787,0,construction waste,CW240RD.jpg,240,1916
RD1875,CS9438,0,construction waste,CW241RD.jpg,241,1917
RD1876,DB6639,0,construction waste,CW242RD.jpg,242,1918
RD1877,N90264,2,construction waste,CW243RD.jpg,243,1919
RD1878,10011,0,construction waste,CW244RD.jpg,244,1920
RD1879,N00008,0,construction waste,CW245RD.jpg,245,1921
RD1880,60040,0,construction waste,CW246RD.jpg,246,1922
RD1881,DB4036,0,construction waste,CW247RD.jpg,247,1923
RD1882,CS8873,0,construction waste,CW248RD.jpg,248,1924
RD1883,60067,0,construction waste,CW249RD.jpg,249,1925
RD1884,CS7672,0,construction waste,CW250RD.jpg,250,1926
RD1885,N00020,1,construction waste,CW251RD.jpg,251,1927
RD1886,GI13458,0,construction waste,CW252RD.jpg,252,1928
RD1887,CS9441,0,construction waste,CW253RD.jpg,253,1929
RD1888,60012,0,construction waste,CW254RD.jpg,254,1930
RD1889,60264,0,construction waste,CW255RD.jpg,255,1931
RD1890,20003,0,construction waste,CW256RD.jpg,256,1932
RD1891,DB4420,0,construction waste,CW257RD.jpg,257,1933
RD1892,N00076,0,construction waste,CW258RD.jpg,258,1934
RD1893,CS8193,0,construction waste,CW259RD.jpg,259,1935
RD1894,CS7846,2,construction waste,CW260RD.jpg,260,1936
RD1895,CS9441,0,construction waste,CW261RD.jpg,261,1937
RD1896,10028,0,construction waste,CW262RD.jpg,262,1938
RD1897,20012,0,construction waste,CW263RD.jpg,263,1939
RD1898,60412,0,construction waste,CW264RD.jpg,264,1940
RD1899,60117,0,construction waste,CW265RD.jpg,265,1941
RD1900,N90164,1,construction waste,CW266RD.jpg,266,1942
RD1901,N90211,0,construction waste,CW267RD.jpg,267,1943
RD1902,N90254,1,construction waste,CW268RD.jpg,268,1944
RD1903,CS8018,0,construction waste,CW269RD.jpg,269,1945
RD1904,60449,0,construction waste,CW270RD.jpg,270,1946
RD1905,N00328,1,construction waste,CW271RD.jpg,271,1947
RD1906,CS9959,1,construction waste,CW272RD.jpg,272,1948
RD1907,CS9055,0,construction waste,CW273RD.jpg,273,1949
RD1908,20178,0,construction waste,CW274RD.jpg,274,1950
RD1909,60412,0,construction waste,CW275RD.jpg,275,1951
RD1910,60377,0,construction waste,CW276RD.jpg,276,1952
RD1911,N00370,2,construction waste,CW277RD.jpg,277,1953
RD1912,CS10795,0,construction waste,CW278RD.jpg,278,1954
RD1913,N00430,0,construction waste,CW279RD.jpg,279,1955
RD1914,10131,0,construction waste,CW280RD.jpg,280,1956
RD1915,10118,0,construction waste,CW281RD.jpg,281,1957
RD1916,N00467,0,construction waste,CW282RD.jpg,282,1958
RD1917,20152,0,construction waste,CW283RD.jpg,283,1959
RD1918,10060,0,construction waste,CW284RD.jpg,284,1960
RD1919,N90234,0,construction waste,CW285RD.jpg,285,1961
RD1920,N00323,0,construction waste,CW286RD.jpg,286,1962
RD1921,LN2544,1,construction waste,CW287RD.jpg,287,1963
RD1922,20012,0,construction waste,CW288RD.jpg,288,1964
RD1923,60058,0,construction waste,CW289RD.jpg,289,1965
RD1924,60374,0,construction waste,CW290RD.jpg,290,1966
RD1925,10011,0,construction waste,CW291RD.jpg,291,1967
RD1926,60150,0,construction waste,CW292RD.jpg,292,1968
RD1927,20217,1,construction waste,CW293RD.jpg,293,1969
RD1928,20088,0,construction waste,CW294RD.jpg,294,1970
RD1929,CS9054,0,construction waste,CW295RD.jpg,295,1971
RD1930,N90280,1,construction waste,CW296RD.jpg,296,1972
RD1931,CS9785,1,construction waste,CW297RD.jpg,297,1973
RD1932,CS16329,0,construction waste,CW298RD.jpg,298,1974
RD1933,CS8872,0,construction waste,CW299RD.jpg,299,1975
RD1934,N00557,1,construction waste,CW300RD.jpg,300,1976
RD1935,60307,0,construction waste,CW301RD.jpg,301,1977
RD1936,CS9227,0,construction waste,CW302RD.jpg,302,1978
RD1937,60174,0,construction waste,CW303RD.jpg,303,1979
RD1938,N00467,0,construction waste,CW304RD.jpg,304,1980
RD1939,N00172,1,construction waste,CW305RD.jpg,305,1981
RD1940,10105,0,construction waste,CW306RD.jpg,306,1982
RD1941,N00527,1,construction waste,CW307RD.jpg,307,1983
RD1942,CS14439,0,construction waste,CW308RD.jpg,308,1984
RD1943,GI13296,0,construction waste,CW309RD.jpg,309,1985
RD1944,60412,0,construction waste,CW310RD.jpg,310,1986
RD1945,30004,0,construction waste,CW311RD.jpg,311,1987
RD1946,10101,0,construction waste,CW312RD.jpg,312,1988
RD1947,CS9053,0,construction waste,CW313RD.jpg,313,1989
RD1948,CS10278,0,construction waste,CW314RD.jpg,314,1990
RD1949,60210,0,construction waste,CW315RD.jpg,315,1991
RD1950,N00133,0,construction waste,CW316RD.jpg,316,1992
RD1951,10099,0,construction waste,CW317RD.jpg,317,1993
RD1952,CS8020,1,construction waste,CW318RD.jpg,318,1994
RD1953,20200,0,construction waste,CW319RD.jpg,319,1995
RD1954,10105,0,construction waste,CW320RD.jpg,320,1996
RD1955,CS7846,1,construction waste,CW321RD.jpg,321,1997
RD1956,60400,0,construction waste,CW322RD.jpg,322,1998
RD1957,CS8022,0,construction waste,CW323RD.jpg,323,1999
RD1958,CS9611,0,construction waste,CW324RD.jpg,324,2000
RD1959,20202,0,construction waste,CW325RD.jpg,325,2001
RD1960,CS8872,0,construction waste,CW326RD.jpg,326,2002
RD1961,N90179,0,construction waste,CW327RD.jpg,327,2003
RD1962,10105,0,construction waste,CW328RD.jpg,328,2004
RD1963,10105,0,construction waste,CW329RD.jpg,329,2005
RD1964,CS7502,0,construction waste,CW330RD.jpg,330,2006
RD1965,CS14612,0,construction waste,CW331RD.jpg,331,2007
RD1966,60374,0,construction waste,CW332RD.jpg,332,2008
RD1967,60076,0,construction waste,CW333RD.jpg,333,2009
RD1968,CS9401,0,construction waste,CW334RD.jpg,334,2010
RD1969,60171,0,construction waste,CW335RD.jpg,335,2011
RD1970,20116,0,construction waste,CW336RD.jpg,336,2012
RD1971,CS9781,0,construction waste,CW337RD.jpg,337,2013
RD1972,N90211,0,construction waste,CW338RD.jpg,338,2014
RD1973,N90211,0,construction waste,CW339RD.jpg,339,2015
RD1974,CS9956,0,construction waste,CW340RD.jpg,340,2016
RD1975,N90055,2,construction waste,CW341RD.jpg,341,2017
RD1976,CS9442,0,construction waste,CW342RD.jpg,342,2018
RD1977,60174,0,construction waste,CW343RD.jpg,343,2019
RD1978,CS9784,0,construction waste,CW344RD.jpg,344,2020
RD1979,60281,0,construction waste,CW345RD.jpg,345,2021
RD1980,LN2718,0,construction waste,CW346RD.jpg,346,2022
RD1981,10019,0,construction waste,CW347RD.jpg,347,2023
RD1982,50031,0,construction waste,CW348RD.jpg,348,2024
RD1983,N90055,2,construction waste,CW349RD.jpg,349,2025
RD1984,10089,0,construction waste,CW350RD.jpg,350,2026
RD1985,N00523,0,construction waste,CW351RD.jpg,351,2027
RD1986,N00001,0,construction waste,CW352RD.jpg,352,2028
RD1987,GI13134,1,construction waste,CW353RD.jpg,353,2029
RD1988,CS9956,0,construction waste,CW354RD.jpg,354,2030
RD1989,N00047,1,construction waste,CW355RD.jpg,355,2031
RD1990,N90016,1,construction waste,CW356RD.jpg,356,2032
RD1991,20069,0,construction waste,CW357RD.jpg,357,2033
RD1992,CS9784,0,construction waste,CW358RD.jpg,358,2034
RD1993,CS10624,0,construction waste,CW359RD.jpg,359,2035
RD1994,N00481,0,construction waste,CW360RD.jpg,360,2036
RD1995,CS7674,0,construction waste,CW361RD.jpg,361,2037
RD1996,60400,0,construction waste,CW362RD.jpg,362,2038
RD1997,N00482,1,construction waste,CW363RD.jpg,363,2039
RD1998,10117,0,construction waste,CW364RD.jpg,364,2040
RD1999,20195,0,construction waste,CW365RD.jpg,365,2041
RD2000,60432,0,construction waste,CW366RD.jpg,366,2042
RD2001,10046,0,construction waste,CW367RD.jpg,367,2043
RD2002,CS9788,0,construction waste,CW368RD.jpg,368,2044
RD2003,60395,0,construction waste,CW369RD.jpg,369,2045
RD2004,N00102,1,construction waste,CW370RD.jpg,370,2046
RD2005,CS9958,1,construction waste,CW371RD.jpg,371,2047
RD2006,CS8875,0,construction waste,CW372RD.jpg,372,2048
RD2007,N00198,1,construction waste,CW373RD.jpg,373,2049
RD2008,LN21954,0,construction waste,CW374RD.jpg,374,2050
RD2009,N00140,1,construction waste,CW375RD.jpg,375,2051
RD2010,60432,0,construction waste,CW376RD.jpg,376,2052
RD2011,60400,0,construction waste,CW377RD.jpg,377,2053
RD2012,LN21790,0,construction waste,CW378RD.jpg,378,2054
RD2013,N90212,0,construction waste,CW379RD.jpg,379,2055
RD2014,CS9400,0,construction waste,CW380RD.jpg,380,2056
RD2015,60393,0,construction waste,CW381RD.jpg,381,2057
RD2016,10099,0,construction waste,CW382RD.jpg,382,2058
RD2017,CS2047,0,construction waste,CW383RD.jpg,383,2059
RD2018,60314,0,construction waste,CW384RD.jpg,384,2060
RD2019,N00300,0,construction waste,CW385RD.jpg,385,2061
RD2020,60448,1,construction waste,CW386RD.jpg,386,2062
RD2021,CS8873,0,construction waste,CW387RD.jpg,387,2063
RD2022,60282,1,construction waste,CW388RD.jpg,388,2064
RD2023,10046,0,construction waste,CW389RD.jpg,389,2065
RD2024,N00481,0,construction waste,CW390RD.jpg,390,2066
RD2025,GI13619,2,construction waste,CW391RD.jpg,391,2067
RD2026,10068,0,construction waste,CW392RD.jpg,392,2068
RD2027,N00246,0,construction waste,CW393RD.jpg,393,2069
RD2028,20217,1,construction waste,CW394RD.jpg,394,2070
RD2029,60358,0,construction waste,CW395RD.jpg,395,2071
RD2030,CS7848,0,construction waste,CW396RD.jpg,396,2072
RD2031,CS1699,0,construction waste,CW397RD.jpg,397,2073
RD2032,CS750,0,construction waste,CW398RD.jpg,398,2074
RD2033,60416,0,construction waste,CW399RD.jpg,399,2075
RD2034,DB4438,0,construction waste,CW400RD.jpg,400,2076
RD2035,N00156,2,construction waste,CW401RD.jpg,401,2077
RD2036,10019,0,construction waste,CW402RD.jpg,402,2078
RD2037,10083,0,construction waste,CW403RD.jpg,403,2079
RD2038,10090,0,construction waste,CW404RD.jpg,404,2080
RD2039,20059,0,construction waste,CW405RD.jpg,405,2081
RD2040,N00156,1,construction waste,CW406RD.jpg,406,2082
RD2041,N90206,2,construction waste,CW407RD.jpg,407,2083
RD2042,N00545,0,construction waste,CW408RD.jpg,408,2084
RD2043,N00294,0,construction waste,CW409RD.jpg,409,2085
RD2044,N00015,1,construction waste,CW410RD.jpg,410,2086
RD2045,CS750,0,construction waste,CW411RD.jpg,411,2087
RD2046,N00412,1,construction waste,CW412RD.jpg,412,2088
RD2047,20152,0,construction waste,CW413RD.jpg,413,2089
RD2048,GI13457,3,construction waste,CW414RD.jpg,414,2090
RD2049,N00318,1,construction waste,CW415RD.jpg,415,2091
RD2050,10102,0,construction waste,CW416RD.jpg,416,2092
RD2051,CS1700,0,construction waste,CW417RD.jpg,417,2093
RD2052,60134,0,construction waste,CW418RD.jpg,418,2094
RD2053,20043,0,construction waste,CW419RD.jpg,419,2095
RD2054,50006,0,construction waste,CW420RD.jpg,420,2096
RD2055,20075,0,construction waste,CW421RD.jpg,421,2097
RD2056,10068,0,construction waste,CW422RD.jpg,422,2098
RD2057,N00156,1,construction waste,CW423RD.jpg,423,2099
RD2058,N00547,0,construction waste,CW424RD.jpg,424,2100
RD2059,DB4438,1,construction waste,CW425RD.jpg,425,2101
RD2060,N00076,0,construction waste,CW426RD.jpg,426,2102
RD2061,10061,0,construction waste,CW427RD.jpg,427,2103
RD2062,CS7847,0,construction waste,CW428RD.jpg,428,2104
RD2063,20075,0,construction waste,CW429RD.jpg,429,2105
RD2064,N00111,1,construction waste,CW430RD.jpg,430,2106
RD2065,DB6459,0,construction waste,CW431RD.jpg,431,2107
RD2066,N00371,1,construction waste,CW432RD.jpg,432,2108
RD2067,CS10623,0,construction waste,CW433RD.jpg,433,2109
RD2068,N90206,2,construction waste,CW434RD.jpg,434,2110
RD2069,N00486,0,construction waste,CW435RD.jpg,435,2111
RD2070,60159,0,construction waste,CW436RD.jpg,436,2112
RD2071,60160,0,construction waste,CW437RD.jpg,437,2113
RD2072,N00481,0,construction waste,CW438RD.jpg,438,2114
RD2073,CS1700,0,construction waste,CW439RD.jpg,439,2115
RD2074,N00328,0,construction waste,CW440RD.jpg,440,2116
RD2075,60356,0,construction waste,CW441RD.jpg,441,2117
RD2076,N00547,0,construction waste,CW442RD.jpg,442,2118
RD2077,20001,0,construction waste,CW443RD.jpg,443,2119
RD2078,N00015,1,construction waste,CW444RD.jpg,444,2120
RD2079,CS8017,0,construction waste,CW445RD.jpg,445,2121
RD2080,N00464,0,construction waste,CW446RD.jpg,446,2122
RD2081,10071,0,construction waste,CW447RD.jpg,447,2123
RD2082,N90150,0,construction waste,CW448RD.jpg,448,2124
RD2083,60321,0,construction waste,CW449RD.jpg,449,2125
RD2084,DB6459,0,construction waste,CW450RD.jpg,450,2126
RD2085,CS9611,0,construction waste,CW451RD.jpg,451,2127
RD2086,N00527,0,construction waste,CW452RD.jpg,452,2128
RD2087,DB4331,0,construction waste,CW453RD.jpg,453,2129
RD2088,N90064,1,construction waste,CW454RD.jpg,454,2130
RD2089,N00486,0,construction waste,CW455RD.jpg,455,2131
RD2090,60117,0,construction waste,CW456RD.jpg,456,2132
RD2091,60349,1,construction waste,CW457RD.jpg,457,2133
RD2092,N00140,1,construction waste,CW458RD.jpg,458,2134
RD2093,CS1872,0,construction waste,CW459RD.jpg,459,2135
RD2094,60440,0,construction waste,CW460RD.jpg,460,2136
RD2095,N00467,0,construction waste,CW461RD.jpg,461,2137
RD2096,N00363,0,construction waste,CW462RD.jpg,462,2138
RD2097,20207,1,construction waste,CW463RD.jpg,463,2139
RD2098,DB4995,0,construction waste,CW464RD.jpg,464,2140
RD2099,CS9441,0,construction waste,CW465RD.jpg,465,2141
RD2100,GI13296,0,construction waste,CW466RD.jpg,466,2142
RD2101,20020,0,construction waste,CW467RD.jpg,467,2143
RD2102,20040,0,construction waste,CW468RD.jpg,468,2144
RD2103,CS1873,0,construction waste,CW469RD.jpg,469,2145
RD2104,CS8699,0,construction waste,CW470RD.jpg,470,2146
RD2105,CS9436,0,construction waste,CW471RD.jpg,471,2147
RD2106,CS9959,1,construction waste,CW472RD.jpg,472,2148
RD2107,N00330,0,construction waste,CW473RD.jpg,473,2149
RD2108,60169,0,construction waste,CW474RD.jpg,474,2150
RD2109,N00575,2,construction waste,CW475RD.jpg,475,2151
RD2110,10028,0,construction waste,CW476RD.jpg,476,2152
RD2111,CS7846,1,construction waste,CW477RD.jpg,477,2153
RD2112,20159,0,construction waste,CW478RD.jpg,478,2154
RD2113,LN2892,1,construction waste,CW479RD.jpg,479,2155
RD2114,GI12972,0,construction waste,CW480RD.jpg,480,2156
RD2115,60371,0,construction waste,CW481RD.jpg,481,2157
RD2116,20081,1,construction waste,CW482RD.jpg,482,2158
RD2117,N90039,2,construction waste,CW483RD.jpg,483,2159
RD2118,GI13619,2,construction waste,CW484RD.jpg,484,2160
RD2119,10117,0,construction waste,CW485RD.jpg,485,2161
RD2120,N00172,1,construction waste,CW486RD.jpg,486,2162
RD2121,CS8018,0,construction waste,CW487RD.jpg,487,2163
RD2122,20077,0,construction waste,CW488RD.jpg,488,2164
RD2123,20116,0,construction waste,CW489RD.jpg,489,2165
RD2124,60448,1,construction waste,CW490RD.jpg,490,2166
RD2125,10003,1,construction waste,CW491RD.jpg,491,2167
RD2126,60403,0,construction waste,CW492RD.jpg,492,2168
RD2127,20206,0,construction waste,CW493RD.jpg,493,2169
RD2128,20162,0,construction waste,CW494RD.jpg,494,2170
RD2129,60289,0,construction waste,CW495RD.jpg,495,2171
RD2130,60169,0,construction waste,CW496RD.jpg,496,2172
RD2131,20094,0,construction waste,CW497RD.jpg,497,2173
RD2132,20243,0,construction waste,CW498RD.jpg,498,2174
RD2133,60040,1,construction waste,CW499RD.jpg,499,2175
RD2134,20168,0,construction waste,CW500RD.jpg,500,2176
RD2135,N00001,2,construction waste,CW501RD.jpg,501,2177
RD2136,CS7847,2,construction waste,CW502RD.jpg,502,2178
RD2137,CS8021,0,construction waste,CW503RD.jpg,503,2179
RD2138,10025,1,construction waste,CW504RD.jpg,504,2180
RD2139,20040,1,construction waste,CW505RD.jpg,505,2181
RD2140,CS9787,0,construction waste,CW506RD.jpg,506,2182
RD2141,60395,0,construction waste,CW507RD.jpg,507,2183
RD2142,LN21961,1,construction waste,CW508RD.jpg,508,2184
RD2143,N90039,2,construction waste,CW509RD.jpg,509,2185
RD2144,DB3528,0,construction waste,CW510RD.jpg,510,2186
RD2145,CS15463,0,construction waste,CW511RD.jpg,511,2187
RD2146,CS8022,0,construction waste,CW512RD.jpg,512,2188
RD2147,20075,0,construction waste,CW513RD.jpg,513,2189
RD2148,CS8022,0,construction waste,CW514RD.jpg,514,2190
RD2149,20192,0,construction waste,CW515RD.jpg,515,2191
RD2150,CS10278,0,construction waste,CW516RD.jpg,516,2192
RD2151,DB4511,0,construction waste,CW517RD.jpg,517,2193
RD2152,10019,0,construction waste,CW518RD.jpg,518,2194
RD2153,N00156,1,construction waste,CW519RD.jpg,519,2195
RD2154,20075,0,construction waste,CW520RD.jpg,520,2196
RD2155,60356,0,construction waste,CW521RD.jpg,521,2197
RD2156,DB6975,0,construction waste,CW522RD.jpg,522,2198
RD2157,CS8019,2,construction waste,CW523RD.jpg,523,2199
RD2158,10068,0,construction waste,CW524RD.jpg,524,2200
RD2159,LN21787,0,construction waste,CW525RD.jpg,525,2201
RD2160,N00407,0,construction waste,CW526RD.jpg,526,2202
RD2161,30042,0,construction waste,CW527RD.jpg,527,2203
RD2162,10037,0,construction waste,CW528RD.jpg,528,2204
RD2163,10033,0,construction waste,CW529RD.jpg,529,2205
RD2164,20077,1,construction waste,CW530RD.jpg,530,2206
RD2165,N00481,0,construction waste,CW531RD.jpg,531,2207
RD2166,N00527,1,construction waste,CW532RD.jpg,532,2208
RD2167,CS7846,1,construction waste,CW533RD.jpg,533,2209
RD2168,60449,0,construction waste,CW534RD.jpg,534,2210
RD2169,20243,0,construction waste,CW535RD.jpg,535,2211
RD2170,60076,0,construction waste,CW536RD.jpg,536,2212
RD2171,N90173,2,construction waste,CW537RD.jpg,537,2213
RD2172,CS9784,0,construction waste,CW538RD.jpg,538,2214
RD2173,CS8017,0,construction waste,CW539RD.jpg,539,2215
RD2174,CS7501,0,construction waste,CW540RD.jpg,540,2216
RD2175,CS7849,0,construction waste,CW541RD.jpg,541,2217
RD2176,N90002,0,construction waste,CW542RD.jpg,542,2218
RD2177,CS9614,0,construction waste,CW543RD.jpg,543,2219
RD2178,CS8019,0,construction waste,CW544RD.jpg,544,2220
RD2179,10154,0,construction waste,CW545RD.jpg,545,2221
RD2180,10095,0,construction waste,CW546RD.jpg,546,2222
RD2181,N00098,1,construction waste,CW547RD.jpg,547,2223
RD2182,20118,0,construction waste,CW548RD.jpg,548,2224
RD2183,60353,0,construction waste,CW549RD.jpg,549,2225
RD2184,CS9781,0,construction waste,CW550RD.jpg,550,2226
RD2185,CS9227,0,construction waste,CW551RD.jpg,551,2227
RD2186,60148,1,construction waste,CW552RD.jpg,552,2228
RD2187,10068,2,construction waste,CW553RD.jpg,553,2229
RD2188,GI14171,0,construction waste,CW554RD.jpg,554,2230
RD2189,N00412,1,construction waste,CW555RD.jpg,555,2231
RD2190,CS9957,0,construction waste,CW556RD.jpg,556,2232
RD2191,DB4438,1,construction waste,CW557RD.jpg,557,2233
RD2192,N00512,0,construction waste,CW558RD.jpg,558,2234
RD2193,60101,0,construction waste,CW559RD.jpg,559,2235
RD2194,N90150,0,construction waste,CW560RD.jpg,560,2236
RD2195,LN26433,0,construction waste,CW561RD.jpg,561,2237
RD2196,60474,0,construction waste,CW562RD.jpg,562,2238
RD2197,20207,1,construction waste,CW563RD.jpg,563,2239
RD2198,N00379,0,construction waste,CW564RD.jpg,564,2240
RD2199,N90267,1,construction waste,CW565RD.jpg,565,2241
RD2200,CS9400,0,construction waste,CW566RD.jpg,566,2242
RD2201,LN2544,0,construction waste,CW567RD.jpg,567,2243
RD2202,CS7674,0,construction waste,CW568RD.jpg,568,2244
RD2203,DB3618,0,construction waste,CW569RD.jpg,569,2245
RD2204,60259,1,construction waste,CW570RD.jpg,570,2246
RD2205,60460,0,construction waste,CW571RD.jpg,571,2247
RD2206,CS16503,0,construction waste,CW572RD.jpg,572,2248
RD2207,60442,0,construction waste,CW573RD.jpg,573,2249
RD2208,N00508,0,construction waste,CW574RD.jpg,574,2250
RD2209,N90019,1,construction waste,CW575RD.jpg,575,2251
RD2210,10061,0,construction waste,CW576RD.jpg,576,2252
RD2211,N00464,0,construction waste,CW577RD.jpg,577,2253
RD2212,20153,0,construction waste,CW578RD.jpg,578,2254
RD2213,N00272,0,construction waste,CW579RD.jpg,579,2255
RD2214,CS7844,0,construction waste,CW580RD.jpg,580,2256
RD2215,N00484,1,construction waste,CW581RD.jpg,581,2257
RD2216,CS9399,0,construction waste,CW582RD.jpg,582,2258
RD2217,10003,1,construction waste,CW583RD.jpg,583,2259
RD2218,DB3946,0,construction waste,CW584RD.jpg,584,2260
RD2219,CS7672,0,construction waste,CW585RD.jpg,585,2261
RD2220,N90039,2,construction waste,CW586RD.jpg,586,2262
RD2221,CS8022,0,construction waste,CW587RD.jpg,587,2263
RD2222,N00366,1,construction waste,CW588RD.jpg,588,2264
RD2223,DB4438,0,construction waste,CW589RD.jpg,589,2265
RD2224,10037,0,construction waste,CW590RD.jpg,590,2266
RD2225,N00367,2,construction waste,CW591RD.jpg,591,2267
RD2226,60424,1,construction waste,CW592RD.jpg,592,2268
RD2227,20075,0,construction waste,CW593RD.jpg,593,2269
RD2228,50006,0,construction waste,CW594RD.jpg,594,2270
RD2229,60058,0,construction waste,CW595RD.jpg,595,2271
RD2230,10082,0,construction waste,CW596RD.jpg,596,2272
RD2231,20024,1,construction waste,CW597RD.jpg,597,2273
RD2232,60160,0,construction waste,CW598RD.jpg,598,2274
RD2233,60419,0,construction waste,CW599RD.jpg,599,2275
RD2234,CS14439,0,construction waste,CW600RD.jpg,600,2276
RD2235,N00104,1,construction waste,CW601RD.jpg,601,2277
RD2236,LN2892,0,construction waste,CW602RD.jpg,602,2278
RD2237,N00156,2,construction waste,CW603RD.jpg,603,2279
RD2238,CS7846,1,construction waste,CW604RD.jpg,604,2280
RD2239,CS7847,0,construction waste,CW605RD.jpg,605,2281
RD2240,CS7500,0,construction waste,CW606RD.jpg,606,2282
RD2241,GI13296,0,construction waste,CW607RD.jpg,607,2283
RD2242,10027,0,construction waste,CW608RD.jpg,608,2284
RD2243,CS1699,0,construction waste,CW609RD.jpg,609,2285
RD2244,CS9954,0,construction waste,CW610RD.jpg,610,2286
RD2245,CS10623,0,construction waste,CW611RD.jpg,611,2287
RD2246,50031,0,construction waste,CW612RD.jpg,612,2288
RD2247,CS2045,0,construction waste,CW613RD.jpg,613,2289
RD2248,N00389,2,construction waste,CW614RD.jpg,614,2290
RD2249,CS8019,1,construction waste,CW615RD.jpg,615,2291
RD2250,N90260,2,construction waste,CW616RD.jpg,616,2292
RD2251,CS7499,0,construction waste,CW617RD.jpg,617,2293
RD2252,20235,0,construction waste,CW618RD.jpg,618,2294
RD2253,20178,0,construction waste,CW619RD.jpg,619,2295
RD2254,60341,0,construction waste,CW620RD.jpg,620,2296
RD2255,60168,0,construction waste,CW621RD.jpg,621,2297
RD2256,CS7847,2,construction waste,CW622RD.jpg,622,2298
RD2257,N00342,0,construction waste,CW623RD.jpg,623,2299
RD2258,N90050,0,construction waste,CW624RD.jpg,624,2300
RD2259,60132,0,construction waste,CW625RD.jpg,625,2301
RD2260,CS9960,1,construction waste,CW626RD.jpg,626,2302
RD2261,CS10278,0,construction waste,CW627RD.jpg,627,2303
RD2262,CS9399,0,construction waste,CW628RD.jpg,628,2304
RD2263,N00377,1,construction waste,CW629RD.jpg,629,2305
RD2264,CS7672,0,construction waste,CW630RD.jpg,630,2306
RD2265,10060,0,construction waste,CW631RD.jpg,631,2307
RD2266,CS7497,0,construction waste,CW632RD.jpg,632,2308
RD2267,10001,0,construction waste,CW633RD.jpg,633,2309
RD2268,20212,0,construction waste,CW634RD.jpg,634,2310
RD2269,10095,0,construction waste,CW635RD.jpg,635,2311
RD2270,60319,1,construction waste,CW636RD.jpg,636,2312
RD2271,N00301,0,construction waste,CW637RD.jpg,637,2313
RD2272,10154,0,construction waste,CW638RD.jpg,638,2314
RD2273,60158,0,construction waste,CW639RD.jpg,639,2315
RD2274,60349,1,construction waste,CW640RD.jpg,640,2316
RD2275,10033,0,construction waste,CW641RD.jpg,641,2317
RD2276,N00323,0,construction waste,CW642RD.jpg,642,2318
RD2277,CS2045,0,construction waste,CW643RD.jpg,643,2319
RD2278,60448,1,construction waste,CW644RD.jpg,644,2320
RD2279,60374,0,construction waste,CW645RD.jpg,645,2321
RD2280,CS10278,0,construction waste,CW646RD.jpg,646,2322
RD2281,30033,0,construction waste,CW647RD.jpg,647,2323
RD2282,60376,0,construction waste,CW648RD.jpg,648,2324
RD2283,CS7848,0,construction waste,CW649RD.jpg,649,2325
RD2284,60256,1,construction waste,CW650RD.jpg,650,2326
RD2285,10102,0,construction waste,CW651RD.jpg,651,2327
RD2286,60395,0,construction waste,CW652RD.jpg,652,2328
RD2287,60253,0,construction waste,CW653RD.jpg,653,2329
RD2288,N00330,0,construction waste,CW654RD.jpg,654,2330
RD2289,N00001,1,construction waste,CW655RD.jpg,655,2331
RD2290,60225,0,construction waste,CW656RD.jpg,656,2332
RD2291,N00001,2,construction waste,CW657RD.jpg,657,2333
RD2292,CS7673,0,construction waste,CW658RD.jpg,658,2334
RD2293,60100,1,construction waste,CW659RD.jpg,659,2335
RD2294,DB4528,0,construction waste,CW660RD.jpg,660,2336
RD2295,CS8016,0,construction waste,CW661RD.jpg,661,2337
RD2296,CS9401,0,construction waste,CW662RD.jpg,662,2338
RD2297,DB3946,0,construction waste,CW663RD.jpg,663,2339
RD2298,10022,0,construction waste,CW664RD.jpg,664,2340
RD2299,CS9439,0,construction waste,CW665RD.jpg,665,2341
RD2300,50002,0,construction waste,CW666RD.jpg,666,2342
RD2301,CS9614,0,construction waste,CW667RD.jpg,667,2343
RD2302,CS9786,1,construction waste,CW668RD.jpg,668,2344
RD2303,N00430,0,construction waste,CW669RD.jpg,669,2345
RD2304,N00330,0,construction waste,CW670RD.jpg,670,2346
RD2305,20077,0,construction waste,CW671RD.jpg,671,2347
RD2306,60207,0,construction waste,CW672RD.jpg,672,2348
RD2307,60286,0,construction waste,CW673RD.jpg,673,2349
RD2308,CS8018,1,construction waste,CW674RD.jpg,674,2350
RD2309,20212,0,construction waste,CW675RD.jpg,675,2351
RD2310,60377,0,construction waste,CW676RD.jpg,676,2352
RD2311,N00001,1,construction waste,CW677RD.jpg,677,2353
RD2312,LN21954,0,construction waste,CW678RD.jpg,678,2354
RD2313,20200,0,construction waste,CW679RD.jpg,679,2355
RD2314,60058,0,construction waste,CW680RD.jpg,680,2356
RD2315,N00545,0,construction waste,CW681RD.jpg,681,2357
RD2316,CS7847,0,construction waste,CW682RD.jpg,682,2358
RD2317,CS9442,0,construction waste,CW683RD.jpg,683,2359
RD2318,10001,0,construction waste,CW684RD.jpg,684,2360
RD2319,60076,0,construction waste,CW685RD.jpg,685,2361
RD2320,CS7500,0,construction waste,CW686RD.jpg,686,2362
RD2321,10130,0,construction waste,CW687RD.jpg,687,2363
RD2322,CS7847,1,construction waste,CW688RD.jpg,688,2364
RD2323,20032,1,construction waste,CW689RD.jpg,689,2365
RD2324,CS9954,0,construction waste,CW690RD.jpg,690,2366
RD2325,60386,1,construction waste,CW691RD.jpg,691,2367
RD2326,N90254,1,construction waste,CW692RD.jpg,692,2368
RD2327,60158,0,construction waste,CW693RD.jpg,693,2369
RD2328,20088,0,construction waste,CW694RD.jpg,694,2370
RD2329,60148,1,construction waste,CW695RD.jpg,695,2371
RD2330,N00318,1,construction waste,CW696RD.jpg,696,2372
RD2331,CS8873,0,construction waste,CW697RD.jpg,697,2373
RD2332,DB4438,0,construction waste,CW698RD.jpg,698,2374
RD2333,20159,0,construction waste,CW699RD.jpg,699,2375
RD2334,N00328,2,construction waste,CW700RD.jpg,700,2376
RD2335,10055,0,construction waste,CW701RD.jpg,701,2377
RD2336,N00133,0,construction waste,CW702RD.jpg,702,2378
RD2337,N00294,0,construction waste,CW703RD.jpg,703,2379
RD2338,GI13457,3,construction waste,CW704RD.jpg,704,2380
RD2339,CS576,1,construction waste,CW705RD.jpg,705,2381
RD2340,CS9958,1,construction waste,CW706RD.jpg,706,2382
RD2341,CS9226,0,construction waste,CW707RD.jpg,707,2383
RD2342,CS9441,0,construction waste,CW708RD.jpg,708,2384
RD2343,N00140,1,construction waste,CW709RD.jpg,709,2385
RD2344,20021,0,construction waste,CW710RD.jpg,710,2386
RD2345,20049,0,construction waste,CW711RD.jpg,711,2387
RD2346,60040,1,construction waste,CW712RD.jpg,712,2388
RD2347,N00245,0,construction waste,CW713RD.jpg,713,2389
RD2348,LN22116,0,construction waste,CW714RD.jpg,714,2390
RD2349,CS7847,2,construction waste,CW715RD.jpg,715,2391
RD2350,N00342,0,construction waste,CW716RD.jpg,716,2392
RD2351,CS7670,0,construction waste,CW717RD.jpg,717,2393
RD2352,20159,0,construction waste,CW718RD.jpg,718,2394
RD2353,CS16329,0,construction waste,CW719RD.jpg,719,2395
RD2354,10011,0,construction waste,CW720RD.jpg,720,2396
RD2355,20076,0,construction waste,CW721RD.jpg,721,2397
RD2356,CS9053,0,construction waste,CW722RD.jpg,722,2398
RD2357,N00104,2,construction waste,CW723RD.jpg,723,2399
RD2358,N00133,0,construction waste,CW724RD.jpg,724,2400
RD2359,60389,0,construction waste,CW725RD.jpg,725,2401
RD2360,60122,0,construction waste,CW726RD.jpg,726,2402
RD2361,10033,0,construction waste,CW727RD.jpg,727,2403
RD2362,50031,0,construction waste,CW728RD.jpg,728,2404
RD2363,CS7847,1,construction waste,CW729RD.jpg,729,2405
RD2364,CS7672,0,construction waste,CW730RD.jpg,730,2406
RD2365,CS7846,0,construction waste,CW731RD.jpg,731,2407
RD2366,10112,0,construction waste,CW732RD.jpg,732,2408
RD2367,CS9440,0,construction waste,CW733RD.jpg,733,2409
RD2368,CS8875,0,construction waste,CW734RD.jpg,734,2410
RD2369,N00344,1,construction waste,CW735RD.jpg,735,2411
RD2370,CS9957,0,construction waste,CW736RD.jpg,736,2412
RD2371,N00001,1,construction waste,CW737RD.jpg,737,2413
RD2372,10061,0,construction waste,CW738RD.jpg,738,2414
RD2373,GI18423,0,construction waste,CW739RD.jpg,739,2415
RD2374,CS9401,0,construction waste,CW740RD.jpg,740,2416
RD2375,20207,1,construction waste,CW741RD.jpg,741,2417
RD2376,30004,0,construction waste,CW742RD.jpg,742,2418
RD2377,GI13458,0,construction waste,CW743RD.jpg,743,2419
RD2378,10126,0,construction waste,CW744RD.jpg,744,2420
RD2379,CS8873,0,construction waste,CW745RD.jpg,745,2421
RD2380,60017,0,construction waste,CW746RD.jpg,746,2422
RD2381,N00227,0,construction waste,CW747RD.jpg,747,2423
RD2382,CS9399,0,construction waste,CW748RD.jpg,748,2424
RD2383,DB3779,0,construction waste,CW749RD.jpg,749,2425
RD2384,N90164,1,construction waste,CW750RD.jpg,750,2426
RD2385,N00328,2,construction waste,CW751RD.jpg,751,2427
RD2386,N00547,0,construction waste,CW752RD.jpg,752,2428
RD2387,60132,0,construction waste,CW753RD.jpg,753,2429
RD2388,CS7670,0,construction waste,CW754RD.jpg,754,2430
RD2389,60040,3,construction waste,CW755RD.jpg,755,2431
RD2390,20168,0,construction waste,CW756RD.jpg,756,2432
RD2391,LN26433,0,construction waste,CW757RD.jpg,757,2433
RD2392,10003,1,construction waste,CW758RD.jpg,758,2434
RD2393,20094,0,construction waste,CW759RD.jpg,759,2435
RD2394,CS9442,0,construction waste,CW760RD.jpg,760,2436
RD2395,CS9612,0,construction waste,CW761RD.jpg,761,2437
RD2396,N00156,1,construction waste,CW762RD.jpg,762,2438
RD2397,CS15290,0,construction waste,CW763RD.jpg,763,2439
RD2398,CS9613,0,construction waste,CW764RD.jpg,764,2440
RD2399,20180,1,construction waste,CW765RD.jpg,765,2441
RD2400,10102,0,construction waste,CW766RD.jpg,766,2442
RD2401,60148,1,construction waste,CW767RD.jpg,767,2443
RD2402,CS8019,0,construction waste,CW768RD.jpg,768,2444
RD2403,60448,0,construction waste,CW769RD.jpg,769,2445
RD2404,N00098,1,construction waste,CW770RD.jpg,770,2446
RD2405,CS7844,0,construction waste,CW771RD.jpg,771,2447
RD2406,10098,0,construction waste,CW772RD.jpg,772,2448
RD2407,20075,0,construction waste,CW773RD.jpg,773,2449
RD2408,N00106,1,construction waste,CW774RD.jpg,774,2450
RD2409,DB4528,2,construction waste,CW775RD.jpg,775,2451
RD2410,60182,1,construction waste,CW776RD.jpg,776,2452
RD2411,DB4036,0,construction waste,CW777RD.jpg,777,2453
RD2412,CS9955,0,construction waste,CW778RD.jpg,778,2454
RD2413,N90084,2,construction waste,CW779RD.jpg,779,2455
RD2414,60017,0,construction waste,CW780RD.jpg,780,2456
RD2415,20209,0,construction waste,CW781RD.jpg,781,2457
RD2416,CS2046,0,construction waste,CW782RD.jpg,782,2458
RD2417,60386,1,construction waste,CW783RD.jpg,783,2459
RD2418,10068,4,construction waste,CW784RD.jpg,784,2460
RD2419,N00467,0,construction waste,CW785RD.jpg,785,2461
RD2420,10027,0,construction waste,CW786RD.jpg,786,2462
RD2421,DB4331,0,construction waste,CW787RD.jpg,787,2463
RD2422,60101,0,construction waste,CW788RD.jpg,788,2464
RD2423,10123,0,construction waste,CW789RD.jpg,789,2465
RD2424,60122,0,construction waste,CW790RD.jpg,790,2466
RD2425,CS7672,0,construction waste,CW791RD.jpg,791,2467
RD2426,N90280,1,construction waste,CW792RD.jpg,792,2468
RD2427,10124,0,construction waste,CW793RD.jpg,793,2469
RD2428,N00510,0,construction waste,CW794RD.jpg,794,2470
RD2429,20001,0,construction waste,CW795RD.jpg,795,2471
RD2430,60170,0,construction waste,CW796RD.jpg,796,2472
RD2431,60336,0,construction waste,CW797RD.jpg,797,2473
RD2432,60067,0,construction waste,CW798RD.jpg,798,2474
RD2433,N00067,0,construction waste,CW799RD.jpg,799,2475
RD2434,60448,1,construction waste,CW800RD.jpg,800,2476
RD2435,N90304,2,construction waste,CW801RD.jpg,801,2477
RD2436,N90137,0,construction waste,CW802RD.jpg,802,2478
RD2437,N00296,1,construction waste,CW803RD.jpg,803,2479
RD2438,20180,1,construction waste,CW804RD.jpg,804,2480
RD2439,60412,0,construction waste,CW805RD.jpg,805,2481
RD2440,N00020,1,construction waste,CW806RD.jpg,806,2482
RD2441,LN2544,1,construction waste,CW807RD.jpg,807,2483
RD2442,N00140,1,construction waste,CW808RD.jpg,808,2484
RD2443,60150,0,construction waste,CW809RD.jpg,809,2485
RD2444,N00477,0,construction waste,CW810RD.jpg,810,2486
RD2445,20057,0,construction waste,CW811RD.jpg,811,2487
RD2446,N00373,1,construction waste,CW812RD.jpg,812,2488
RD2447,N00081,0,construction waste,CW813RD.jpg,813,2489
RD2448,CS10451,0,construction waste,CW814RD.jpg,814,2490
RD2449,CS8699,0,construction waste,CW815RD.jpg,815,2491
RD2450,CS15290,0,construction waste,CW816RD.jpg,816,2492
RD2451,N90048,2,construction waste,CW817RD.jpg,817,2493
RD2452,DB3857,1,construction waste,CW818RD.jpg,818,2494
RD2453,60170,0,construction waste,CW819RD.jpg,819,2495
RD2454,N00156,1,construction waste,CW820RD.jpg,820,2496
RD2455,CS576,2,construction waste,CW821RD.jpg,821,2497
RD2456,CS7846,2,construction waste,CW822RD.jpg,822,2498
RD2457,N00510,0,construction waste,CW823RD.jpg,823,2499
RD2458,N90280,1,construction waste,CW824RD.jpg,824,2500
RD2459,60377,0,construction waste,CW825RD.jpg,825,2501
RD2460,20159,0,construction waste,CW826RD.jpg,826,2502
RD2461,N90048,2,construction waste,CW827RD.jpg,827,2503
RD2462,CS7501,0,construction waste,CW828RD.jpg,828,2504
RD2463,60170,0,construction waste,CW829RD.jpg,829,2505
RD2464,10098,0,construction waste,CW830RD.jpg,830,2506
RD2465,CS9781,0,construction waste,CW831RD.jpg,831,2507
RD2466,20040,1,construction waste,CW832RD.jpg,832,2508
RD2467,CS9781,0,construction waste,CW833RD.jpg,833,2509
RD2468,20034,0,construction waste,CW834RD.jpg,834,2510
RD2469,LN2892,1,construction waste,CW835RD.jpg,835,2511
RD2470,N90137,0,construction waste,CW836RD.jpg,836,2512
RD2471,N00430,0,construction waste,CW837RD.jpg,837,2513
RD2472,N00001,2,construction waste,CW838RD.jpg,838,2514
RD2473,N00547,0,construction waste,CW839RD.jpg,839,2515
RD2474,60150,0,construction waste,CW840RD.jpg,840,2516
RD2475,60095,0,construction waste,CW841RD.jpg,841,2517
RD2476,60420,0,construction waste,CW842RD.jpg,842,2518
RD2477,N90150,0,construction waste,CW843RD.jpg,843,2519
RD2478,20026,0,construction waste,CW844RD.jpg,844,2520
RD2479,DB4438,0,construction waste,CW845RD.jpg,845,2521
RD2480,10147,0,construction waste,CW846RD.jpg,846,2522
RD2481,CS10795,0,construction waste,CW847RD.jpg,847,2523
RD2482,CS9439,1,construction waste,CW848RD.jpg,848,2524
RD2483,50006,0,construction waste,CW849RD.jpg,849,2525
RD2484,60182,1,construction waste,CW850RD.jpg,850,2526
RD2485,60356,1,construction waste,CW851RD.jpg,851,2527
RD2486,CS9782,0,construction waste,CW852RD.jpg,852,2528
RD2487,N00235,0,construction waste,CW853RD.jpg,853,2529
RD2488,20206,0,construction waste,CW854RD.jpg,854,2530
RD2489,CS15463,0,construction waste,CW855RD.jpg,855,2531
RD2490,N00087,0,construction waste,CW856RD.jpg,856,2532
RD2491,N00596,0,construction waste,CW857RD.jpg,857,2533
RD2492,N00111,1,construction waste,CW858RD.jpg,858,2534
RD2493,N00260,1,construction waste,CW859RD.jpg,859,2535
RD2494,CS7500,0,construction waste,CW860RD.jpg,860,2536
RD2495,CS7847,0,construction waste,CW861RD.jpg,861,2537
RD2496,CS8018,1,construction waste,CW862RD.jpg,862,2538
RD2497,60356,0,construction waste,CW863RD.jpg,863,2539
RD2498,N00098,2,construction waste,CW864RD.jpg,864,2540
RD2499,10138,1,construction waste,CW865RD.jpg,865,2541
RD2500,10033,0,construction waste,CW866RD.jpg,866,2542
RD2501,GI13458,1,construction waste,CW867RD.jpg,867,2543
RD2502,N00407,0,construction waste,CW868RD.jpg,868,2544
RD2503,N00559,0,construction waste,CW869RD.jpg,869,2545
RD2504,60442,0,construction waste,CW870RD.jpg,870,2546
RD2505,CS576,1,construction waste,CW871RD.jpg,871,2547
RD2506,CS9610,0,construction waste,CW872RD.jpg,872,2548
RD2507,20163,0,construction waste,CW873RD.jpg,873,2549
RD2508,N00430,0,construction waste,CW874RD.jpg,874,2550
RD2509,60464,0,construction waste,CW875RD.jpg,875,2551
RD2510,CS9957,0,construction waste,CW876RD.jpg,876,2552
RD2511,CS8700,0,construction waste,CW877RD.jpg,877,2553
RD2512,CS750,1,construction waste,CW878RD.jpg,878,2554
RD2513,60095,0,construction waste,CW879RD.jpg,879,2555
RD2514,20075,0,construction waste,CW880RD.jpg,880,2556
RD2515,GI14495,1,construction waste,CW881RD.jpg,881,2557
RD2516,N00141,0,construction waste,CW882RD.jpg,882,2558
RD2517,60158,0,construction waste,CW883RD.jpg,883,2559
RD2518,N00156,2,construction waste,CW884RD.jpg,884,2560
RD2519,N90015,0,construction waste,CW885RD.jpg,885,2561
RD2520,N00361,2,construction waste,CW886RD.jpg,886,2562
RD2521,N00373,1,construction waste,CW887RD.jpg,887,2563
RD2522,N00292,1,construction waste,CW888RD.jpg,888,2564
RD2523,20200,0,construction waste,CW889RD.jpg,889,2565
RD2524,N90267,1,construction waste,CW890RD.jpg,890,2566
RD2525,CS9954,0,construction waste,CW891RD.jpg,891,2567
RD2526,CS9439,0,construction waste,CW892RD.jpg,892,2568
RD2527,N00104,1,construction waste,CW893RD.jpg,893,2569
RD2528,60234,0,construction waste,CW894RD.jpg,894,2570
RD2529,GI18423,0,construction waste,CW895RD.jpg,895,2571
RD2530,60314,0,construction waste,CW896RD.jpg,896,2572
RD2531,N00194,0,construction waste,CW897RD.jpg,897,2573
RD2532,CS8018,1,construction waste,CW898RD.jpg,898,2574
RD2533,CS14612,0,construction waste,CW899RD.jpg,899,2575
RD2534,LN2544,1,construction waste,CW900RD.jpg,900,2576
RD2535,GI14495,1,construction waste,CW901RD.jpg,901,2577
RD2536,60040,1,construction waste,CW902RD.jpg,902,2578
RD2537,CS9439,1,construction waste,CW903RD.jpg,903,2579
RD2538,CS8020,1,construction waste,CW904RD.jpg,904,2580
RD2539,20154,0,construction waste,CW905RD.jpg,905,2581
RD2540,60450,0,construction waste,CW906RD.jpg,906,2582
RD2541,N00323,0,construction waste,CW907RD.jpg,907,2583
RD2542,10033,0,construction waste,CW908RD.jpg,908,2584
RD2543,60446,0,construction waste,CW909RD.jpg,909,2585
RD2544,N90137,0,construction waste,CW910RD.jpg,910,2586
RD2545,10109,0,construction waste,CW911RD.jpg,911,2587
RD2546,N00008,0,construction waste,CW912RD.jpg,912,2588
RD2547,60136,0,construction waste,CW913RD.jpg,913,2589
RD2548,60374,0,construction waste,CW914RD.jpg,914,2590
RD2549,N00172,0,construction waste,CW915RD.jpg,915,2591
RD2550,50036,0,construction waste,CW916RD.jpg,916,2592
RD2551,20026,0,construction waste,CW917RD.jpg,917,2593
RD2552,10019,0,construction waste,CW918RD.jpg,918,2594
RD2553,N00484,1,construction waste,CW919RD.jpg,919,2595
RD2554,20040,1,construction waste,CW920RD.jpg,920,2596
RD2555,GI13458,0,construction waste,CW921RD.jpg,921,2597
RD2556,GI14333,0,construction waste,CW922RD.jpg,922,2598
RD2557,N90267,1,construction waste,CW923RD.jpg,923,2599
RD2558,50006,0,construction waste,CW924RD.jpg,924,2600
RD2559,N00194,0,construction waste,CW925RD.jpg,925,2601
RD2560,60349,1,construction waste,CW926RD.jpg,926,2602
RD2561,CS15810,0,construction waste,CW927RD.jpg,927,2603
RD2562,N00527,1,construction waste,CW928RD.jpg,928,2604
RD2563,CS10450,0,construction waste,CW929RD.jpg,929,2605
RD2564,CS7502,0,construction waste,CW930RD.jpg,930,2606
RD2565,60163,0,construction waste,CW931RD.jpg,931,2607
RD2566,20132,0,construction waste,CW932RD.jpg,932,2608
RD2567,20185,0,construction waste,CW933RD.jpg,933,2609
RD2568,CS9401,0,construction waste,CW934RD.jpg,934,2610
RD2569,60442,1,construction waste,CW935RD.jpg,935,2611
RD2570,DB4438,0,construction waste,CW936RD.jpg,936,2612
RD2571,N00047,0,construction waste,CW937RD.jpg,937,2613
RD2572,N00296,1,construction waste,CW938RD.jpg,938,2614
RD2573,10068,3,construction waste,CW939RD.jpg,939,2615
RD2574,20207,1,construction waste,CW940RD.jpg,940,2616
RD2575,N00294,0,construction waste,CW941RD.jpg,941,2617
RD2576,GI12972,0,construction waste,CW942RD.jpg,942,2618
RD2577,N00527,1,construction waste,CW943RD.jpg,943,2619
RD2578,20059,0,construction waste,CW944RD.jpg,944,2620
RD2579,N90280,1,construction waste,CW945RD.jpg,945,2621
RD2580,60197,0,construction waste,CW946RD.jpg,946,2622
RD2581,10033,0,construction waste,CW947RD.jpg,947,2623
RD2582,30060,0,construction waste,CW948RD.jpg,948,2624
RD2583,20116,0,construction waste,CW949RD.jpg,949,2625
RD2584,N00575,1,construction waste,CW950RD.jpg,950,2626
RD2585,N00512,0,construction waste,CW951RD.jpg,951,2627
RD2586,N00102,0,construction waste,CW952RD.jpg,952,2628
RD2587,DB6975,0,construction waste,CW953RD.jpg,953,2629
RD2588,10112,0,construction waste,CW954RD.jpg,954,2630
RD2589,CS10451,0,construction waste,CW955RD.jpg,955,2631
RD2590,50006,0,construction waste,CW956RD.jpg,956,2632
RD2591,20001,0,construction waste,CW957RD.jpg,957,2633
RD2592,N00198,1,construction waste,CW958RD.jpg,958,2634
RD2593,CS7500,0,construction waste,CW959RD.jpg,959,2635
RD2594,N00430,0,construction waste,CW960RD.jpg,960,2636
RD2595,N00198,1,construction waste,CW961RD.jpg,961,2637
RD2596,CS9442,0,construction waste,CW962RD.jpg,962,2638
RD2597,DB4438,1,construction waste,CW963RD.jpg,963,2639
RD2598,CS10450,0,construction waste,CW964RD.jpg,964,2640
RD2599,10141,0,construction waste,CW965RD.jpg,965,2641
RD2600,N00172,1,construction waste,CW966RD.jpg,966,2642
RD2601,N00148,1,construction waste,CW967RD.jpg,967,2643
RD2602,20071,0,construction waste,CW968RD.jpg,968,2644
RD2603,20152,0,construction waste,CW969RD.jpg,969,2645
RD2604,60095,0,construction waste,CW970RD.jpg,970,2646
RD2605,CS9054,0,construction waste,CW971RD.jpg,971,2647
RD2606,60132,0,construction waste,CW972RD.jpg,972,2648
RD2607,60278,0,construction waste,CW973RD.jpg,973,2649
RD2608,N00328,2,construction waste,CW974RD.jpg,974,2650
RD2609,CS15290,0,construction waste,CW975RD.jpg,975,2651
RD2610,20062,1,construction waste,CW976RD.jpg,976,2652
RD2611,GI13458,1,construction waste,CW977RD.jpg,977,2653
RD2612,CS14265,0,construction waste,CW978RD.jpg,978,2654
RD2613,N90019,1,construction waste,CW979RD.jpg,979,2655
RD2614,20154,0,construction waste,CW980RD.jpg,980,2656
RD2615,CS9787,0,construction waste,CW981RD.jpg,981,2657
RD2616,DB4420,0,construction waste,CW982RD.jpg,982,2658
RD2617,60389,0,construction waste,CW983RD.jpg,983,2659
RD2618,LN26433,0,construction waste,CW984RD.jpg,984,2660
RD2619,30004,0,construction waste,CW985RD.jpg,985,2661
RD2620,LN2718,0,construction waste,CW986RD.jpg,986,2662
RD2621,60424,1,construction waste,CW987RD.jpg,987,2663
RD2622,20013,0,construction waste,CW988RD.jpg,988,2664
RD2623,N00301,0,construction waste,CW989RD.jpg,989,2665
RD2624,N90252,0,construction waste,CW990RD.jpg,990,2666
RD2625,N00296,1,construction waste,CW991RD.jpg,991,2667
RD2626,N00442,0,construction waste,CW992RD.jpg,992,2668
RD2627,60129,0,construction waste,CW993RD.jpg,993,2669
RD2628,20116,0,construction waste,CW994RD.jpg,994,2670
RD2629,N00484,1,construction waste,CW995RD.jpg,995,2671
RD2630,N00140,1,construction waste,CW996RD.jpg,996,2672
RD2631,N00376,1,construction waste,CW997RD.jpg,997,2673
RD2632,60251,0,construction waste,CW998RD.jpg,998,2674
RD2633,DB4995,0,construction waste,CW999RD.jpg,999,2675
RD2634,N90252,0,construction waste,CW1000RD.jpg,1000,2676
RD2635,GI14333,0,construction waste,CW1001RD.jpg,1001,2677
RD2636,60460,0,construction waste,CW1002RD.jpg,1002,2678
RD2637,N00235,0,construction waste,CW1003RD.jpg,1003,2679
RD2638,LN2718,1,construction waste,CW1004RD.jpg,1004,2680
RD2639,20021,0,construction waste,CW1005RD.jpg,1005,2681
RD2640,10035,0,construction waste,CW1006RD.jpg,1006,2682
RD2641,60368,0,construction waste,CW1007RD.jpg,1007,2683
RD2642,60448,1,construction waste,CW1008RD.jpg,1008,2684
RD2643,N00328,1,construction waste,CW1009RD.jpg,1009,2685
RD2644,60368,0,construction waste,CW1010RD.jpg,1010,2686
RD2645,CS9436,0,construction waste,CW1011RD.jpg,1011,2687
RD2646,60197,0,construction waste,CW1012RD.jpg,1012,2688
RD2647,60163,0,construction waste,CW1013RD.jpg,1013,2689
RD2648,N00189,0,construction waste,CW1014RD.jpg,1014,2690
RD2649,N00342,0,construction waste,CW1015RD.jpg,1015,2691
RD2650,GI13296,0,construction waste,CW1016RD.jpg,1016,2692
RD2651,CS8016,0,construction waste,CW1017RD.jpg,1017,2693
RD2652,60251,0,construction waste,CW1018RD.jpg,1018,2694
RD2653,N00376,1,construction waste,CW1019RD.jpg,1019,2695
RD2654,N00586,1,construction waste,CW1020RD.jpg,1020,2696
RD2655,N90164,1,construction waste,CW1021RD.jpg,1021,2697
RD2656,60416,0,construction waste,CW1022RD.jpg,1022,2698
RD2657,N00047,0,construction waste,CW1023RD.jpg,1023,2699
RD2658,LN2718,0,construction waste,CW1024RD.jpg,1024,2700
RD2659,N90048,2,construction waste,CW1025RD.jpg,1025,2701
RD2660,10061,0,construction waste,CW1026RD.jpg,1026,2702
RD2661,N90048,2,construction waste,CW1027RD.jpg,1027,2703
RD2662,GI13457,3,construction waste,CW1028RD.jpg,1028,2704
RD2663,20166,0,construction waste,CW1029RD.jpg,1029,2705
RD2664,60282,1,construction waste,CW1030RD.jpg,1030,2706
RD2665,10046,0,construction waste,CW1031RD.jpg,1031,2707
RD2666,20217,1,construction waste,CW1032RD.jpg,1032,2708
RD2667,GI13134,0,construction waste,CW1033RD.jpg,1033,2709
RD2668,LN2892,1,construction waste,CW1034RD.jpg,1034,2710
RD2669,50002,0,construction waste,CW1035RD.jpg,1035,2711
RD2670,50006,0,construction waste,CW1036RD.jpg,1036,2712
RD2671,N90212,0,construction waste,CW1037RD.jpg,1037,2713
RD2672,N90117,2,construction waste,CW1038RD.jpg,1038,2714
RD2673,10083,0,construction waste,CW1039RD.jpg,1039,2715
RD2674,20147,0,construction waste,CW1040RD.jpg,1040,2716
RD2675,10027,0,construction waste,CW1041RD.jpg,1041,2717
RD2676,60448,1,construction waste,CW1042RD.jpg,1042,2718
RD2677,60428,0,construction waste,CW1043RD.jpg,1043,2719
RD2678,CS7499,0,construction waste,CW1044RD.jpg,1044,2720
RD2679,60324,0,construction waste,CW1045RD.jpg,1045,2721
RD2680,20059,0,construction waste,CW1046RD.jpg,1046,2722
RD2681,60197,0,construction waste,CW1047RD.jpg,1047,2723
RD2682,N00198,1,construction waste,CW1048RD.jpg,1048,2724
RD2683,N90304,2,construction waste,CW1049RD.jpg,1049,2725
RD2684,LN21961,1,construction waste,CW1050RD.jpg,1050,2726
RD2685,N00104,1,construction waste,CW1051RD.jpg,1051,2727
RD2686,20077,1,construction waste,CW1052RD.jpg,1052,2728
RD2687,20154,0,construction waste,CW1053RD.jpg,1053,2729
RD2688,10022,0,construction waste,CW1054RD.jpg,1054,2730
RD2689,60324,0,construction waste,CW1055RD.jpg,1055,2731
RD2690,N00370,1,construction waste,CW1056RD.jpg,1056,2732
RD2691,20077,1,construction waste,CW1057RD.jpg,1057,2733
RD2692,10112,0,construction waste,CW1058RD.jpg,1058,2734
RD2693,DB4528,2,construction waste,CW1059RD.jpg,1059,2735
RD2694,N00040,0,construction waste,CW1060RD.jpg,1060,2736
RD2695,GI18584,0,construction waste,CW1061RD.jpg,1061,2737
RD2696,N00296,1,construction waste,CW1062RD.jpg,1062,2738
RD2697,10046,0,construction waste,CW1063RD.jpg,1063,2739
RD2698,60080,0,construction waste,CW1064RD.jpg,1064,2740
RD2699,CS2046,0,construction waste,CW1065RD.jpg,1065,2741
RD2700,60428,0,construction waste,CW1066RD.jpg,1066,2742
RD2701,CS9959,1,construction waste,CW1067RD.jpg,1067,2743
RD2702,60418,0,construction waste,CW1068RD.jpg,1068,2744
RD2703,N00047,0,construction waste,CW1069RD.jpg,1069,2745
RD2704,GI13458,0,construction waste,CW1070RD.jpg,1070,2746
RD2705,60366,0,construction waste,CW1071RD.jpg,1071,2747
RD2706,DB7066,0,construction waste,CW1072RD.jpg,1072,2748
RD2707,N00356,0,construction waste,CW1073RD.jpg,1073,2749
RD2708,N00548,0,construction waste,CW1074RD.jpg,1074,2750
RD2709,N90157,2,construction waste,CW1075RD.jpg,1075,2751
RD2710,N00325,0,construction waste,CW1076RD.jpg,1076,2752
RD2711,N00087,0,construction waste,CW1077RD.jpg,1077,2753
RD2712,CS14439,0,construction waste,CW1078RD.jpg,1078,2754
RD2713,CS9612,0,construction waste,CW1079RD.jpg,1079,2755
RD2714,CS9614,0,construction waste,CW1080RD.jpg,1080,2756
RD2715,N00464,0,construction waste,CW1081RD.jpg,1081,2757
RD2716,CS8699,0,construction waste,CW1082RD.jpg,1082,2758
RD2717,50046,0,construction waste,CW1083RD.jpg,1083,2759
RD2718,N90015,0,construction waste,CW1084RD.jpg,1084,2760
RD2719,CS9961,0,construction waste,CW1085RD.jpg,1085,2761
RD2720,60386,1,construction waste,CW1086RD.jpg,1086,2762
RD2721,CS9435,0,construction waste,CW1087RD.jpg,1087,2763
RD2722,60395,0,construction waste,CW1088RD.jpg,1088,2764
RD2723,CS9788,0,construction waste,CW1089RD.jpg,1089,2765
RD2724,CS9054,0,construction waste,CW1090RD.jpg,1090,2766
RD2725,N00172,1,construction waste,CW1091RD.jpg,1091,2767
RD2726,N90137,0,construction waste,CW1092RD.jpg,1092,2768
RD2727,DB4438,1,construction waste,CW1093RD.jpg,1093,2769
RD2728,60171,1,construction waste,CW1094RD.jpg,1094,2770
RD2729,60376,0,construction waste,CW1095RD.jpg,1095,2771
RD2730,DB4331,0,construction waste,CW1096RD.jpg,1096,2772
RD2731,20212,0,construction waste,CW1097RD.jpg,1097,2773
RD2732,60278,0,construction waste,CW1098RD.jpg,1098,2774
RD2733,DB3528,0,construction waste,CW1099RD.jpg,1099,2775
RD2734,60095,0,construction waste,CW1100RD.jpg,1100,2776
RD2735,N00313,1,construction waste,CW1101RD.jpg,1101,2777
RD2736,DB3857,1,construction waste,CW1102RD.jpg,1102,2778
RD2737,60150,0,construction waste,CW1103RD.jpg,1103,2779
RD2738,CS9613,0,construction waste,CW1104RD.jpg,1104,2780
RD2739,CS7501,0,construction waste,CW1105RD.jpg,1105,2781
RD2740,CS7501,0,construction waste,CW1106RD.jpg,1106,2782
RD2741,60412,0,construction waste,CW1107RD.jpg,1107,2783
RD2742,N00477,0,construction waste,CW1108RD.jpg,1108,2784
RD2743,N00471,0,construction waste,CW1109RD.jpg,1109,2785
RD2744,CS1872,0,construction waste,CW1110RD.jpg,1110,2786
RD2745,GI13620,0,construction waste,CW1111RD.jpg,1111,2787
RD2746,60251,0,construction waste,CW1112RD.jpg,1112,2788
RD2747,N00313,1,construction waste,CW1113RD.jpg,1113,2789
RD2748,30004,0,construction waste,CW1114RD.jpg,1114,2790
RD2749,LN21954,0,construction waste,CW1115RD.jpg,1115,2791
RD2750,60182,1,construction waste,CW1116RD.jpg,1116,2792
RD2751,CS7501,0,construction waste,CW1117RD.jpg,1117,2793
RD2752,N00040,0,construction waste,CW1118RD.jpg,1118,2794
RD2753,20195,0,construction waste,CW1119RD.jpg,1119,2795
RD2754,20243,0,construction waste,CW1120RD.jpg,1120,2796
RD2755,N00575,2,construction waste,CW1121RD.jpg,1121,2797
RD2756,60393,0,construction waste,CW1122RD.jpg,1122,2798
RD2757,10102,0,construction waste,CW1123RD.jpg,1123,2799
RD2758,N00342,0,construction waste,CW1124RD.jpg,1124,2800
RD2759,60432,0,construction waste,CW1125RD.jpg,1125,2801
RD2760,N00508,0,construction waste,CW1126RD.jpg,1126,2802
RD2761,60095,0,construction waste,CW1127RD.jpg,1127,2803
RD2762,GI13457,3,construction waste,CW1128RD.jpg,1128,2804
RD2763,CS7846,2,construction waste,CW1129RD.jpg,1129,2805
RD2764,CS9788,0,construction waste,CW1130RD.jpg,1130,2806
RD2765,60442,1,construction waste,CW1131RD.jpg,1131,2807
RD2766,60440,0,construction waste,CW1132RD.jpg,1132,2808
RD2767,60339,0,construction waste,CW1133RD.jpg,1133,2809
RD2768,CS10622,0,construction waste,CW1134RD.jpg,1134,2810
RD2769,60439,0,construction waste,CW1135RD.jpg,1135,2811
RD2770,CS9442,0,construction waste,CW1136RD.jpg,1136,2812
RD2771,N00519,0,construction waste,CW1137RD.jpg,1137,2813
RD2772,N00194,0,construction waste,CW1138RD.jpg,1138,2814
RD2773,N00557,1,construction waste,CW1139RD.jpg,1139,2815
RD2774,60368,0,construction waste,CW1140RD.jpg,1140,2816
RD2775,N00172,1,construction waste,CW1141RD.jpg,1141,2817
RD2776,N00047,0,construction waste,CW1142RD.jpg,1142,2818
RD2777,CS7498,0,construction waste,CW1143RD.jpg,1143,2819
RD2778,N90150,0,construction waste,CW1144RD.jpg,1144,2820
RD2779,N00172,1,construction waste,CW1145RD.jpg,1145,2821
RD2780,GI18423,0,construction waste,CW1146RD.jpg,1146,2822
RD2781,20081,1,construction waste,CW1147RD.jpg,1147,2823
RD2782,10113,0,construction waste,CW1148RD.jpg,1148,2824
RD2783,N00160,2,construction waste,CW1149RD.jpg,1149,2825
RD2784,CS2047,0,construction waste,CW1150RD.jpg,1150,2826
RD2785,LN26434,0,construction waste,CW1151RD.jpg,1151,2827
RD2786,CS9781,0,construction waste,CW1152RD.jpg,1152,2828
RD2787,N00407,0,construction waste,CW1153RD.jpg,1153,2829
RD2788,10055,0,construction waste,CW1154RD.jpg,1154,2830
RD2789,10068,1,construction waste,CW1155RD.jpg,1155,2831
RD2790,LN21946,0,construction waste,CW1156RD.jpg,1156,2832
RD2791,10086,0,construction waste,CW1157RD.jpg,1157,2833
RD2792,20180,1,construction waste,CW1158RD.jpg,1158,2834
RD2793,CS9960,1,construction waste,CW1159RD.jpg,1159,2835
RD2794,CS6657,0,construction waste,CW1160RD.jpg,1160,2836
RD2795,30060,0,construction waste,CW1161RD.jpg,1161,2837
RD2796,60419,0,construction waste,CW1162RD.jpg,1162,2838
RD2797,20192,0,construction waste,CW1163RD.jpg,1163,2839
RD2798,50040,0,construction waste,CW1164RD.jpg,1164,2840
RD2799,CS9955,0,construction waste,CW1165RD.jpg,1165,2841
RD2800,60259,1,construction waste,CW1166RD.jpg,1166,2842
RD2801,50002,0,construction waste,CW1167RD.jpg,1167,2843
RD2802,CS14439,0,construction waste,CW1168RD.jpg,1168,2844
RD2803,N00407,0,construction waste,CW1169RD.jpg,1169,2845
RD2804,N00104,1,construction waste,CW1170RD.jpg,1170,2846
RD2805,20163,0,construction waste,CW1171RD.jpg,1171,2847
RD2806,N00296,1,construction waste,CW1172RD.jpg,1172,2848
RD2807,60400,0,construction waste,CW1173RD.jpg,1173,2849
RD2808,N00325,0,construction waste,CW1174RD.jpg,1174,2850
RD2809,N00245,0,construction waste,CW1175RD.jpg,1175,2851
RD2810,10027,0,construction waste,CW1176RD.jpg,1176,2852
RD2811,GI14333,0,construction waste,CW1177RD.jpg,1177,2853
RD2812,CS7846,2,construction waste,CW1178RD.jpg,1178,2854
RD2813,60424,1,construction waste,CW1179RD.jpg,1179,2855
RD2814,20024,1,construction waste,CW1180RD.jpg,1180,2856
RD2815,20194,0,construction waste,CW1181RD.jpg,1181,2857
RD2816,10035,0,construction waste,CW1182RD.jpg,1182,2858
RD2817,GI13134,0,construction waste,CW1183RD.jpg,1183,2859
RD2818,N00361,2,construction waste,CW1184RD.jpg,1184,2860
RD2819,60433,0,construction waste,CW1185RD.jpg,1185,2861
RD2820,CS8019,2,construction waste,CW1186RD.jpg,1186,2862
RD2821,N90170,0,construction waste,CW1187RD.jpg,1187,2863
RD2822,10033,0,construction waste,CW1188RD.jpg,1188,2864
RD2823,60356,1,construction waste,CW1189RD.jpg,1189,2865
RD2824,10037,0,construction waste,CW1190RD.jpg,1190,2866
RD2825,LN2544,0,construction waste,CW1191RD.jpg,1191,2867
RD2826,N00047,1,construction waste,CW1192RD.jpg,1192,2868
RD2827,DB4126,0,construction waste,CW1193RD.jpg,1193,2869
RD2828,10060,0,construction waste,CW1194RD.jpg,1194,2870
RD2829,20034,0,construction waste,CW1195RD.jpg,1195,2871
RD2830,60366,0,construction waste,CW1196RD.jpg,1196,2872
RD2831,20154,0,construction waste,CW1197RD.jpg,1197,2873
RD2832,50022,0,construction waste,CW1198RD.jpg,1198,2874
RD2833,DB4438,0,construction waste,CW1199RD.jpg,1199,2875
RD2834,50022,0,construction waste,CW1200RD.jpg,1200,2876
RD2835,10060,0,construction waste,CW1201RD.jpg,1201,2877
RD2836,N00527,0,construction waste,CW1202RD.jpg,1202,2878
RD2837,60416,0,construction waste,CW1203RD.jpg,1203,2879
RD2838,60122,0,construction waste,CW1204RD.jpg,1204,2880
RD2839,N00214,1,construction waste,CW1205RD.jpg,1205,2881
RD2840,GI14333,0,construction waste,CW1206RD.jpg,1206,2882
RD2841,60336,0,construction waste,CW1207RD.jpg,1207,2883
RD2842,10101,0,construction waste,CW1208RD.jpg,1208,2884
RD2843,60266,1,construction waste,CW1209RD.jpg,1209,2885
RD2844,10143,0,construction waste,CW1210RD.jpg,1210,2886
RD2845,10060,0,construction waste,CW1211RD.jpg,1211,2887
RD2846,CS1872,0,construction waste,CW1212RD.jpg,1212,2888
RD2847,20212,0,construction waste,CW1213RD.jpg,1213,2889
RD2848,N00412,1,construction waste,CW1214RD.jpg,1214,2890
RD2849,60389,0,construction waste,CW1215RD.jpg,1215,2891
RD2850,N00484,1,construction waste,CW1216RD.jpg,1216,2892
RD2851,N00407,0,construction waste,CW1217RD.jpg,1217,2893
RD2852,CS9401,0,construction waste,CW1218RD.jpg,1218,2894
RD2853,10138,1,construction waste,CW1219RD.jpg,1219,2895
RD2854,N00361,2,construction waste,CW1220RD.jpg,1220,2896
RD2855,N00527,0,construction waste,CW1221RD.jpg,1221,2897
RD2856,60159,0,construction waste,CW1222RD.jpg,1222,2898
RD2857,60148,1,construction waste,CW1223RD.jpg,1223,2899
RD2858,60266,1,construction waste,CW1224RD.jpg,1224,2900
RD2859,20001,0,construction waste,CW1225RD.jpg,1225,2901
RD2860,CS8193,0,construction waste,CW1226RD.jpg,1226,2902
RD2861,60366,0,construction waste,CW1227RD.jpg,1227,2903
RD2862,GI14495,1,construction waste,CW1228RD.jpg,1228,2904
RD2863,20182,0,construction waste,CW1229RD.jpg,1229,2905
RD2864,20049,0,construction waste,CW1230RD.jpg,1230,2906
RD2865,N00559,0,construction waste,CW1231RD.jpg,1231,2907
RD2866,CS8019,2,construction waste,CW1232RD.jpg,1232,2908
RD2867,20207,1,construction waste,CW1233RD.jpg,1233,2909
RD2868,10055,0,construction waste,CW1234RD.jpg,1234,2910
RD2869,N00020,1,construction waste,CW1235RD.jpg,1235,2911
RD2870,CS9612,0,construction waste,CW1236RD.jpg,1236,2912
RD2871,60251,0,construction waste,CW1237RD.jpg,1237,2913
RD2872,20195,0,construction waste,CW1238RD.jpg,1238,2914
RD2873,60251,0,construction waste,CW1239RD.jpg,1239,2915
RD2874,N00292,1,construction waste,CW1240RD.jpg,1240,2916
RD2875,60067,0,construction waste,CW1241RD.jpg,1241,2917
RD2876,20195,0,construction waste,CW1242RD.jpg,1242,2918
RD2877,N00258,1,construction waste,CW1243RD.jpg,1243,2919
RD2878,CS7847,0,construction waste,CW1244RD.jpg,1244,2920
RD2879,20209,0,construction waste,CW1245RD.jpg,1245,2921
RD2880,60158,0,construction waste,CW1246RD.jpg,1246,2922
RD2881,GI13619,2,construction waste,CW1247RD.jpg,1247,2923
RD2882,60319,1,construction waste,CW1248RD.jpg,1248,2924
RD2883,CS14265,0,construction waste,CW1249RD.jpg,1249,2925
RD2884,10118,0,construction waste,CW1250RD.jpg,1250,2926
RD2885,GI13458,0,construction waste,CW1251RD.jpg,1251,2927
RD2886,N90084,2,construction waste,CW1252RD.jpg,1252,2928
RD2887,20058,0,construction waste,CW1253RD.jpg,1253,2929
RD2888,30004,0,construction waste,CW1254RD.jpg,1254,2930
RD2889,20043,0,construction waste,CW1255RD.jpg,1255,2931
RD2890,50040,1,construction waste,CW1256RD.jpg,1256,2932
RD2891,GI13458,1,construction waste,CW1257RD.jpg,1257,2933
RD2892,N00370,1,construction waste,CW1258RD.jpg,1258,2934
RD2893,N00361,2,construction waste,CW1259RD.jpg,1259,2935
RD2894,N90234,0,construction waste,CW1260RD.jpg,1260,2936
RD2895,50046,0,construction waste,CW1261RD.jpg,1261,2937
RD2896,10124,0,construction waste,CW1262RD.jpg,1262,2938
RD2897,CS10451,0,construction waste,CW1263RD.jpg,1263,2939
RD2898,N90157,2,construction waste,CW1264RD.jpg,1264,2940
RD2899,N00001,0,construction waste,CW1265RD.jpg,1265,2941
RD2900,N00592,2,construction waste,CW1266RD.jpg,1266,2942
RD2901,CS7846,2,construction waste,CW1267RD.jpg,1267,2943
RD2902,N90304,2,construction waste,CW1268RD.jpg,1268,2944
RD2903,CS9611,0,construction waste,CW1269RD.jpg,1269,2945
RD2904,10123,0,construction waste,CW1270RD.jpg,1270,2946
RD2905,20041,0,construction waste,CW1271RD.jpg,1271,2947
RD2906,CS14439,0,construction waste,CW1272RD.jpg,1272,2948
RD2907,CS9784,0,construction waste,CW1273RD.jpg,1273,2949
RD2908,CS14265,0,construction waste,CW1274RD.jpg,1274,2950
RD2909,CS7674,0,construction waste,CW1275RD.jpg,1275,2951
RD2910,CS8019,1,construction waste,CW1276RD.jpg,1276,2952
RD2911,60239,0,construction waste,CW1277RD.jpg,1277,2953
RD2912,CS9957,0,construction waste,CW1278RD.jpg,1278,2954
RD2913,60266,1,construction waste,CW1279RD.jpg,1279,2955
RD2914,N90181,0,construction waste,CW1280RD.jpg,1280,2956
RD2915,N00575,1,construction waste,CW1281RD.jpg,1281,2957
RD2916,N00596,0,construction waste,CW1282RD.jpg,1282,2958
RD2917,GI18584,0,construction waste,CW1283RD.jpg,1283,2959
RD2918,LN21954,0,construction waste,CW1284RD.jpg,1284,2960
RD2919,CS9439,1,construction waste,CW1285RD.jpg,1285,2961
RD2920,60386,1,construction waste,CW1286RD.jpg,1286,2962
RD2921,60160,0,construction waste,CW1287RD.jpg,1287,2963
RD2922,60386,1,construction waste,CW1288RD.jpg,1288,2964
RD2923,CS1699,0,construction waste,CW1289RD.jpg,1289,2965
RD2924,GI13458,1,construction waste,CW1290RD.jpg,1290,2966
RD2925,60239,0,construction waste,CW1291RD.jpg,1291,2967
RD2926,60343,1,construction waste,CW1292RD.jpg,1292,2968
RD2927,N90050,0,construction waste,CW1293RD.jpg,1293,2969
RD2928,60418,0,construction waste,CW1294RD.jpg,1294,2970
RD2929,60474,0,construction waste,CW1295RD.jpg,1295,2971
RD2930,N00081,0,construction waste,CW1296RD.jpg,1296,2972
RD2931,N00517,0,construction waste,CW1297RD.jpg,1297,2973
RD2932,60314,0,construction waste,CW1298RD.jpg,1298,2974
RD2933,N00442,0,construction waste,CW1299RD.jpg,1299,2975
RD2934,20034,0,construction waste,CW1300RD.jpg,1300,2976
RD2935,GI13458,0,construction waste,CW1301RD.jpg,1301,2977
RD2936,60339,0,construction waste,CW1302RD.jpg,1302,2978
RD2937,60080,0,construction waste,CW1303RD.jpg,1303,2979
RD2938,N00242,0,construction waste,CW1304RD.jpg,1304,2980
RD2939,60321,0,construction waste,CW1305RD.jpg,1305,2981
RD2940,N00001,0,construction waste,CW1306RD.jpg,1306,2982
RD2941,N00328,0,construction waste,CW1307RD.jpg,1307,2983
RD2942,60040,0,construction waste,CW1308RD.jpg,1308,2984
RD2943,CS8019,1,construction waste,CW1309RD.jpg,1309,2985
RD2944,60168,0,construction waste,CW1310RD.jpg,1310,2986
RD2945,CS8019,2,construction waste,CW1311RD.jpg,1311,2987
RD2946,10061,0,construction waste,CW1312RD.jpg,1312,2988
RD2947,20069,0,construction waste,CW1313RD.jpg,1313,2989
RD2948,N90304,2,construction waste,CW1314RD.jpg,1314,2990
RD2949,50010,0,construction waste,CW1315RD.jpg,1315,2991
RD2950,CS7847,2,construction waste,CW1316RD.jpg,1316,2992
RD2951,DB3618,0,construction waste,CW1317RD.jpg,1317,2993
RD2952,DB4528,0,construction waste,CW1318RD.jpg,1318,2994
RD2953,N00098,1,construction waste,CW1319RD.jpg,1319,2995
RD2954,LN2892,1,construction waste,CW1320RD.jpg,1320,2996
RD2955,60158,0,construction waste,CW1321RD.jpg,1321,2997
RD2956,60225,0,construction waste,CW1322RD.jpg,1322,2998
RD2957,N00323,0,construction waste,CW1323RD.jpg,1323,2999
RD2958,CS8882,0,construction waste,CW1324RD.jpg,1324,3000
RD2959,CS7502,0,construction waste,CW1325RD.jpg,1325,3001
RD2960,N90234,0,construction waste,CW1326RD.jpg,1326,3002
RD2961,N90234,0,construction waste,CW1327RD.jpg,1327,3003
RD2962,CS9782,0,construction waste,CW1328RD.jpg,1328,3004
RD2963,10082,0,construction waste,CW1329RD.jpg,1329,3005
RD2964,10112,0,construction waste,CW1330RD.jpg,1330,3006
RD2965,LN2718,1,construction waste,CW1331RD.jpg,1331,3007
RD2966,60212,0,construction waste,CW1332RD.jpg,1332,3008
RD2967,N00507,1,construction waste,CW1333RD.jpg,1333,3009
RD2968,N00328,2,construction waste,CW1334RD.jpg,1334,3010
RD2969,60319,1,construction waste,CW1335RD.jpg,1335,3011
RD2970,N90264,2,construction waste,CW1336RD.jpg,1336,3012
RD2971,N00430,0,construction waste,CW1337RD.jpg,1337,3013
RD2972,N00395,2,construction waste,CW1338RD.jpg,1338,3014
RD2973,10068,0,construction waste,CW1339RD.jpg,1339,3015
RD2974,20194,0,construction waste,CW1340RD.jpg,1340,3016
RD2975,10143,0,construction waste,CW1341RD.jpg,1341,3017
RD2976,20024,1,construction waste,CW1342RD.jpg,1342,3018
RD2977,20148,0,construction waste,CW1343RD.jpg,1343,3019
RD2978,60040,3,construction waste,CW1344RD.jpg,1344,3020
RD2979,N00040,0,construction waste,CW1345RD.jpg,1345,3021
RD2980,20077,0,construction waste,CW1346RD.jpg,1346,3022
RD2981,CS9441,0,construction waste,CW1347RD.jpg,1347,3023
RD2982,CS7673,0,construction waste,CW1348RD.jpg,1348,3024
RD2983,N90211,0,construction waste,CW1349RD.jpg,1349,3025
RD2984,60449,0,construction waste,CW1350RD.jpg,1350,3026
RD2985,N90137,0,construction waste,CW1351RD.jpg,1351,3027
RD2986,10089,1,construction waste,CW1352RD.jpg,1352,3028
RD2987,DB7066,0,construction waste,CW1353RD.jpg,1353,3029
RD2988,CS2046,0,construction waste,CW1354RD.jpg,1354,3030
RD2989,N00512,0,construction waste,CW1355RD.jpg,1355,3031
RD2990,60122,0,construction waste,CW1356RD.jpg,1356,3032
RD2991,DB4511,0,construction waste,CW1357RD.jpg,1357,3033
RD2992,20032,0,construction waste,CW1358RD.jpg,1358,3034
RD2993,60371,0,construction waste,CW1359RD.jpg,1359,3035
RD2994,DB4036,0,construction waste,CW1360RD.jpg,1360,3036
RD2995,60368,0,construction waste,CW1361RD.jpg,1361,3037
RD2996,20059,0,construction waste,CW1362RD.jpg,1362,3038
RD2997,DB4438,0,construction waste,CW1363RD.jpg,1363,3039
RD2998,10147,0,construction waste,CW1364RD.jpg,1364,3040
RD2999,10068,4,construction waste,CW1365RD.jpg,1365,3041
RD3000,N00102,0,construction waste,CW1366RD.jpg,1366,3042
RD3001,20024,1,construction waste,CW1367RD.jpg,1367,3043
RD3002,CS10451,0,construction waste,CW1368RD.jpg,1368,3044
RD3003,10113,0,construction waste,CW1369RD.jpg,1369,3045
RD3004,20147,0,construction waste,CW1370RD.jpg,1370,3046
RD3005,N90048,2,construction waste,CW1371RD.jpg,1371,3047
RD3006,60416,0,construction waste,CW1372RD.jpg,1372,3048
RD3007,N00047,0,construction waste,CW1373RD.jpg,1373,3049
RD3008,DB4346,0,construction waste,CW1374RD.jpg,1374,3050
RD3009,60225,0,construction waste,CW1375RD.jpg,1375,3051
RD3010,N00001,1,construction waste,CW1376RD.jpg,1376,3052
RD3011,CS7849,0,construction waste,CW1377RD.jpg,1377,3053
RD3012,N00367,2,construction waste,CW1378RD.jpg,1378,3054
RD3013,CS16503,0,construction waste,CW1379RD.jpg,1379,3055
RD3014,10022,0,construction waste,CW1380RD.jpg,1380,3056
RD3015,N00373,0,construction waste,CW1381RD.jpg,1381,3057
RD3016,N00258,1,construction waste,CW1382RD.jpg,1382,3058
RD3017,CS7676,0,construction waste,CW1383RD.jpg,1383,3059
RD3018,60163,0,construction waste,CW1384RD.jpg,1384,3060
RD3019,N00301,0,construction waste,CW1385RD.jpg,1385,3061
RD3020,20040,0,construction waste,CW1386RD.jpg,1386,3062
RD3021,N90173,2,construction waste,CW1387RD.jpg,1387,3063
RD3022,N90084,2,construction waste,CW1388RD.jpg,1388,3064
RD3023,60442,1,construction waste,CW1389RD.jpg,1389,3065
RD3024,20163,0,construction waste,CW1390RD.jpg,1390,3066
RD3025,60358,0,construction waste,CW1391RD.jpg,1391,3067
RD3026,N90048,2,construction waste,CW1392RD.jpg,1392,3068
RD3027,N00206,0,construction waste,CW1393RD.jpg,1393,3069
RD3028,N00133,0,construction waste,CW1394RD.jpg,1394,3070
RD3029,CS16503,0,construction waste,CW1395RD.jpg,1395,3071
RD3030,DB4995,0,construction waste,CW1396RD.jpg,1396,3072
RD3031,DB6459,0,construction waste,CW1397RD.jpg,1397,3073
RD3032,CS10795,0,construction waste,CW1398RD.jpg,1398,3074
RD3033,CS7498,0,construction waste,CW1399RD.jpg,1399,3075
RD3034,10105,0,construction waste,CW1400RD.jpg,1400,3076
RD3035,N00306,0,construction waste,CW1401RD.jpg,1401,3077
RD3036,60386,1,construction waste,CW1402RD.jpg,1402,3078
RD3037,50002,0,construction waste,CW1403RD.jpg,1403,3079
RD3038,N00464,0,construction waste,CW1404RD.jpg,1404,3080
RD3039,CS14265,0,construction waste,CW1405RD.jpg,1405,3081
RD3040,CS9959,1,construction waste,CW1406RD.jpg,1406,3082
RD3041,N00575,2,construction waste,CW1407RD.jpg,1407,3083
RD3042,N00481,0,construction waste,CW1408RD.jpg,1408,3084
RD3043,10045,0,construction waste,CW1409RD.jpg,1409,3085
RD3044,50002,0,construction waste,CW1410RD.jpg,1410,3086
RD3045,N90254,1,construction waste,CW1411RD.jpg,1411,3087
RD3046,20182,0,construction waste,CW1412RD.jpg,1412,3088
RD3047,N00517,0,construction waste,CW1413RD.jpg,1413,3089
RD3048,CS16676,0,construction waste,CW1414RD.jpg,1414,3090
RD3049,60159,0,construction waste,CW1415RD.jpg,1415,3091
RD3050,CS14265,0,construction waste,CW1416RD.jpg,1416,3092
RD3051,20159,0,construction waste,CW1417RD.jpg,1417,3093
RD3052,N00370,2,construction waste,CW1418RD.jpg,1418,3094
RD3053,N90211,0,construction waste,CW1419RD.jpg,1419,3095
RD3054,60461,1,construction waste,CW1420RD.jpg,1420,3096
RD3055,N00527,1,construction waste,CW1421RD.jpg,1421,3097
RD3056,50010,0,construction waste,CW1422RD.jpg,1422,3098
RD3057,CS9781,0,construction waste,CW1423RD.jpg,1423,3099
RD3058,60314,0,construction waste,CW1424RD.jpg,1424,3100
RD3059,DB4438,1,construction waste,CW1425RD.jpg,1425,3101
RD3060,60416,0,construction waste,CW1426RD.jpg,1426,3102
RD3061,N00258,1,construction waste,CW1427RD.jpg,1427,3103
RD3062,N00260,1,construction waste,CW1428RD.jpg,1428,3104
RD3063,CS15637,0,construction waste,CW1429RD.jpg,1429,3105
RD3064,DB3708,0,construction waste,CW1430RD.jpg,1430,3106
RD3065,N00306,0,construction waste,CW1431RD.jpg,1431,3107
RD3066,N00030,0,construction waste,CW1432RD.jpg,1432,3108
RD3067,60366,0,construction waste,CW1433RD.jpg,1433,3109
RD3068,N90212,0,construction waste,CW1434RD.jpg,1434,3110
RD3069,DB4126,0,construction waste,CW1435RD.jpg,1435,3111
RD3070,GI13296,0,construction waste,CW1436RD.jpg,1436,3112
RD3071,N00104,2,construction waste,CW1437RD.jpg,1437,3113
RD3072,CS9957,0,construction waste,CW1438RD.jpg,1438,3114
RD3073,N00148,1,construction waste,CW1439RD.jpg,1439,3115
RD3074,60412,0,construction waste,CW1440RD.jpg,1440,3116
RD3075,50010,0,construction waste,CW1441RD.jpg,1441,3117
RD3076,N00258,1,construction waste,CW1442RD.jpg,1442,3118
RD3077,CS2046,0,construction waste,CW1443RD.jpg,1443,3119
RD3078,60132,0,construction waste,CW1444RD.jpg,1444,3120
RD3079,60377,0,construction waste,CW1445RD.jpg,1445,3121
RD3080,60278,0,construction waste,CW1446RD.jpg,1446,3122
RD3081,N00075,0,domestic garbage,DO000RD.jpg,0,3123
RD3082,CS8198,1,domestic garbage,DO001RD.jpg,1,3124
RD3083,N00333,0,domestic garbage,DO002RD.jpg,2,3125
RD3084,N00348,1,domestic garbage,DO003RD.jpg,3,3126
RD3085,10074,0,domestic garbage,DO004RD.jpg,4,3127
RD3086,CS7175,0,domestic garbage,DO005RD.jpg,5,3128
RD3087,50015,0,domestic garbage,DO006RD.jpg,6,3129
RD3088,LN4197,0,domestic garbage,DO007RD.jpg,7,3130
RD3089,DB3221,0,domestic garbage,DO008RD.jpg,8,3131
RD3090,CS6121,1,domestic garbage,DO009RD.jpg,9,3132
RD3091,N00308,0,domestic garbage,DO010RD.jpg,10,3133
RD3092,CS6996,0,domestic garbage,DO011RD.jpg,11,3134
RD3093,30012,0,domestic garbage,DO012RD.jpg,12,3135
RD3094,CS10071,0,domestic garbage,DO013RD.jpg,13,3136
RD3095,N00576,1,domestic garbage,DO014RD.jpg,14,3137
RD3096,DB141,0,domestic garbage,DO015RD.jpg,15,3138
RD3097,60136,1,domestic garbage,DO016RD.jpg,16,3139
RD3098,CS7078,0,domestic garbage,DO017RD.jpg,17,3140
RD3099,N90301,0,domestic garbage,DO018RD.jpg,18,3141
RD3100,20090,0,domestic garbage,DO019RD.jpg,19,3142
RD3101,CS9884,0,domestic garbage,DO020RD.jpg,20,3143
RD3102,N00579,0,domestic garbage,DO021RD.jpg,21,3144
RD3103,N90258,0,domestic garbage,DO022RD.jpg,22,3145
RD3104,N00317,0,domestic garbage,DO023RD.jpg,23,3146
RD3105,20050,0,domestic garbage,DO024RD.jpg,24,3147
RD3106,N90067,1,domestic garbage,DO025RD.jpg,25,3148
RD3107,CS7688,0,domestic garbage,DO026RD.jpg,26,3149
RD3108,CS4926,0,domestic garbage,DO027RD.jpg,27,3150
RD3109,60342,0,domestic garbage,DO028RD.jpg,28,3151
RD3110,N90247,0,domestic garbage,DO029RD.jpg,29,3152
RD3111,N00233,1,domestic garbage,DO030RD.jpg,30,3153
RD3112,60079,0,domestic garbage,DO031RD.jpg,31,3154
RD3113,N00569,0,domestic garbage,DO032RD.jpg,32,3155
RD3114,N00457,1,domestic garbage,DO033RD.jpg,33,3156
RD3115,N00451,0,domestic garbage,DO034RD.jpg,34,3157
RD3116,N90204,0,domestic garbage,DO035RD.jpg,35,3158
RD3117,60202,0,domestic garbage,DO036RD.jpg,36,3159
RD3118,N90281,0,domestic garbage,DO037RD.jpg,37,3160
RD3119,LN4023,0,domestic garbage,DO038RD.jpg,38,3161
RD3120,CS7344,0,domestic garbage,DO039RD.jpg,39,3162
RD3121,N90040,0,domestic garbage,DO040RD.jpg,40,3163
RD3122,60102,0,domestic garbage,DO041RD.jpg,41,3164
RD3123,60226,0,domestic garbage,DO042RD.jpg,42,3165
RD3124,60024,0,domestic garbage,DO043RD.jpg,43,3166
RD3125,N00410,0,domestic garbage,DO044RD.jpg,44,3167
RD3126,CS4740,0,domestic garbage,DO045RD.jpg,45,3168
RD3127,N90265,0,domestic garbage,DO046RD.jpg,46,3169
RD3128,GI10492,2,domestic garbage,DO047RD.jpg,47,3170
RD3129,60350,0,domestic garbage,DO048RD.jpg,48,3171
RD3130,N90274,0,domestic garbage,DO049RD.jpg,49,3172
RD3131,N00100,0,domestic garbage,DO050RD.jpg,50,3173
RD3132,N00014,1,domestic garbage,DO051RD.jpg,51,3174
RD3133,20073,0,domestic garbage,DO052RD.jpg,52,3175
RD3134,60153,0,domestic garbage,DO053RD.jpg,53,3176
RD3135,CS4396,0,domestic garbage,DO054RD.jpg,54,3177
RD3136,N00316,0,domestic garbage,DO055RD.jpg,55,3178
RD3137,N00198,0,domestic garbage,DO056RD.jpg,56,3179
RD3138,N90065,0,domestic garbage,DO057RD.jpg,57,3180
RD3139,N00162,0,domestic garbage,DO058RD.jpg,58,3181
RD3140,60287,1,domestic garbage,DO059RD.jpg,59,3182
RD3141,N00531,0,domestic garbage,DO060RD.jpg,60,3183
RD3142,30003,0,domestic garbage,DO061RD.jpg,61,3184
RD3143,60061,0,domestic garbage,DO062RD.jpg,62,3185
RD3144,20232,0,domestic garbage,DO063RD.jpg,63,3186
RD3145,20087,0,domestic garbage,DO064RD.jpg,64,3187
RD3146,N00378,0,domestic garbage,DO065RD.jpg,65,3188
RD3147,60382,0,domestic garbage,DO066RD.jpg,66,3189
RD3148,N00589,0,domestic garbage,DO067RD.jpg,67,3190
RD3149,10147,1,domestic garbage,DO068RD.jpg,68,3191
RD3150,N00085,0,domestic garbage,DO069RD.jpg,69,3192
RD3151,LN19565,0,domestic garbage,DO070RD.jpg,70,3193
RD3152,CS8198,0,domestic garbage,DO071RD.jpg,71,3194
RD3153,N90230,0,domestic garbage,DO072RD.jpg,72,3195
RD3154,N00290,1,domestic garbage,DO073RD.jpg,73,3196
RD3155,N00035,0,domestic garbage,DO074RD.jpg,74,3197
RD3156,60329,0,domestic garbage,DO075RD.jpg,75,3198
RD3157,N00163,0,domestic garbage,DO076RD.jpg,76,3199
RD3158,CS15482,0,domestic garbage,DO077RD.jpg,77,3200
RD3159,60031,0,domestic garbage,DO078RD.jpg,78,3201
RD3160,GI11711,0,domestic garbage,DO079RD.jpg,79,3202
RD3161,CS7002,0,domestic garbage,DO080RD.jpg,80,3203
RD3162,N00094,2,domestic garbage,DO081RD.jpg,81,3204
RD3163,N00474,0,domestic garbage,DO082RD.jpg,82,3205
RD3164,30009,0,domestic garbage,DO083RD.jpg,83,3206
RD3165,20229,0,domestic garbage,DO084RD.jpg,84,3207
RD3166,N90157,0,domestic garbage,DO085RD.jpg,85,3208
RD3167,N00310,0,domestic garbage,DO086RD.jpg,86,3209
RD3168,GI14495,0,domestic garbage,DO087RD.jpg,87,3210
RD3169,CS23591,0,domestic garbage,DO088RD.jpg,88,3211
RD3170,N00389,1,domestic garbage,DO089RD.jpg,89,3212
RD3171,N90277,0,domestic garbage,DO090RD.jpg,90,3213
RD3172,10074,0,domestic garbage,DO091RD.jpg,91,3214
RD3173,N00360,0,domestic garbage,DO092RD.jpg,92,3215
RD3174,10119,0,domestic garbage,DO093RD.jpg,93,3216
RD3175,CS8353,0,domestic garbage,DO094RD.jpg,94,3217
RD3176,N00420,0,domestic garbage,DO095RD.jpg,95,3218
RD3177,N00256,0,domestic garbage,DO096RD.jpg,96,3219
RD3178,N00286,0,domestic garbage,DO097RD.jpg,97,3220
RD3179,LN13595,0,domestic garbage,DO098RD.jpg,98,3221
RD3180,60427,0,domestic garbage,DO099RD.jpg,99,3222
RD3181,CS9960,0,domestic garbage,DO100RD.jpg,100,3223
RD3182,N00330,1,domestic garbage,DO101RD.jpg,101,3224
RD3183,CS9727,0,domestic garbage,DO102RD.jpg,102,3225
RD3184,CS12527,1,domestic garbage,DO103RD.jpg,103,3226
RD3185,60147,0,domestic garbage,DO104RD.jpg,104,3227
RD3186,N00217,0,domestic garbage,DO105RD.jpg,105,3228
RD3187,N00125,0,domestic garbage,DO106RD.jpg,106,3229
RD3188,N00413,0,domestic garbage,DO107RD.jpg,107,3230
RD3189,60381,1,domestic garbage,DO108RD.jpg,108,3231
RD3190,LN7662,0,domestic garbage,DO109RD.jpg,109,3232
RD3191,LN2905,0,domestic garbage,DO110RD.jpg,110,3233
RD3192,LN19739,0,domestic garbage,DO111RD.jpg,111,3234
RD3193,N90007,0,domestic garbage,DO112RD.jpg,112,3235
RD3194,N90063,0,domestic garbage,DO113RD.jpg,113,3236
RD3195,N00553,0,domestic garbage,DO114RD.jpg,114,3237
RD3196,LN5315,0,domestic garbage,DO115RD.jpg,115,3238
RD3197,CS9727,0,domestic garbage,DO116RD.jpg,116,3239
RD3198,CS8197,0,domestic garbage,DO117RD.jpg,117,3240
RD3199,60131,0,domestic garbage,DO118RD.jpg,118,3241
RD3200,CS10073,0,domestic garbage,DO119RD.jpg,119,3242
RD3201,CS9330,0,domestic garbage,DO120RD.jpg,120,3243
RD3202,50021,0,domestic garbage,DO121RD.jpg,121,3244
RD3203,N00083,1,domestic garbage,DO122RD.jpg,122,3245
RD3204,N90231,0,domestic garbage,DO123RD.jpg,123,3246
RD3205,60195,0,domestic garbage,DO124RD.jpg,124,3247
RD3206,N00521,0,domestic garbage,DO125RD.jpg,125,3248
RD3207,60375,0,domestic garbage,DO126RD.jpg,126,3249
RD3208,N90091,0,domestic garbage,DO127RD.jpg,127,3250
RD3209,CS23505,0,domestic garbage,DO128RD.jpg,128,3251
RD3210,60040,2,domestic garbage,DO129RD.jpg,129,3252
RD3211,N90285,0,domestic garbage,DO130RD.jpg,130,3253
RD3212,N00205,0,domestic garbage,DO131RD.jpg,131,3254
RD3213,N00433,0,domestic garbage,DO132RD.jpg,132,3255
RD3214,60164,0,domestic garbage,DO133RD.jpg,133,3256
RD3215,20115,0,domestic garbage,DO134RD.jpg,134,3257
RD3216,20061,0,domestic garbage,DO135RD.jpg,135,3258
RD3217,N00466,0,domestic garbage,DO136RD.jpg,136,3259
RD3218,N00113,0,domestic garbage,DO137RD.jpg,137,3260
RD3219,CS12352,0,domestic garbage,DO138RD.jpg,138,3261
RD3220,N00064,0,domestic garbage,DO139RD.jpg,139,3262
RD3221,N90141,0,domestic garbage,DO140RD.jpg,140,3263
RD3222,60265,0,domestic garbage,DO141RD.jpg,141,3264
RD3223,N00149,0,domestic garbage,DO142RD.jpg,142,3265
RD3224,20136,0,domestic garbage,DO143RD.jpg,143,3266
RD3225,N90027,0,domestic garbage,DO144RD.jpg,144,3267
RD3226,GI13326,0,domestic garbage,DO145RD.jpg,145,3268
RD3227,N00021,0,domestic garbage,DO146RD.jpg,146,3269
RD3228,N00415,0,domestic garbage,DO147RD.jpg,147,3270
RD3229,DB4058,0,domestic garbage,DO148RD.jpg,148,3271
RD3230,N90269,0,domestic garbage,DO149RD.jpg,149,3272
RD3231,N00562,0,domestic garbage,DO150RD.jpg,150,3273
RD3232,CS12621,0,domestic garbage,DO151RD.jpg,151,3274
RD3233,20226,0,domestic garbage,DO152RD.jpg,152,3275
RD3234,CS101,0,domestic garbage,DO153RD.jpg,153,3276
RD3235,30006,0,domestic garbage,DO154RD.jpg,154,3277
RD3236,N00124,0,domestic garbage,DO155RD.jpg,155,3278
RD3237,50047,0,domestic garbage,DO156RD.jpg,156,3279
RD3238,60078,1,domestic garbage,DO157RD.jpg,157,3280
RD3239,N90160,0,domestic garbage,DO158RD.jpg,158,3281
RD3240,N00277,1,domestic garbage,DO159RD.jpg,159,3282
RD3241,CS5261,0,domestic garbage,DO160RD.jpg,160,3283
RD3242,N00083,1,domestic garbage,DO161RD.jpg,161,3284
RD3243,20073,0,domestic garbage,DO162RD.jpg,162,3285
RD3244,LN26691,0,domestic garbage,DO163RD.jpg,163,3286
RD3245,N00092,0,domestic garbage,DO164RD.jpg,164,3287
RD3246,N00496,0,domestic garbage,DO165RD.jpg,165,3288
RD3247,N00468,0,domestic garbage,DO166RD.jpg,166,3289
RD3248,N00346,0,domestic garbage,DO167RD.jpg,167,3290
RD3249,60438,0,domestic garbage,DO168RD.jpg,168,3291
RD3250,CS8639,0,domestic garbage,DO169RD.jpg,169,3292
RD3251,N90112,0,domestic garbage,DO170RD.jpg,170,3293
RD3252,LN2888,0,domestic garbage,DO171RD.jpg,171,3294
RD3253,CS5603,0,domestic garbage,DO172RD.jpg,172,3295
RD3254,GI13780,1,domestic garbage,DO173RD.jpg,173,3296
RD3255,GI12646,0,domestic garbage,DO174RD.jpg,174,3297
RD3256,60231,0,domestic garbage,DO175RD.jpg,175,3298
RD3257,60039,0,domestic garbage,DO176RD.jpg,176,3299
RD3258,CS6118,0,domestic garbage,DO177RD.jpg,177,3300
RD3259,60296,0,domestic garbage,DO178RD.jpg,178,3301
RD3260,N00452,0,domestic garbage,DO179RD.jpg,179,3302
RD3261,50019,0,domestic garbage,DO180RD.jpg,180,3303
RD3262,N00589,1,domestic garbage,DO181RD.jpg,181,3304
RD3263,60445,0,domestic garbage,DO182RD.jpg,182,3305
RD3264,30049,0,domestic garbage,DO183RD.jpg,183,3306
RD3265,N00023,0,domestic garbage,DO184RD.jpg,184,3307
RD3266,N90286,0,domestic garbage,DO185RD.jpg,185,3308
RD3267,N00421,0,domestic garbage,DO186RD.jpg,186,3309
RD3268,N00005,0,domestic garbage,DO187RD.jpg,187,3310
RD3269,N00204,1,domestic garbage,DO188RD.jpg,188,3311
RD3270,CS23331,0,domestic garbage,DO189RD.jpg,189,3312
RD3271,60229,0,domestic garbage,DO190RD.jpg,190,3313
RD3272,CS4927,0,domestic garbage,DO191RD.jpg,191,3314
RD3273,N00434,0,domestic garbage,DO192RD.jpg,192,3315
RD3274,20121,0,domestic garbage,DO193RD.jpg,193,3316
RD3275,N00207,0,domestic garbage,DO194RD.jpg,194,3317
RD3276,60030,0,domestic garbage,DO195RD.jpg,195,3318
RD3277,N00355,2,domestic garbage,DO196RD.jpg,196,3319
RD3278,N00151,0,domestic garbage,DO197RD.jpg,197,3320
RD3279,CS6303,0,domestic garbage,DO198RD.jpg,198,3321
RD3280,LN9327,0,domestic garbage,DO199RD.jpg,199,3322
RD3281,N90189,1,domestic garbage,DO200RD.jpg,200,3323
RD3282,10002,0,domestic garbage,DO201RD.jpg,201,3324
RD3283,10034,0,domestic garbage,DO202RD.jpg,202,3325
RD3284,60272,0,domestic garbage,DO203RD.jpg,203,3326
RD3285,60096,0,domestic garbage,DO204RD.jpg,204,3327
RD3286,N90056,0,domestic garbage,DO205RD.jpg,205,3328
RD3287,DB6639,1,domestic garbage,DO206RD.jpg,206,3329
RD3288,N00576,0,domestic garbage,DO207RD.jpg,207,3330
RD3289,N90168,0,domestic garbage,DO208RD.jpg,208,3331
RD3290,CS8353,0,domestic garbage,DO209RD.jpg,209,3332
RD3291,60185,0,domestic garbage,DO210RD.jpg,210,3333
RD3292,CS5088,0,domestic garbage,DO211RD.jpg,211,3334
RD3293,20110,0,domestic garbage,DO212RD.jpg,212,3335
RD3294,N00004,0,domestic garbage,DO213RD.jpg,213,3336
RD3295,CS10072,1,domestic garbage,DO214RD.jpg,214,3337
RD3296,N00344,0,domestic garbage,DO215RD.jpg,215,3338
RD3297,N00496,0,domestic garbage,DO216RD.jpg,216,3339
RD3298,N00315,0,domestic garbage,DO217RD.jpg,217,3340
RD3299,LN5315,0,domestic garbage,DO218RD.jpg,218,3341
RD3300,CS8355,0,domestic garbage,DO219RD.jpg,219,3342
RD3301,60056,1,domestic garbage,DO220RD.jpg,220,3343
RD3302,60285,0,domestic garbage,DO221RD.jpg,221,3344
RD3303,N00398,0,domestic garbage,DO222RD.jpg,222,3345
RD3304,CS7078,0,domestic garbage,DO223RD.jpg,223,3346
RD3305,DB3966,0,domestic garbage,DO224RD.jpg,224,3347
RD3306,GI10330,2,domestic garbage,DO225RD.jpg,225,3348
RD3307,50007,0,domestic garbage,DO226RD.jpg,226,3349
RD3308,N90105,0,domestic garbage,DO227RD.jpg,227,3350
RD3309,N00416,0,domestic garbage,DO228RD.jpg,228,3351
RD3310,CS7514,0,domestic garbage,DO229RD.jpg,229,3352
RD3311,20022,0,domestic garbage,DO230RD.jpg,230,3353
RD3312,20146,0,domestic garbage,DO231RD.jpg,231,3354
RD3313,N00461,0,domestic garbage,DO232RD.jpg,232,3355
RD3314,N00489,0,domestic garbage,DO233RD.jpg,233,3356
RD3315,N90017,0,domestic garbage,DO234RD.jpg,234,3357
RD3316,LN16108,0,domestic garbage,DO235RD.jpg,235,3358
RD3317,CS6464,0,domestic garbage,DO236RD.jpg,236,3359
RD3318,20161,0,domestic garbage,DO237RD.jpg,237,3360
RD3319,60244,0,domestic garbage,DO238RD.jpg,238,3361
RD3320,N00197,0,domestic garbage,DO239RD.jpg,239,3362
RD3321,CS12313,0,domestic garbage,DO240RD.jpg,240,3363
RD3322,60325,0,domestic garbage,DO241RD.jpg,241,3364
RD3323,N00263,0,domestic garbage,DO242RD.jpg,242,3365
RD3324,N00336,0,domestic garbage,DO243RD.jpg,243,3366
RD3325,60019,0,domestic garbage,DO244RD.jpg,244,3367
RD3326,N00561,0,domestic garbage,DO245RD.jpg,245,3368
RD3327,DB3857,0,domestic garbage,DO246RD.jpg,246,3369
RD3328,20231,1,domestic garbage,DO247RD.jpg,247,3370
RD3329,N90288,0,domestic garbage,DO248RD.jpg,248,3371
RD3330,N00478,0,domestic garbage,DO249RD.jpg,249,3372
RD3331,N90019,0,domestic garbage,DO250RD.jpg,250,3373
RD3332,N00017,0,domestic garbage,DO251RD.jpg,251,3374
RD3333,GI20246,0,domestic garbage,DO252RD.jpg,252,3375
RD3334,60261,0,domestic garbage,DO253RD.jpg,253,3376
RD3335,10080,0,domestic garbage,DO254RD.jpg,254,3377
RD3336,GI12051,0,domestic garbage,DO255RD.jpg,255,3378
RD3337,20179,0,domestic garbage,DO256RD.jpg,256,3379
RD3338,N00066,0,domestic garbage,DO257RD.jpg,257,3380
RD3339,N00161,0,domestic garbage,DO258RD.jpg,258,3381
RD3340,N00443,0,domestic garbage,DO259RD.jpg,259,3382
RD3341,N00095,0,domestic garbage,DO260RD.jpg,260,3383
RD3342,DB5911,0,domestic garbage,DO261RD.jpg,261,3384
RD3343,N00315,0,domestic garbage,DO262RD.jpg,262,3385
RD3344,60009,2,domestic garbage,DO263RD.jpg,263,3386
RD3345,N90138,0,domestic garbage,DO264RD.jpg,264,3387
RD3346,N90042,0,domestic garbage,DO265RD.jpg,265,3388
RD3347,CS9631,0,domestic garbage,DO266RD.jpg,266,3389
RD3348,N00513,0,domestic garbage,DO267RD.jpg,267,3390
RD3349,N00446,0,domestic garbage,DO268RD.jpg,268,3391
RD3350,N00109,0,domestic garbage,DO269RD.jpg,269,3392
RD3351,N90251,0,domestic garbage,DO270RD.jpg,270,3393
RD3352,GI13198,0,domestic garbage,DO271RD.jpg,271,3394
RD3353,CS9786,0,domestic garbage,DO272RD.jpg,272,3395
RD3354,N90088,0,domestic garbage,DO273RD.jpg,273,3396
RD3355,50044,0,domestic garbage,DO274RD.jpg,274,3397
RD3356,N90061,0,domestic garbage,DO275RD.jpg,275,3398
RD3357,GI11550,0,domestic garbage,DO276RD.jpg,276,3399
RD3358,N00269,0,domestic garbage,DO277RD.jpg,277,3400
RD3359,N00039,0,domestic garbage,DO278RD.jpg,278,3401
RD3360,N00568,0,domestic garbage,DO279RD.jpg,279,3402
RD3361,60405,0,domestic garbage,DO280RD.jpg,280,3403
RD3362,10010,0,domestic garbage,DO281RD.jpg,281,3404
RD3363,N00223,0,domestic garbage,DO282RD.jpg,282,3405
RD3364,CS275,0,domestic garbage,DO283RD.jpg,283,3406
RD3365,N00432,0,domestic garbage,DO284RD.jpg,284,3407
RD3366,CS6475,0,domestic garbage,DO285RD.jpg,285,3408
RD3367,N90031,0,domestic garbage,DO286RD.jpg,286,3409
RD3368,N00078,0,domestic garbage,DO287RD.jpg,287,3410
RD3369,N00086,0,domestic garbage,DO288RD.jpg,288,3411
RD3370,N00135,0,domestic garbage,DO289RD.jpg,289,3412
RD3371,20052,0,domestic garbage,DO290RD.jpg,290,3413
RD3372,CS23331,0,domestic garbage,DO291RD.jpg,291,3414
RD3373,N00451,0,domestic garbage,DO292RD.jpg,292,3415
RD3374,60261,2,domestic garbage,DO293RD.jpg,293,3416
RD3375,N00053,0,domestic garbage,DO294RD.jpg,294,3417
RD3376,CS6995,0,domestic garbage,DO295RD.jpg,295,3418
RD3377,N00097,0,domestic garbage,DO296RD.jpg,296,3419
RD3378,CS275,0,domestic garbage,DO297RD.jpg,297,3420
RD3379,CS9725,0,domestic garbage,DO298RD.jpg,298,3421
RD3380,N00280,0,domestic garbage,DO299RD.jpg,299,3422
RD3381,N00526,0,domestic garbage,DO300RD.jpg,300,3423
RD3382,N00093,1,domestic garbage,DO301RD.jpg,301,3424
RD3383,N00036,0,domestic garbage,DO302RD.jpg,302,3425
RD3384,60081,0,domestic garbage,DO303RD.jpg,303,3426
RD3385,N90140,0,domestic garbage,DO304RD.jpg,304,3427
RD3386,60233,0,domestic garbage,DO305RD.jpg,305,3428
RD3387,GI13186,0,domestic garbage,DO306RD.jpg,306,3429
RD3388,N90057,0,domestic garbage,DO307RD.jpg,307,3430
RD3389,50047,1,domestic garbage,DO308RD.jpg,308,3431
RD3390,GI5236,0,domestic garbage,DO309RD.jpg,309,3432
RD3391,N00460,0,domestic garbage,DO310RD.jpg,310,3433
RD3392,N00472,0,domestic garbage,DO311RD.jpg,311,3434
RD3393,N90188,0,domestic garbage,DO312RD.jpg,312,3435
RD3394,CS6465,0,domestic garbage,DO313RD.jpg,313,3436
RD3395,20204,0,domestic garbage,DO314RD.jpg,314,3437
RD3396,60215,0,domestic garbage,DO315RD.jpg,315,3438
RD3397,N90186,0,domestic garbage,DO316RD.jpg,316,3439
RD3398,N90188,0,domestic garbage,DO317RD.jpg,317,3440
RD3399,N00204,1,domestic garbage,DO318RD.jpg,318,3441
RD3400,N90227,0,domestic garbage,DO319RD.jpg,319,3442
RD3401,20050,0,domestic garbage,DO320RD.jpg,320,3443
RD3402,N00360,0,domestic garbage,DO321RD.jpg,321,3444
RD3403,CS15367,0,domestic garbage,DO322RD.jpg,322,3445
RD3404,N90062,1,domestic garbage,DO323RD.jpg,323,3446
RD3405,N90258,0,domestic garbage,DO324RD.jpg,324,3447
RD3406,CS20412,0,domestic garbage,DO325RD.jpg,325,3448
RD3407,10135,0,domestic garbage,DO326RD.jpg,326,3449
RD3408,10097,0,domestic garbage,DO327RD.jpg,327,3450
RD3409,N00158,0,domestic garbage,DO328RD.jpg,328,3451
RD3410,N00562,0,domestic garbage,DO329RD.jpg,329,3452
RD3411,N90173,0,domestic garbage,DO330RD.jpg,330,3453
RD3412,LN21356,0,domestic garbage,DO331RD.jpg,331,3454
RD3413,10119,0,domestic garbage,DO332RD.jpg,332,3455
RD3414,N00557,0,domestic garbage,DO333RD.jpg,333,3456
RD3415,50048,1,domestic garbage,DO334RD.jpg,334,3457
RD3416,CS23591,0,domestic garbage,DO335RD.jpg,335,3458
RD3417,N00038,1,domestic garbage,DO336RD.jpg,336,3459
RD3418,CS7341,0,domestic garbage,DO337RD.jpg,337,3460
RD3419,N00210,0,domestic garbage,DO338RD.jpg,338,3461
RD3420,N00014,1,domestic garbage,DO339RD.jpg,339,3462
RD3421,N00074,0,domestic garbage,DO340RD.jpg,340,3463
RD3422,CS12017,0,domestic garbage,DO341RD.jpg,341,3464
RD3423,50019,0,domestic garbage,DO342RD.jpg,342,3465
RD3424,60017,1,domestic garbage,DO343RD.jpg,343,3466
RD3425,CS8810,0,domestic garbage,DO344RD.jpg,344,3467
RD3426,N00191,0,domestic garbage,DO345RD.jpg,345,3468
RD3427,30025,0,domestic garbage,DO346RD.jpg,346,3469
RD3428,20068,0,domestic garbage,DO347RD.jpg,347,3470
RD3429,50043,0,domestic garbage,DO348RD.jpg,348,3471
RD3430,CS4222,0,domestic garbage,DO349RD.jpg,349,3472
RD3431,N00157,0,domestic garbage,DO350RD.jpg,350,3473
RD3432,N00262,0,domestic garbage,DO351RD.jpg,351,3474
RD3433,N90003,0,domestic garbage,DO352RD.jpg,352,3475
RD3434,LN22116,1,domestic garbage,DO353RD.jpg,353,3476
RD3435,CS6305,0,domestic garbage,DO354RD.jpg,354,3477
RD3436,GI10007,0,domestic garbage,DO355RD.jpg,355,3478
RD3437,N90200,0,domestic garbage,DO356RD.jpg,356,3479
RD3438,CS8638,0,domestic garbage,DO357RD.jpg,357,3480
RD3439,N90168,1,domestic garbage,DO358RD.jpg,358,3481
RD3440,GI20565,0,domestic garbage,DO359RD.jpg,359,3482
RD3441,N00406,1,domestic garbage,DO360RD.jpg,360,3483
RD3442,20100,0,domestic garbage,DO361RD.jpg,361,3484
RD3443,CS8639,1,domestic garbage,DO362RD.jpg,362,3485
RD3444,LN24856,0,domestic garbage,DO363RD.jpg,363,3486
RD3445,60369,0,domestic garbage,DO364RD.jpg,364,3487
RD3446,N90221,0,domestic garbage,DO365RD.jpg,365,3488
RD3447,N00534,0,domestic garbage,DO366RD.jpg,366,3489
RD3448,N90065,0,domestic garbage,DO367RD.jpg,367,3490
RD3449,N90128,0,domestic garbage,DO368RD.jpg,368,3491
RD3450,GI10806,0,domestic garbage,DO369RD.jpg,369,3492
RD3451,N00513,0,domestic garbage,DO370RD.jpg,370,3493
RD3452,20231,0,domestic garbage,DO371RD.jpg,371,3494
RD3453,N00465,0,domestic garbage,DO372RD.jpg,372,3495
RD3454,N00343,1,domestic garbage,DO373RD.jpg,373,3496
RD3455,N90299,0,domestic garbage,DO374RD.jpg,374,3497
RD3456,N00144,0,domestic garbage,DO375RD.jpg,375,3498
RD3457,60121,0,domestic garbage,DO376RD.jpg,376,3499
RD3458,CS8197,0,domestic garbage,DO377RD.jpg,377,3500
RD3459,GI13646,0,domestic garbage,DO378RD.jpg,378,3501
RD3460,CS9460,0,domestic garbage,DO379RD.jpg,379,3502
RD3461,N00581,0,domestic garbage,DO380RD.jpg,380,3503
RD3462,60235,0,domestic garbage,DO381RD.jpg,381,3504
RD3463,CS9037,0,domestic garbage,DO382RD.jpg,382,3505
RD3464,N00237,0,domestic garbage,DO383RD.jpg,383,3506
RD3465,CS576,0,domestic garbage,DO384RD.jpg,384,3507
RD3466,N90206,0,domestic garbage,DO385RD.jpg,385,3508
RD3467,60385,0,domestic garbage,DO386RD.jpg,386,3509
RD3468,N00395,1,domestic garbage,DO387RD.jpg,387,3510
RD3469,CS5100,0,domestic garbage,DO388RD.jpg,388,3511
RD3470,60270,0,domestic garbage,DO389RD.jpg,389,3512
RD3471,60427,0,domestic garbage,DO390RD.jpg,390,3513
RD3472,GI4758,0,domestic garbage,DO391RD.jpg,391,3514
RD3473,N00243,0,domestic garbage,DO392RD.jpg,392,3515
RD3474,GI20888,0,domestic garbage,DO393RD.jpg,393,3516
RD3475,60033,0,domestic garbage,DO394RD.jpg,394,3517
RD3476,N00571,0,domestic garbage,DO395RD.jpg,395,3518
RD3477,60469,0,domestic garbage,DO396RD.jpg,396,3519
RD3478,60445,0,domestic garbage,DO397RD.jpg,397,3520
RD3479,N00348,0,domestic garbage,DO398RD.jpg,398,3521
RD3480,N00591,2,domestic garbage,DO399RD.jpg,399,3522
RD3481,10146,0,domestic garbage,DO400RD.jpg,400,3523
RD3482,60297,0,domestic garbage,DO401RD.jpg,401,3524
RD3483,N00591,0,domestic garbage,DO402RD.jpg,402,3525
RD3484,N00344,0,domestic garbage,DO403RD.jpg,403,3526
RD3485,N90065,0,domestic garbage,DO404RD.jpg,404,3527
RD3486,CS6292,0,domestic garbage,DO405RD.jpg,405,3528
RD3487,50048,1,domestic garbage,DO406RD.jpg,406,3529
RD3488,20099,0,domestic garbage,DO407RD.jpg,407,3530
RD3489,N00486,1,domestic garbage,DO408RD.jpg,408,3531
RD3490,20037,0,domestic garbage,DO409RD.jpg,409,3532
RD3491,CS5603,0,domestic garbage,DO410RD.jpg,410,3533
RD3492,CS4396,0,domestic garbage,DO411RD.jpg,411,3534
RD3493,N90206,0,domestic garbage,DO412RD.jpg,412,3535
RD3494,LN5242,1,domestic garbage,DO413RD.jpg,413,3536
RD3495,CS9444,0,domestic garbage,DO414RD.jpg,414,3537
RD3496,CS7175,0,domestic garbage,DO415RD.jpg,415,3538
RD3497,N00354,0,domestic garbage,DO416RD.jpg,416,3539
RD3498,GI10482,0,domestic garbage,DO417RD.jpg,417,3540
RD3499,10038,0,domestic garbage,DO418RD.jpg,418,3541
RD3500,N00377,0,domestic garbage,DO419RD.jpg,419,3542
RD3501,60409,0,domestic garbage,DO420RD.jpg,420,3543
RD3502,N00455,0,domestic garbage,DO421RD.jpg,421,3544
RD3503,20052,0,domestic garbage,DO422RD.jpg,422,3545
RD3504,20241,0,domestic garbage,DO423RD.jpg,423,3546
RD3505,N90020,0,domestic garbage,DO424RD.jpg,424,3547
RD3506,GI14612,0,domestic garbage,DO425RD.jpg,425,3548
RD3507,N90250,0,domestic garbage,DO426RD.jpg,426,3549
RD3508,60427,1,domestic garbage,DO427RD.jpg,427,3550
RD3509,LN25546,0,domestic garbage,DO428RD.jpg,428,3551
RD3510,10094,0,domestic garbage,DO429RD.jpg,429,3552
RD3511,10034,0,domestic garbage,DO430RD.jpg,430,3553
RD3512,20031,0,domestic garbage,DO431RD.jpg,431,3554
RD3513,60215,0,domestic garbage,DO432RD.jpg,432,3555
RD3514,60265,0,domestic garbage,DO433RD.jpg,433,3556
RD3515,DB108,0,domestic garbage,DO434RD.jpg,434,3557
RD3516,10043,0,domestic garbage,DO435RD.jpg,435,3558
RD3517,N00204,1,domestic garbage,DO436RD.jpg,436,3559
RD3518,N90067,1,domestic garbage,DO437RD.jpg,437,3560
RD3519,N00204,1,domestic garbage,DO438RD.jpg,438,3561
RD3520,20072,0,domestic garbage,DO439RD.jpg,439,3562
RD3521,N00392,0,domestic garbage,DO440RD.jpg,440,3563
RD3522,60352,1,domestic garbage,DO441RD.jpg,441,3564
RD3523,N90244,0,domestic garbage,DO442RD.jpg,442,3565
RD3524,20145,1,domestic garbage,DO443RD.jpg,443,3566
RD3525,20220,0,domestic garbage,DO444RD.jpg,444,3567
RD3526,60220,0,domestic garbage,DO445RD.jpg,445,3568
RD3527,N90250,0,domestic garbage,DO446RD.jpg,446,3569
RD3528,CS21191,0,domestic garbage,DO447RD.jpg,447,3570
RD3529,CS7174,0,domestic garbage,DO448RD.jpg,448,3571
RD3530,60050,0,domestic garbage,DO449RD.jpg,449,3572
RD3531,N90033,0,domestic garbage,DO450RD.jpg,450,3573
RD3532,N00018,0,domestic garbage,DO451RD.jpg,451,3574
RD3533,DB3221,0,domestic garbage,DO452RD.jpg,452,3575
RD3534,CS6464,0,domestic garbage,DO453RD.jpg,453,3576
RD3535,20127,0,domestic garbage,DO454RD.jpg,454,3577
RD3536,N90034,0,domestic garbage,DO455RD.jpg,455,3578
RD3537,LN26607,0,domestic garbage,DO456RD.jpg,456,3579
RD3538,N90109,0,domestic garbage,DO457RD.jpg,457,3580
RD3539,N90149,0,domestic garbage,DO458RD.jpg,458,3581
RD3540,GI11883,0,domestic garbage,DO459RD.jpg,459,3582
