,image,class,xmin,xmax,ymin,ymax,idx
0,10000,agriculture forestry,714,783,278,394,0
1,10001,construction waste,350,421,636,704,0
2,10002,domestic garbage,854,888,841,878,0
3,10003,domestic garbage,731,778,880,925,0
4,10003,construction waste,467,618,812,900,1
5,10004,domestic garbage,636,739,884,971,0
6,10005,domestic garbage,362,412,477,532,0
7,10006,domestic garbage,135,195,212,268,0
8,10007,agriculture forestry,732,840,851,937,0
9,10008,agriculture forestry,729,833,914,983,0
10,10009,domestic garbage,182,268,614,728,0
11,10010,domestic garbage,136,197,264,326,0
12,10011,construction waste,486,593,409,489,0
13,10012,domestic garbage,821,934,656,717,0
14,10013,construction waste,839,1019,592,813,0
15,10014,construction waste,124,217,667,783,0
16,10014,construction waste,256,347,613,666,1
17,10015,agriculture forestry,517,745,751,895,0
18,10016,domestic garbage,276,330,983,1019,0
19,10017,domestic garbage,391,447,300,346,0
20,10018,domestic garbage,585,656,480,542,0
21,10019,construction waste,880,933,831,953,0
22,10020,agriculture forestry,236,403,713,792,0
23,10021,domestic garbage,490,585,679,773,0
24,10022,construction waste,242,291,568,617,0
25,10023,agriculture forestry,62,231,250,409,0
26,10025,domestic garbage,968,1020,125,182,0
27,10025,construction waste,841,954,242,349,1
28,10026,domestic garbage,731,849,791,855,0
29,10027,construction waste,796,916,605,689,0
30,10028,construction waste,406,473,358,478,0
31,10029,domestic garbage,805,846,804,860,0
32,10030,domestic garbage,950,1020,623,739,0
33,10031,domestic garbage,144,195,537,587,0
34,10032,domestic garbage,119,181,954,1022,0
35,10033,construction waste,947,999,888,937,0
36,10034,domestic garbage,327,452,783,921,0
37,10035,construction waste,894,983,613,786,0
38,10036,domestic garbage,565,664,555,617,0
39,10036,domestic garbage,6,68,111,180,1
40,10037,construction waste,736,825,681,794,0
41,10038,domestic garbage,902,969,271,323,0
42,10039,domestic garbage,909,964,212,275,0
43,10040,agriculture forestry,329,425,672,778,0
44,10041,construction waste,408,573,376,568,0
45,10042,domestic garbage,254,301,645,721,0
46,10043,domestic garbage,763,819,313,384,0
47,10044,domestic garbage,142,201,247,327,0
48,10045,construction waste,467,541,871,1016,0
49,10046,construction waste,354,815,601,985,0
50,10047,domestic garbage,175,292,740,829,0
51,10048,domestic garbage,368,552,430,557,0
52,10049,agriculture forestry,626,721,123,281,0
53,10050,agriculture forestry,676,943,244,345,0
54,10051,construction waste,820,1022,94,358,0
55,10052,agriculture forestry,833,946,703,855,0
56,10053,domestic garbage,0,89,79,171,0
57,10054,agriculture forestry,78,245,486,583,0
58,10055,construction waste,918,1018,1,150,0
59,10056,domestic garbage,296,347,796,848,0
60,10057,domestic garbage,520,615,949,1019,0
61,10058,domestic garbage,156,217,350,452,0
62,10059,domestic garbage,46,130,680,731,0
63,10059,domestic garbage,2,246,3,74,1
64,10060,construction waste,73,257,576,812,0
65,10061,construction waste,833,1020,773,887,0
66,10062,domestic garbage,754,878,394,472,0
67,10063,agriculture forestry,649,776,388,520,0
68,10064,domestic garbage,945,1005,637,749,0
69,10065,domestic garbage,803,898,447,531,0
70,10066,agriculture forestry,552,636,159,228,0
71,10067,domestic garbage,106,243,634,709,0
72,10068,construction waste,158,314,657,732,0
73,10068,construction waste,380,454,565,646,1
74,10068,construction waste,498,575,686,801,2
75,10068,construction waste,662,722,593,668,3
76,10068,construction waste,856,916,693,728,4
77,10069,agriculture forestry,644,925,641,826,0
78,10070,domestic garbage,607,650,933,972,0
79,10071,construction waste,379,551,449,543,0
80,10072,domestic garbage,150,203,297,341,0
81,10073,agriculture forestry,532,630,676,763,0
82,10074,domestic garbage,26,84,800,879,0
83,10075,domestic garbage,1,84,378,486,0
84,10076,domestic garbage,645,733,132,230,0
85,10077,domestic garbage,897,950,958,1022,0
86,10078,domestic garbage,796,841,384,436,0
87,10079,domestic garbage,215,288,65,135,0
88,10079,domestic garbage,1,72,310,451,1
89,10079,domestic garbage,760,925,279,372,2
90,10080,domestic garbage,870,1000,632,711,0
91,10081,domestic garbage,327,452,28,153,0
92,10082,construction waste,29,148,605,685,0
93,10083,construction waste,886,1021,506,611,0
94,10083,domestic garbage,855,919,184,277,1
95,10083,domestic garbage,424,483,104,185,2
96,10084,domestic garbage,259,300,207,246,0
97,10085,domestic garbage,339,406,735,795,0
98,10086,construction waste,710,790,757,957,0
99,10087,domestic garbage,337,555,380,599,0
100,10088,agriculture forestry,723,829,249,338,0
101,10089,construction waste,925,1022,657,728,0
102,10089,construction waste,577,760,502,616,1
103,10090,construction waste,797,1022,92,225,0
104,10091,construction waste,556,642,918,1021,0
105,10092,agriculture forestry,88,168,351,468,0
106,10093,domestic garbage,57,116,612,679,0
107,10094,domestic garbage,453,505,499,552,0
108,10095,construction waste,195,391,286,414,0
109,10096,domestic garbage,789,864,463,587,0
110,10097,domestic garbage,605,755,152,299,0
111,10098,construction waste,532,595,523,572,0
112,10098,agriculture forestry,393,499,610,784,1
113,10099,construction waste,498,677,876,1022,0
114,10100,domestic garbage,596,635,528,582,0
115,10101,construction waste,675,750,654,713,0
116,10101,domestic garbage,964,1024,291,332,1
117,10102,construction waste,819,921,890,949,0
118,10103,agriculture forestry,887,1015,265,421,0
119,10104,domestic garbage,329,460,22,152,0
120,10105,construction waste,738,777,863,909,0
121,10106,domestic garbage,488,599,481,588,0
122,10107,domestic garbage,731,784,114,158,0
123,10107,construction waste,466,618,43,128,1
124,10108,agriculture forestry,671,804,500,688,0
125,10109,construction waste,735,991,115,200,0
126,10110,domestic garbage,916,967,295,338,0
127,10111,domestic garbage,361,428,833,950,0
128,10112,construction waste,843,1010,221,612,0
129,10113,construction waste,263,390,194,422,0
130,10114,construction waste,184,276,145,271,0
131,10115,domestic garbage,46,92,681,769,0
132,10116,agriculture forestry,806,996,515,693,0
133,10117,construction waste,141,253,768,865,0
134,10118,construction waste,512,660,262,346,0
135,10119,domestic garbage,29,74,384,437,0
136,10120,domestic garbage,807,990,653,715,0
137,10121,domestic garbage,966,1018,891,948,0
138,10122,construction waste,441,535,342,485,0
139,10123,construction waste,790,999,414,603,0
140,10124,construction waste,618,853,323,488,0
141,10125,domestic garbage,894,991,660,763,0
142,10126,construction waste,619,787,227,324,0
143,10127,domestic garbage,885,936,381,410,0
144,10128,construction waste,273,455,397,629,0
145,10129,domestic garbage,329,409,532,570,0
146,10130,construction waste,829,1007,844,950,0
147,10131,construction waste,178,308,364,452,0
148,10132,domestic garbage,176,235,640,751,0
149,10133,domestic garbage,174,299,214,309,0
150,10134,domestic garbage,268,370,221,287,0
151,10135,domestic garbage,607,650,166,204,0
152,10136,domestic garbage,710,804,454,533,0
153,10137,domestic garbage,343,408,816,868,0
154,10138,domestic garbage,510,584,568,637,0
155,10138,construction waste,241,368,798,954,1
156,10139,agriculture forestry,857,943,349,467,0
157,10140,agriculture forestry,255,339,570,651,0
158,10141,construction waste,77,336,803,971,0
159,10141,domestic garbage,53,117,524,617,1
160,10142,agriculture forestry,922,973,442,497,0
161,10143,construction waste,275,402,158,304,0
162,10144,agriculture forestry,81,172,200,298,0
163,10145,agriculture forestry,436,547,452,575,0
164,10146,domestic garbage,305,360,149,204,0
165,10147,construction waste,618,748,484,574,0
166,10147,domestic garbage,699,740,668,698,1
167,10148,domestic garbage,263,344,135,205,0
168,10149,domestic garbage,912,967,415,466,0
169,10150,domestic garbage,179,231,121,174,0
170,10151,domestic garbage,634,737,116,207,0
171,10152,domestic garbage,945,1000,120,171,0
172,10153,domestic garbage,524,592,799,834,0
173,10154,construction waste,705,1011,84,350,0
174,20000,domestic garbage,379,518,698,821,0
175,20000,domestic garbage,390,500,535,654,1
176,20001,construction waste,177,263,275,450,0
177,20002,domestic garbage,883,935,744,816,0
178,20003,construction waste,426,538,813,949,0
179,20004,domestic garbage,621,699,869,909,0
180,20005,domestic garbage,105,183,387,436,0
181,20006,domestic garbage,315,400,377,423,0
182,20007,domestic garbage,248,355,267,302,0
183,20008,domestic garbage,98,162,232,284,0
184,20009,domestic garbage,149,279,608,689,0
185,20010,domestic garbage,780,892,142,276,0
186,20011,domestic garbage,7,74,454,512,0
187,20012,construction waste,699,797,223,274,0
188,20013,construction waste,550,672,272,381,0
189,20014,domestic garbage,194,283,483,589,0
190,20015,domestic garbage,605,715,300,376,0
191,20015,domestic garbage,306,362,253,328,1
192,20016,agriculture forestry,68,366,80,377,0
193,20017,agriculture forestry,246,436,184,309,0
194,20018,domestic garbage,687,759,906,968,0
195,20019,agriculture forestry,133,185,231,292,0
196,20020,construction waste,431,581,245,332,0
197,20021,construction waste,797,1022,244,401,0
198,20022,domestic garbage,812,904,375,463,0
199,20023,domestic garbage,574,607,181,230,0
200,20024,domestic garbage,863,911,879,940,0
201,20024,construction waste,783,889,657,752,1
202,20025,domestic garbage,256,329,433,537,0
203,20026,construction waste,660,773,722,881,0
204,20027,domestic garbage,915,1019,604,682,0
205,20028,domestic garbage,415,502,769,913,0
206,20029,domestic garbage,36,139,369,458,0
207,20030,domestic garbage,321,462,193,324,0
208,20031,domestic garbage,735,779,251,300,0
209,20032,construction waste,295,398,602,674,0
210,20032,construction waste,448,521,786,894,1
211,20033,agriculture forestry,651,779,126,286,0
212,20034,construction waste,140,215,894,997,0
213,20035,domestic garbage,51,106,22,75,0
214,20036,domestic garbage,50,107,791,846,0
215,20037,domestic garbage,805,870,735,795,0
216,20038,domestic garbage,265,329,314,446,0
217,20039,construction waste,186,500,191,852,0
218,20040,construction waste,517,675,805,992,0
219,20040,construction waste,694,897,536,637,1
220,20041,construction waste,391,628,463,728,0
221,20042,domestic garbage,494,632,696,806,0
222,20043,construction waste,541,661,781,896,0
223,20044,domestic garbage,809,849,45,98,0
224,20045,domestic garbage,609,734,261,332,0
225,20046,domestic garbage,734,813,130,185,0
226,20047,domestic garbage,33,89,172,236,0
227,20048,domestic garbage,411,602,98,259,0
228,20049,construction waste,907,986,124,230,0
229,20050,domestic garbage,352,397,139,191,0
230,20051,domestic garbage,398,436,540,602,0
231,20052,domestic garbage,209,267,721,792,0
232,20053,domestic garbage,832,935,735,809,0
233,20054,domestic garbage,552,659,377,509,0
234,20055,domestic garbage,401,453,847,916,0
235,20056,domestic garbage,350,451,892,1017,0
236,20057,construction waste,201,342,870,1000,0
237,20058,construction waste,412,608,741,908,0
238,20059,construction waste,362,464,619,689,0
239,20060,domestic garbage,752,806,704,751,0
240,20061,domestic garbage,611,686,778,824,0
241,20061,domestic garbage,732,845,727,787,1
242,20062,domestic garbage,903,964,470,533,0
243,20062,construction waste,629,789,925,1024,1
244,20063,domestic garbage,713,841,344,437,0
245,20064,domestic garbage,873,937,415,488,0
246,20065,domestic garbage,50,198,323,377,0
247,20066,domestic garbage,694,809,855,976,0
248,20067,construction waste,424,532,48,177,0
249,20068,domestic garbage,619,700,101,140,0
250,20069,construction waste,207,589,774,883,0
251,20070,domestic garbage,873,961,132,263,0
252,20071,construction waste,316,535,836,920,0
253,20072,domestic garbage,874,961,910,1022,0
254,20073,domestic garbage,685,732,159,201,0
255,20073,domestic garbage,132,226,313,438,1
256,20074,domestic garbage,863,911,109,172,0
257,20075,construction waste,803,894,284,392,0
258,20076,construction waste,241,502,526,619,0
259,20077,construction waste,177,270,479,588,0
260,20077,construction waste,199,288,726,801,1
261,20078,domestic garbage,700,786,43,138,0
262,20079,domestic garbage,476,594,591,746,0
263,20080,domestic garbage,172,304,460,526,0
264,20081,domestic garbage,560,612,342,394,0
265,20081,construction waste,504,675,36,232,1
266,20082,agriculture forestry,371,592,782,997,0
267,20083,domestic garbage,237,297,267,344,0
268,20084,domestic garbage,105,152,184,263,0
269,20084,domestic garbage,93,153,334,374,1
270,20085,domestic garbage,688,757,139,198,0
271,20086,domestic garbage,677,786,811,880,0
272,20087,domestic garbage,737,780,288,331,0
273,20088,construction waste,500,929,270,566,0
274,20089,domestic garbage,955,1013,370,409,0
275,20090,domestic garbage,256,355,351,545,0
276,20091,domestic garbage,245,330,494,706,0
277,20092,domestic garbage,442,481,208,267,0
278,20094,construction waste,490,758,528,593,0
279,20095,domestic garbage,681,747,554,610,0
280,20096,domestic garbage,324,401,641,729,0
281,20097,domestic garbage,362,423,685,719,0
282,20098,domestic garbage,777,922,65,180,0
283,20099,domestic garbage,742,796,338,409,0
284,20099,domestic garbage,225,338,638,713,1
285,20100,domestic garbage,43,90,269,347,0
286,20101,domestic garbage,90,133,886,948,0
287,20102,domestic garbage,617,660,415,440,0
288,20103,domestic garbage,741,841,163,274,0
289,20104,domestic garbage,139,215,136,228,0
290,20105,construction waste,12,448,183,511,0
291,20106,domestic garbage,435,500,219,297,0
292,20107,domestic garbage,169,233,527,585,0
293,20108,domestic garbage,262,338,529,588,0
294,20109,domestic garbage,158,271,606,689,0
295,20110,domestic garbage,876,950,387,436,0
296,20111,domestic garbage,331,381,965,1013,0
297,20112,domestic garbage,878,1019,367,452,0
298,20113,domestic garbage,115,183,462,519,0
299,20114,domestic garbage,735,864,121,233,0
300,20115,domestic garbage,649,708,773,856,0
301,20116,construction waste,732,867,209,296,0
302,20117,domestic garbage,883,951,462,520,0
303,20118,construction waste,1,242,526,797,0
304,20119,domestic garbage,564,642,59,154,0
305,20120,domestic garbage,192,282,216,267,0
306,20121,domestic garbage,740,809,903,950,0
307,20122,domestic garbage,94,143,109,173,0
308,20123,domestic garbage,115,199,363,466,0
309,20124,domestic garbage,331,402,488,538,0
310,20125,construction waste,296,434,540,666,0
311,20126,domestic garbage,32,93,939,1010,0
312,20127,domestic garbage,486,568,430,525,0
313,20128,agriculture forestry,549,796,383,588,0
314,20129,agriculture forestry,319,501,121,272,0
315,20130,domestic garbage,222,269,399,455,0
316,20131,domestic garbage,350,426,412,452,0
317,20131,domestic garbage,587,659,393,465,1
318,20132,construction waste,697,852,564,752,0
319,20133,agriculture forestry,11,137,348,542,0
320,20134,domestic garbage,921,1021,608,688,0
321,20135,domestic garbage,977,1018,807,851,0
322,20136,domestic garbage,903,1003,311,431,0
323,20137,domestic garbage,15,151,67,178,0
324,20138,domestic garbage,105,167,415,488,0
325,20139,domestic garbage,200,450,515,685,0
326,20141,domestic garbage,737,804,284,333,0
327,20142,agriculture forestry,259,402,124,233,0
328,20143,domestic garbage,856,901,889,948,0
329,20144,construction waste,533,667,366,540,0
330,20145,domestic garbage,265,335,253,305,0
331,20145,domestic garbage,188,248,391,432,1
332,20146,domestic garbage,372,424,233,294,0
333,20147,construction waste,463,611,319,450,0
334,20148,construction waste,99,212,174,339,0
335,20149,domestic garbage,404,459,160,218,0
336,20150,domestic garbage,639,723,355,428,0
337,20151,domestic garbage,962,1013,338,386,0
338,20152,construction waste,862,999,192,263,0
339,20153,construction waste,523,742,943,1022,0
340,20154,construction waste,288,440,961,1024,0
341,20155,domestic garbage,646,707,1,92,0
342,20156,domestic garbage,847,967,582,698,0
343,20157,domestic garbage,42,82,45,102,0
344,20158,domestic garbage,67,128,326,373,0
345,20159,construction waste,667,792,123,248,0
346,20160,agriculture forestry,477,574,47,197,0
347,20161,domestic garbage,279,318,225,269,0
348,20162,construction waste,117,314,498,653,0
349,20163,construction waste,106,202,130,262,0
350,20164,domestic garbage,301,364,430,503,0
351,20165,domestic garbage,489,542,316,366,0
352,20166,construction waste,488,622,825,930,0
353,20167,domestic garbage,314,385,589,682,0
354,20168,construction waste,439,593,755,847,0
355,20169,agriculture forestry,380,503,140,264,0
356,20170,domestic garbage,349,452,766,820,0
357,20171,domestic garbage,225,276,1,43,0
358,20172,domestic garbage,471,512,636,672,0
359,20173,domestic garbage,288,384,110,211,0
360,20173,domestic garbage,302,366,402,524,1
361,20174,domestic garbage,88,156,370,447,0
362,20175,agriculture forestry,469,649,381,462,0
363,20175,domestic garbage,710,774,300,409,1
364,20176,domestic garbage,854,903,119,178,0
365,20177,domestic garbage,307,389,197,290,0
366,20178,construction waste,596,679,666,764,0
367,20179,domestic garbage,598,642,84,150,0
368,20179,domestic garbage,526,635,445,537,1
369,20180,domestic garbage,686,789,516,648,0
370,20180,construction waste,444,576,600,729,1
371,20181,domestic garbage,529,567,210,265,0
372,20182,construction waste,568,721,752,825,0
373,20183,domestic garbage,158,262,70,174,0
374,20184,domestic garbage,573,689,605,673,0
375,20185,construction waste,33,131,287,398,0
376,20186,domestic garbage,664,748,565,685,0
377,20187,domestic garbage,859,927,373,447,0
378,20187,domestic garbage,941,1000,717,761,1
379,20188,domestic garbage,457,510,159,205,0
380,20188,domestic garbage,586,679,169,259,1
381,20189,domestic garbage,33,94,256,309,0
382,20190,domestic garbage,773,838,135,203,0
383,20191,domestic garbage,79,195,582,695,0
384,20192,construction waste,697,787,807,897,0
385,20193,domestic garbage,540,656,17,126,0
386,20194,construction waste,283,337,116,218,0
387,20195,construction waste,1,114,654,860,0
388,20196,domestic garbage,811,859,270,346,0
389,20197,domestic garbage,529,630,174,277,0
390,20198,domestic garbage,873,929,233,283,0
391,20199,domestic garbage,570,773,81,157,0
392,20200,construction waste,249,353,66,289,0
393,20200,domestic garbage,316,374,463,505,1
394,20201,domestic garbage,670,720,334,382,0
395,20202,construction waste,753,888,657,860,0
396,20203,domestic garbage,59,165,735,815,0
397,20204,domestic garbage,402,465,620,678,0
398,20205,agriculture forestry,836,967,525,612,0
399,20206,construction waste,347,799,655,947,0
400,20207,domestic garbage,763,798,214,275,0
401,20207,construction waste,428,676,19,114,1
402,20208,domestic garbage,142,235,757,926,0
403,20209,construction waste,199,299,686,745,0
404,20209,domestic garbage,719,794,231,270,1
405,20210,agriculture forestry,185,380,292,410,0
406,20211,domestic garbage,625,736,709,841,0
407,20212,construction waste,76,129,123,394,0
408,20213,domestic garbage,913,1000,755,922,0
409,20214,domestic garbage,196,325,81,128,0
410,20215,domestic garbage,208,252,807,853,0
411,20216,domestic garbage,839,893,320,373,0
412,20217,domestic garbage,613,688,11,55,0
413,20217,construction waste,505,694,198,301,1
414,20218,domestic garbage,468,508,269,315,0
415,20219,domestic garbage,621,692,574,633,0
416,20220,domestic garbage,15,129,573,639,0
417,20221,domestic garbage,521,575,96,147,0
418,20222,domestic garbage,291,343,152,198,0
419,20223,domestic garbage,640,710,515,552,0
420,20224,agriculture forestry,670,930,262,624,0
421,20225,domestic garbage,690,757,442,532,0
422,20226,domestic garbage,393,461,210,295,0
423,20227,domestic garbage,884,932,1,47,0
424,20228,domestic garbage,114,169,742,817,0
425,20229,domestic garbage,40,106,735,801,0
426,20230,domestic garbage,188,246,371,408,0
427,20231,domestic garbage,710,774,167,235,0
428,20231,domestic garbage,871,921,184,257,1
429,20231,domestic garbage,854,923,332,374,2
430,20232,domestic garbage,696,737,637,708,0
431,20233,domestic garbage,95,143,878,941,0
432,20233,domestic garbage,18,120,657,752,1
433,20234,domestic garbage,406,539,542,651,0
434,20235,construction waste,571,758,572,623,0
435,20236,domestic garbage,638,678,695,736,0
436,20237,agriculture forestry,472,570,820,962,0
437,20238,domestic garbage,83,126,262,303,0
438,20239,domestic garbage,802,868,257,306,0
439,20240,agriculture forestry,786,917,347,542,0
440,20241,domestic garbage,400,453,78,148,0
441,20242,agriculture forestry,68,200,523,615,0
442,20243,construction waste,202,344,91,228,0
443,20244,domestic garbage,718,779,660,706,0
444,30000,domestic garbage,261,315,333,385,0
445,30001,construction waste,680,794,72,212,0
446,30002,domestic garbage,951,1013,504,599,0
447,30003,domestic garbage,304,528,581,688,0
448,30004,construction waste,327,427,149,253,0
449,30005,domestic garbage,289,478,733,834,0
450,30006,domestic garbage,170,294,19,195,0
451,30007,domestic garbage,376,472,871,938,0
452,30008,domestic garbage,604,660,559,621,0
453,30009,domestic garbage,262,312,300,349,0
454,30010,domestic garbage,606,677,451,532,0
455,30011,domestic garbage,260,360,380,478,0
456,30012,domestic garbage,377,474,78,138,0
457,30013,domestic garbage,925,975,114,209,0
458,30014,agriculture forestry,365,725,12,186,0
459,30015,domestic garbage,429,531,142,214,0
460,30016,construction waste,327,426,915,1021,0
461,30017,domestic garbage,804,880,647,765,0
462,30018,domestic garbage,292,348,84,114,0
463,30019,domestic garbage,927,985,362,444,0
464,30020,domestic garbage,588,633,279,357,0
465,30021,domestic garbage,56,109,613,653,0
466,30022,domestic garbage,530,606,759,835,0
467,30023,domestic garbage,179,289,778,953,0
468,30024,domestic garbage,541,607,779,835,0
469,30025,domestic garbage,640,705,973,1021,0
470,30026,domestic garbage,519,592,674,736,0
471,30027,domestic garbage,157,218,362,447,0
472,30027,domestic garbage,360,414,546,617,1
473,30028,agriculture forestry,278,356,158,308,0
474,30029,domestic garbage,266,410,532,628,0
475,30030,domestic garbage,134,222,169,266,0
476,30031,domestic garbage,488,624,174,503,0
477,30032,domestic garbage,464,528,288,392,0
478,30033,construction waste,935,1022,783,956,0
480,30035,domestic garbage,735,819,598,678,0
481,30036,domestic garbage,730,782,773,881,0
482,30037,domestic garbage,653,745,697,810,0
483,30038,domestic garbage,592,665,351,457,0
484,30039,domestic garbage,922,976,590,702,0
485,30040,domestic garbage,882,994,685,803,0
486,30041,agriculture forestry,696,855,430,528,0
487,30042,construction waste,715,1016,287,660,0
488,30043,agriculture forestry,722,797,439,513,0
489,30044,domestic garbage,210,307,473,626,0
490,30045,domestic garbage,294,603,123,375,0
491,30045,agriculture forestry,765,1024,437,552,1
493,30046,agriculture forestry,549,717,542,739,0
494,30047,domestic garbage,868,994,318,367,0
495,30048,domestic garbage,258,376,15,90,0
496,30049,domestic garbage,698,774,755,847,0
497,30050,domestic garbage,883,938,237,282,0
498,30051,agriculture forestry,643,796,742,840,0
499,30052,agriculture forestry,448,523,79,171,0
500,30053,domestic garbage,331,450,497,583,0
501,30054,domestic garbage,342,473,2,72,0
502,30055,domestic garbage,841,941,407,495,0
503,30056,domestic garbage,336,625,262,517,0
504,30056,agriculture forestry,788,1022,577,692,1
506,30057,domestic garbage,837,943,35,145,0
507,30058,domestic garbage,884,1022,470,606,0
508,30059,domestic garbage,829,896,651,770,0
509,30060,construction waste,102,428,463,693,0
512,40068,domestic garbage,829,891,263,296,2
515,40127,domestic garbage,923,979,455,493,2
516,50000,domestic garbage,726,795,819,892,0
517,50001,domestic garbage,512,629,670,713,0
518,50002,construction waste,118,556,123,764,0
519,50004,agriculture forestry,443,538,812,948,0
520,50005,domestic garbage,317,356,193,250,0
521,50006,construction waste,543,606,818,1011,0
522,50007,domestic garbage,553,614,457,511,0
523,50007,domestic garbage,704,756,602,666,1
524,50008,agriculture forestry,870,977,617,720,0
525,50009,agriculture forestry,564,743,346,577,0
526,50010,construction waste,269,468,762,978,0
527,50011,domestic garbage,277,373,244,300,0
528,50012,domestic garbage,584,721,288,424,0
529,50013,domestic garbage,440,538,46,169,0
530,50014,domestic garbage,903,968,769,808,0
531,50015,domestic garbage,547,606,724,815,0
532,50016,domestic garbage,139,210,538,603,0
533,50017,agriculture forestry,515,606,614,703,0
534,50018,domestic garbage,105,259,97,226,0
535,50019,domestic garbage,620,723,781,884,0
536,50020,domestic garbage,560,659,629,718,0
537,50021,domestic garbage,724,806,962,1021,0
538,50022,construction waste,843,934,808,926,0
539,50023,domestic garbage,148,198,243,295,0
540,50024,domestic garbage,936,1013,529,611,0
541,50025,domestic garbage,131,191,379,417,0
542,50025,domestic garbage,680,720,286,355,1
543,50026,domestic garbage,232,308,621,696,0
544,50026,domestic garbage,185,326,391,500,1
545,50027,domestic garbage,107,198,616,718,0
546,50028,domestic garbage,114,167,232,279,0
547,50029,domestic garbage,198,335,242,301,0
548,50030,agriculture forestry,583,813,663,754,0
549,50031,construction waste,309,445,591,742,0
550,50032,domestic garbage,813,894,664,759,0
551,50033,domestic garbage,230,325,597,700,0
552,50033,domestic garbage,371,535,79,217,1
553,50034,domestic garbage,782,877,863,976,0
554,50035,agriculture forestry,388,570,391,598,0
555,50036,construction waste,224,379,123,199,0
556,50037,agriculture forestry,256,355,216,399,0
557,50038,domestic garbage,513,603,35,129,0
558,50039,construction waste,628,720,521,601,0
559,50040,construction waste,771,976,381,712,0
560,50040,construction waste,242,563,891,1022,1
561,50042,domestic garbage,376,514,552,629,0
562,50043,domestic garbage,734,777,420,496,0
563,50044,domestic garbage,43,149,662,759,0
564,50045,domestic garbage,204,252,505,557,0
565,50046,construction waste,229,377,892,966,0
566,50047,domestic garbage,413,500,664,756,0
567,50047,domestic garbage,53,175,108,205,1
568,50048,domestic garbage,624,678,846,876,0
569,50048,domestic garbage,545,584,439,470,1
570,50048,domestic garbage,649,684,479,508,2
571,50049,domestic garbage,719,809,191,262,0
572,60000,domestic garbage,413,445,271,326,0
573,60001,domestic garbage,242,293,224,347,0
574,60002,domestic garbage,912,962,780,828,0
575,60003,construction waste,203,312,208,483,0
576,60004,agriculture forestry,195,306,822,953,0
577,60005,agriculture forestry,1,64,444,513,0
578,60006,domestic garbage,423,487,743,819,0
579,60007,agriculture forestry,28,310,397,474,0
580,60008,domestic garbage,295,386,226,322,0
581,60009,domestic garbage,227,285,960,1020,0
582,60009,domestic garbage,226,305,552,615,1
583,60009,domestic garbage,54,154,931,1021,2
584,60010,domestic garbage,639,700,268,331,0
585,60010,domestic garbage,846,970,456,541,1
586,60011,domestic garbage,160,226,104,170,0
587,60012,construction waste,270,419,183,411,0
588,60013,domestic garbage,13,143,9,140,0
589,60014,domestic garbage,249,301,86,211,0
590,60015,domestic garbage,736,852,488,541,0
591,60016,domestic garbage,263,327,908,979,0
592,60017,construction waste,628,870,172,310,0
593,60017,domestic garbage,875,923,354,406,1
594,60018,domestic garbage,161,233,195,266,0
595,60018,domestic garbage,207,275,427,491,1
596,60018,domestic garbage,3,138,620,834,2
597,60019,domestic garbage,389,436,337,373,0
598,60020,domestic garbage,769,922,216,326,0
599,60020,domestic garbage,147,231,145,250,1
600,60021,domestic garbage,380,400,327,381,0
601,60022,domestic garbage,417,482,728,786,0
602,60022,domestic garbage,760,897,700,777,1
603,60023,agriculture forestry,852,925,201,276,0
604,60024,domestic garbage,15,54,736,770,0
605,60025,domestic garbage,914,1004,25,76,0
606,60026,agriculture forestry,144,303,158,271,0
607,60027,agriculture forestry,614,748,370,439,0
608,60028,domestic garbage,446,621,400,610,0
609,60029,domestic garbage,320,471,960,1022,0
610,60030,domestic garbage,742,912,182,265,0
611,60031,domestic garbage,637,744,570,706,0
612,60032,agriculture forestry,605,726,744,826,0
613,60033,domestic garbage,341,419,375,470,0
614,60034,domestic garbage,2,126,221,351,0
615,60035,domestic garbage,323,477,201,251,0
616,60036,domestic garbage,391,529,214,308,0
617,60037,domestic garbage,768,879,53,148,0
618,60038,agriculture forestry,375,658,287,468,0
619,60039,domestic garbage,394,507,442,563,0
620,60039,domestic garbage,96,264,40,187,1
621,60040,construction waste,307,527,456,843,0
622,60040,construction waste,615,709,690,814,1
623,60040,domestic garbage,671,779,517,574,2
624,60040,construction waste,461,837,857,1019,3
625,60041,domestic garbage,285,370,142,307,0
626,60042,domestic garbage,816,858,506,583,0
627,60043,domestic garbage,206,274,677,750,0
628,60044,domestic garbage,757,822,13,181,0
629,60045,agriculture forestry,590,743,341,703,0
630,60046,domestic garbage,845,882,704,735,0
631,60047,domestic garbage,197,264,411,459,0
632,60048,domestic garbage,68,122,556,605,0
633,60049,agriculture forestry,499,598,879,1001,0
634,60050,domestic garbage,622,726,248,319,0
635,60051,domestic garbage,897,1004,885,946,0
636,60052,domestic garbage,94,187,770,873,0
637,60053,domestic garbage,198,292,670,724,0
638,60054,agriculture forestry,661,954,313,604,0
639,60055,domestic garbage,346,400,398,447,0
640,60056,domestic garbage,417,541,31,153,0
641,60056,domestic garbage,206,411,265,307,1
642,60057,domestic garbage,54,167,324,446,0
643,60058,construction waste,272,491,25,255,0
644,60059,domestic garbage,161,225,874,943,0
645,60060,domestic garbage,237,277,370,440,0
646,60061,domestic garbage,23,141,740,862,0
647,60062,domestic garbage,38,100,313,372,0
648,60063,agriculture forestry,58,138,317,390,0
649,60064,domestic garbage,578,689,576,704,0
650,60065,domestic garbage,320,399,223,286,0
651,60065,domestic garbage,422,506,476,611,1
652,60066,domestic garbage,476,558,80,141,0
653,60067,construction waste,298,372,912,984,0
654,60068,domestic garbage,929,1019,314,412,0
655,60069,domestic garbage,917,984,951,1007,0
656,60070,domestic garbage,845,945,356,420,0
657,60071,domestic garbage,41,89,741,809,0
658,60072,domestic garbage,19,82,110,164,0
659,60073,domestic garbage,162,226,578,692,0
660,60074,domestic garbage,277,437,959,1024,0
661,60075,domestic garbage,133,247,573,630,0
662,60076,construction waste,181,412,393,611,0
663,60077,domestic garbage,874,927,721,800,0
664,60077,domestic garbage,788,857,583,633,1
665,60078,domestic garbage,433,516,959,1022,0
666,60078,domestic garbage,983,1022,770,826,1
667,60079,domestic garbage,738,814,163,243,0
668,60080,construction waste,81,172,608,723,0
669,60081,domestic garbage,406,546,144,220,0
670,60082,agriculture forestry,685,801,625,749,0
671,60083,domestic garbage,55,188,228,339,0
672,60084,domestic garbage,521,649,208,316,0
673,60085,domestic garbage,635,783,709,1022,0
674,60086,domestic garbage,48,95,602,713,0
675,60087,domestic garbage,697,748,444,511,0
676,60088,domestic garbage,243,316,900,988,0
677,60089,agriculture forestry,193,320,312,416,0
678,60090,domestic garbage,26,266,681,741,0
679,60091,domestic garbage,336,392,158,233,0
680,60091,domestic garbage,373,424,934,986,1
681,60092,domestic garbage,135,184,187,317,0
682,60093,domestic garbage,166,248,517,556,0
683,60094,domestic garbage,140,188,802,856,0
684,60095,construction waste,401,495,714,796,0
685,60096,domestic garbage,961,1002,734,858,0
686,60097,construction waste,1,178,192,373,0
687,60097,agriculture forestry,500,553,1,161,1
688,60098,domestic garbage,620,769,137,208,0
689,60099,domestic garbage,644,770,823,899,0
690,60100,domestic garbage,489,549,420,458,0
691,60100,construction waste,33,300,703,829,1
692,60101,construction waste,54,131,489,717,0
693,60102,domestic garbage,142,202,43,88,0
694,60103,domestic garbage,505,558,438,516,0
695,60104,domestic garbage,354,398,624,659,0
696,60105,domestic garbage,320,507,625,720,0
697,60106,domestic garbage,444,576,343,409,0
698,60107,agriculture forestry,644,773,778,997,0
699,60108,domestic garbage,520,726,780,848,0
700,60109,domestic garbage,115,244,235,330,0
701,60110,domestic garbage,916,966,285,413,0
702,60111,agriculture forestry,108,307,84,210,0
703,60112,domestic garbage,278,397,273,339,0
704,60113,domestic garbage,105,155,592,655,0
705,60114,domestic garbage,843,930,348,441,0
706,60115,agriculture forestry,887,1023,173,490,0
707,60116,domestic garbage,219,328,788,835,0
708,60117,construction waste,474,715,264,406,0
709,60118,agriculture forestry,327,434,503,625,0
710,60119,domestic garbage,619,679,883,957,0
711,60119,domestic garbage,689,737,930,962,1
712,60120,domestic garbage,401,483,493,676,0
713,60120,domestic garbage,669,789,457,549,1
714,60121,domestic garbage,214,379,587,656,0
715,60122,construction waste,809,899,223,336,0
716,60123,domestic garbage,701,893,442,582,0
717,60124,domestic garbage,266,323,691,712,0
718,60125,domestic garbage,193,265,760,834,0
719,60126,agriculture forestry,637,775,835,885,0
720,60127,agriculture forestry,307,511,252,343,0
721,60128,domestic garbage,688,756,23,91,0
722,60129,construction waste,716,883,540,722,0
723,60130,domestic garbage,930,1022,770,914,0
724,60131,domestic garbage,558,663,26,148,0
725,60132,construction waste,659,782,756,938,0
726,60133,agriculture forestry,171,287,861,987,0
727,60134,construction waste,419,627,565,705,0
728,60135,agriculture forestry,764,854,22,93,0
729,60136,construction waste,399,625,350,463,0
730,60136,domestic garbage,633,681,515,567,1
731,60136,domestic garbage,825,914,535,569,2
732,60137,domestic garbage,457,511,360,419,0
733,60138,agriculture forestry,425,585,304,408,0
734,60139,domestic garbage,766,877,575,669,0
735,60140,domestic garbage,424,570,507,657,0
736,60140,domestic garbage,389,523,154,420,1
737,60141,domestic garbage,217,326,19,72,0
738,60142,agriculture forestry,18,274,45,190,0
739,60143,domestic garbage,628,680,754,809,0
740,60144,domestic garbage,239,414,590,644,0
741,60145,domestic garbage,840,916,221,300,0
742,60146,domestic garbage,719,787,486,531,0
743,60147,domestic garbage,686,743,917,961,0
744,60148,domestic garbage,855,946,67,157,0
745,60148,construction waste,338,434,535,658,1
746,60149,domestic garbage,25,208,14,128,0
747,60149,domestic garbage,517,606,32,58,1
748,60150,construction waste,908,1018,396,527,0
749,60150,domestic garbage,499,584,566,635,1
750,60151,domestic garbage,634,697,606,731,0
751,60152,domestic garbage,921,993,258,327,0
752,60153,domestic garbage,264,371,271,328,0
753,60154,domestic garbage,683,774,226,277,0
754,60155,agriculture forestry,893,971,53,175,0
755,60156,agriculture forestry,48,185,674,905,0
756,60157,domestic garbage,680,761,438,522,0
757,60158,construction waste,414,665,566,912,0
758,60159,construction waste,614,723,672,774,0
759,60160,construction waste,714,910,150,281,0
760,60160,agriculture forestry,314,492,493,635,1
761,60161,agriculture forestry,378,490,194,284,0
762,60162,domestic garbage,562,650,64,162,0
763,60163,construction waste,384,617,460,716,0
764,60164,domestic garbage,219,270,428,486,0
765,60165,domestic garbage,229,317,540,605,0
766,60166,domestic garbage,175,262,625,776,0
767,60167,domestic garbage,856,907,777,833,0
768,60168,construction waste,99,286,72,258,0
769,60169,construction waste,308,836,375,758,0
770,60170,construction waste,185,339,17,253,0
771,60171,construction waste,266,404,65,189,0
772,60171,construction waste,809,999,717,878,1
773,60172,agriculture forestry,167,297,121,211,0
774,60173,domestic garbage,769,829,25,86,0
775,60174,construction waste,175,322,196,337,0
776,60175,domestic garbage,814,912,450,519,0
777,60176,domestic garbage,270,353,57,120,0
778,60176,domestic garbage,694,749,629,700,1
779,60177,domestic garbage,247,316,750,834,0
780,60178,agriculture forestry,792,911,742,862,0
781,60179,domestic garbage,237,302,808,876,0
782,60180,domestic garbage,550,668,584,739,0
783,60180,domestic garbage,785,910,481,505,1
784,60181,domestic garbage,539,607,65,128,0
785,60182,construction waste,667,740,940,1019,0
786,60182,construction waste,502,595,886,1024,1
787,60183,domestic garbage,624,690,44,94,0
788,60184,domestic garbage,79,258,488,531,0
789,60185,domestic garbage,347,497,17,124,0
790,60186,domestic garbage,317,434,350,493,0
791,60187,agriculture forestry,302,364,168,229,0
792,60188,domestic garbage,379,439,492,552,0
793,60189,domestic garbage,434,480,207,235,0
794,60190,domestic garbage,507,709,409,480,0
795,60191,domestic garbage,373,430,435,495,0
796,60192,agriculture forestry,790,876,372,457,0
797,60193,agriculture forestry,564,659,812,961,0
798,60194,domestic garbage,747,842,818,878,0
799,60195,domestic garbage,792,834,355,391,0
800,60196,domestic garbage,488,544,85,152,0
801,60197,construction waste,717,1011,321,636,0
802,60197,domestic garbage,48,102,148,193,1
803,60198,domestic garbage,730,838,436,504,0
804,60198,agriculture forestry,877,973,564,629,1
805,60199,domestic garbage,882,949,46,135,0
806,60200,domestic garbage,175,283,813,886,0
807,60201,construction waste,178,246,652,787,0
808,60202,domestic garbage,430,485,58,93,0
809,60203,domestic garbage,837,959,703,821,0
810,60204,domestic garbage,679,899,711,935,0
811,60205,agriculture forestry,198,367,337,482,0
812,60206,domestic garbage,745,846,403,436,0
813,60207,construction waste,880,993,323,514,0
814,60208,domestic garbage,262,327,281,353,0
815,60209,domestic garbage,58,137,117,155,0
816,60210,construction waste,663,770,236,363,0
817,60210,agriculture forestry,362,453,873,999,1
818,60211,domestic garbage,271,320,485,513,0
819,60212,construction waste,889,1020,837,1024,0
820,60213,domestic garbage,704,879,181,369,0
821,60214,domestic garbage,215,276,934,1006,0
822,60215,domestic garbage,278,351,342,392,0
823,60216,domestic garbage,835,879,331,381,0
824,60217,domestic garbage,11,145,222,306,0
825,60218,domestic garbage,357,624,451,731,0
826,60219,domestic garbage,3,155,321,432,0
827,60220,domestic garbage,603,736,723,939,0
828,60221,domestic garbage,41,142,451,529,0
829,60222,domestic garbage,634,710,2,80,0
830,60223,agriculture forestry,598,753,202,385,0
831,60224,domestic garbage,397,490,251,316,0
832,60225,construction waste,474,616,806,984,0
833,60226,domestic garbage,444,507,728,769,0
834,60227,domestic garbage,64,149,836,924,0
835,60228,construction waste,678,771,445,634,0
836,60229,domestic garbage,9,138,970,1018,0
837,60230,domestic garbage,914,948,169,217,0
838,60231,domestic garbage,457,512,525,583,0
839,60232,domestic garbage,702,737,860,929,0
840,60233,domestic garbage,124,250,224,389,0
841,60234,construction waste,273,511,462,673,0
842,60234,construction waste,508,857,144,360,1
843,60235,domestic garbage,737,794,973,1018,0
844,60236,agriculture forestry,561,649,832,937,0
845,60237,domestic garbage,855,909,482,541,0
846,60238,domestic garbage,307,352,748,837,0
847,60239,construction waste,409,510,18,96,0
848,60240,agriculture forestry,557,704,372,489,0
849,60241,domestic garbage,677,789,153,193,0
850,60242,agriculture forestry,718,859,929,1005,0
851,60243,domestic garbage,124,191,834,883,0
852,60244,domestic garbage,459,495,115,232,0
853,60245,domestic garbage,527,580,663,719,0
854,60246,agriculture forestry,599,765,219,324,0
855,60247,domestic garbage,950,1010,465,548,0
856,60247,domestic garbage,867,935,328,379,1
857,60248,agriculture forestry,273,404,145,244,0
858,60249,domestic garbage,804,880,727,782,0
859,60250,domestic garbage,925,995,373,423,0
860,60251,construction waste,382,644,98,525,0
862,60253,construction waste,571,650,773,1022,0
863,60254,agriculture forestry,83,158,141,240,0
864,60255,domestic garbage,438,500,401,454,0
865,60256,domestic garbage,50,233,503,588,0
866,60256,construction waste,266,402,833,957,1
867,60257,domestic garbage,269,322,327,409,0
868,60258,agriculture forestry,94,374,671,871,0
869,60259,domestic garbage,61,120,828,870,0
870,60259,construction waste,770,853,359,420,1
871,60259,domestic garbage,320,365,700,766,2
872,60260,agriculture forestry,563,658,579,666,0
873,60261,domestic garbage,887,966,804,931,0
874,60261,domestic garbage,717,806,14,98,1
875,60261,domestic garbage,868,916,466,508,2
876,60262,domestic garbage,389,525,517,579,0
877,60263,domestic garbage,480,547,192,249,0
878,60264,construction waste,82,210,487,688,0
879,60265,domestic garbage,331,424,498,548,0
880,60266,agriculture forestry,132,451,21,177,0
881,60266,construction waste,571,719,641,785,1
882,60267,domestic garbage,639,680,493,555,0
883,60268,construction waste,711,891,226,358,0
884,60269,domestic garbage,460,495,540,584,0
885,60270,domestic garbage,897,1020,613,687,0
886,60271,domestic garbage,719,766,275,339,0
887,60272,domestic garbage,674,757,969,1022,0
888,60273,domestic garbage,77,123,458,495,0
889,60274,domestic garbage,348,425,744,870,0
890,60275,agriculture forestry,707,905,907,1023,0
891,60275,agriculture forestry,739,869,514,594,1
892,60276,domestic garbage,634,711,769,846,0
893,60277,domestic garbage,714,817,233,309,0
894,60278,construction waste,521,594,358,472,0
895,60278,domestic garbage,499,549,5,49,1
896,60279,agriculture forestry,843,1024,417,544,0
897,60280,domestic garbage,428,544,346,529,0
898,60281,construction waste,364,514,927,997,0
899,60282,domestic garbage,465,542,840,929,0
900,60282,construction waste,536,699,218,295,1
901,60283,domestic garbage,758,798,540,576,0
902,60284,domestic garbage,191,275,500,571,0
903,60285,domestic garbage,94,137,309,408,0
904,60286,construction waste,2,236,514,699,0
905,60287,domestic garbage,510,557,335,372,0
906,60287,domestic garbage,675,810,326,391,1
907,60288,domestic garbage,186,275,464,512,0
908,60289,construction waste,320,768,121,598,0
909,60290,domestic garbage,435,519,457,505,0
910,60290,agriculture forestry,200,299,323,481,1
911,60291,domestic garbage,873,922,224,279,0
912,60292,agriculture forestry,688,1000,661,866,0
913,60293,domestic garbage,328,418,780,888,0
914,60294,agriculture forestry,782,870,626,698,0
915,60295,domestic garbage,96,168,219,286,0
916,60296,domestic garbage,227,285,190,252,0
917,60296,domestic garbage,53,149,162,266,1
918,60297,domestic garbage,91,136,772,838,0
919,60298,domestic garbage,230,304,167,230,0
920,60299,domestic garbage,487,543,856,918,0
921,60300,domestic garbage,376,482,161,235,0
922,60301,domestic garbage,702,761,877,978,0
923,60302,domestic garbage,430,513,285,481,0
924,60303,domestic garbage,566,678,736,847,0
925,60304,domestic garbage,211,248,163,228,0
926,60305,domestic garbage,321,371,911,1005,0
927,60306,domestic garbage,822,886,745,781,0
928,60307,construction waste,669,815,743,847,0
929,60308,domestic garbage,593,633,918,1018,0
930,60309,domestic garbage,901,977,228,265,0
931,60310,domestic garbage,302,394,129,207,0
932,60311,domestic garbage,879,943,1,50,0
933,60312,domestic garbage,274,327,611,661,0
934,60313,domestic garbage,180,296,757,813,0
935,60314,construction waste,544,727,225,480,0
936,60315,domestic garbage,278,390,707,825,0
937,60315,domestic garbage,64,134,846,954,1
938,60316,domestic garbage,906,962,606,718,0
939,60317,domestic garbage,791,840,181,254,0
940,60318,domestic garbage,320,392,499,572,0
941,60319,construction waste,101,415,292,607,0
942,60319,construction waste,696,911,801,957,1
943,60320,domestic garbage,244,300,474,518,0
944,60321,construction waste,405,510,746,863,0
945,60321,agriculture forestry,447,531,375,491,1
946,60322,agriculture forestry,583,722,118,340,0
947,60322,agriculture forestry,89,173,93,269,1
948,60323,domestic garbage,374,435,841,900,0
949,60323,domestic garbage,313,352,693,739,1
950,60323,domestic garbage,216,289,437,572,2
951,60324,construction waste,218,306,102,211,0
952,60325,domestic garbage,477,519,441,570,0
953,60326,domestic garbage,184,234,533,629,0
954,60327,domestic garbage,248,311,206,357,0
955,60328,domestic garbage,627,685,809,883,0
956,60329,domestic garbage,908,949,806,850,0
957,60330,domestic garbage,16,96,100,173,0
958,60331,construction waste,238,323,144,314,0
959,60332,agriculture forestry,176,248,294,381,0
960,60333,agriculture forestry,411,594,302,473,0
961,60334,domestic garbage,454,517,208,277,0
962,60335,domestic garbage,193,250,831,883,0
963,60336,construction waste,111,215,323,517,0
964,60337,domestic garbage,333,378,631,690,0
965,60338,agriculture forestry,860,947,253,402,0
966,60339,construction waste,348,435,267,358,0
967,60340,domestic garbage,262,306,748,803,0
968,60341,construction waste,420,533,372,531,0
969,60341,domestic garbage,542,607,834,894,1
970,60342,domestic garbage,641,734,133,243,0
971,60343,agriculture forestry,407,496,658,744,0
972,60343,construction waste,288,556,758,1019,1
973,60344,domestic garbage,162,225,710,763,0
974,60345,domestic garbage,202,261,834,916,0
975,60346,domestic garbage,676,777,378,458,0
976,60347,domestic garbage,779,819,251,310,0
977,60347,domestic garbage,945,999,558,612,1
978,60348,agriculture forestry,332,478,403,522,0
979,60349,agriculture forestry,819,1000,506,592,0
980,60349,construction waste,367,529,471,599,1
981,60350,domestic garbage,851,894,172,246,0
982,60350,agriculture forestry,233,263,472,603,1
983,60351,agriculture forestry,444,626,225,421,0
984,60352,domestic garbage,750,809,835,897,0
985,60352,domestic garbage,883,1017,825,956,1
986,60353,construction waste,549,672,202,359,0
987,60354,agriculture forestry,792,852,778,883,0
988,60355,domestic garbage,244,327,585,649,0
989,60355,domestic garbage,801,846,406,452,1
990,60356,construction waste,501,599,122,275,0
991,60356,construction waste,664,756,165,503,1
992,60357,domestic garbage,634,693,766,818,0
993,60358,construction waste,67,191,792,944,0
994,60359,domestic garbage,846,921,537,599,0
995,60360,agriculture forestry,377,520,792,924,0
996,60361,domestic garbage,927,991,595,653,0
997,60362,domestic garbage,243,322,438,531,0
998,60363,agriculture forestry,448,635,353,481,0
999,60364,domestic garbage,800,849,358,421,0
1000,60365,domestic garbage,147,211,136,186,0
1001,60366,construction waste,622,788,138,328,0
1002,60367,construction waste,225,445,731,996,0
1003,60368,construction waste,786,939,496,624,0
1004,60369,domestic garbage,202,261,331,401,0
1005,60370,agriculture forestry,263,419,542,638,0
1006,60371,construction waste,250,393,329,438,0
1007,60372,domestic garbage,74,152,476,533,0
1008,60373,construction waste,200,306,450,693,0
1009,60374,construction waste,42,446,714,875,0
1010,60375,domestic garbage,421,515,766,823,0
1011,60376,construction waste,797,1018,680,740,0
1012,60377,construction waste,482,599,243,410,0
1013,60378,domestic garbage,658,711,319,401,0
1014,60379,agriculture forestry,812,913,320,399,0
1015,60380,construction waste,873,1023,66,268,0
1016,60381,agriculture forestry,702,796,92,209,0
1017,60381,domestic garbage,833,905,472,544,1
1018,60382,domestic garbage,372,473,445,509,0
1019,60383,domestic garbage,330,403,264,332,0
1020,60384,domestic garbage,481,525,139,244,0
1021,60384,domestic garbage,385,448,195,258,1
1022,60385,domestic garbage,841,911,495,535,0
1023,60386,domestic garbage,281,324,520,560,0
1024,60386,construction waste,627,706,830,935,1
1025,60387,agriculture forestry,312,412,799,921,0
1026,60388,domestic garbage,603,669,643,698,0
1027,60389,construction waste,499,638,343,499,0
1028,60390,agriculture forestry,548,639,356,511,0
1029,60391,domestic garbage,173,235,872,960,0
1030,60392,agriculture forestry,115,223,732,794,0
1031,60393,construction waste,823,905,482,722,0
1032,60394,domestic garbage,927,1015,587,786,0
1033,60395,construction waste,315,545,210,477,0
1034,60396,domestic garbage,65,100,32,91,0
1035,60397,domestic garbage,267,386,716,794,0
1036,60398,domestic garbage,270,330,206,281,0
1037,60399,domestic garbage,84,191,455,541,0
1038,60400,construction waste,816,979,40,322,0
1039,60401,domestic garbage,674,815,513,616,0
1040,60402,domestic garbage,883,949,310,420,0
1041,60403,construction waste,858,973,380,438,0
1042,60403,domestic garbage,625,659,652,689,1
1043,60404,domestic garbage,436,510,195,250,0
1044,60405,domestic garbage,726,808,20,93,0
1045,60406,domestic garbage,458,595,709,771,0
1046,60407,domestic garbage,881,920,843,903,0
1047,60408,domestic garbage,394,493,486,585,0
1048,60409,domestic garbage,509,600,217,254,0
1049,60410,domestic garbage,415,470,388,468,0
1050,60410,domestic garbage,65,145,216,300,1
1051,60411,domestic garbage,931,997,873,942,0
1052,60412,construction waste,188,266,307,371,0
1053,60413,agriculture forestry,317,462,12,220,0
1054,60414,domestic garbage,815,893,658,759,0
1055,60415,agriculture forestry,544,683,537,744,0
1056,60416,construction waste,397,513,288,487,0
1057,60416,domestic garbage,261,337,1,59,1
1058,60417,agriculture forestry,429,531,252,337,0
1059,60418,construction waste,740,867,587,1023,0
1060,60419,construction waste,51,131,641,757,0
1061,60420,construction waste,798,1006,1,711,0
1062,60420,domestic garbage,883,935,782,829,1
1063,60421,domestic garbage,940,1016,594,664,0
1064,60422,domestic garbage,343,413,166,230,0
1065,60423,domestic garbage,270,345,653,700,0
1066,60424,domestic garbage,936,1004,521,553,0
1067,60424,construction waste,489,655,221,311,1
1068,60425,agriculture forestry,399,503,255,402,0
1069,60426,domestic garbage,562,732,520,654,0
1070,60427,domestic garbage,557,672,613,811,0
1071,60427,domestic garbage,420,497,314,382,1
1072,60428,construction waste,143,244,778,900,0
1073,60429,agriculture forestry,13,132,38,193,0
1074,60430,agriculture forestry,185,242,311,412,0
1075,60431,domestic garbage,77,150,539,597,0
1076,60432,construction waste,349,449,753,865,0
1077,60433,construction waste,413,626,423,550,0
1078,60434,domestic garbage,200,278,36,128,0
1079,60435,domestic garbage,439,490,681,774,0
1080,60436,domestic garbage,634,676,249,379,0
1081,60437,agriculture forestry,847,960,70,198,0
1082,60438,domestic garbage,946,1022,356,431,0
1083,60439,construction waste,265,398,638,818,0
1084,60440,construction waste,176,238,817,966,0
1085,60441,domestic garbage,638,686,578,617,0
1086,60442,construction waste,3,151,129,283,0
1087,60442,construction waste,211,454,298,681,1
1088,60443,agriculture forestry,637,712,116,198,0
1089,60444,domestic garbage,315,369,160,247,0
1090,60445,domestic garbage,836,925,705,749,0
1091,60445,domestic garbage,956,991,504,556,1
1092,60446,construction waste,302,411,8,140,0
1093,60447,construction waste,595,744,483,672,0
1094,60448,construction waste,289,480,128,246,0
1095,60448,construction waste,788,887,86,172,1
1096,60449,construction waste,662,780,3,169,0
1097,60450,construction waste,582,712,932,1005,0
1098,60451,construction waste,617,984,154,288,0
1099,60451,agriculture forestry,657,1024,798,1023,1
1100,60452,domestic garbage,652,725,97,136,0
1101,60453,domestic garbage,634,674,216,279,0
1102,60454,domestic garbage,381,473,343,488,0
1103,60455,domestic garbage,447,503,36,127,0
1104,60456,domestic garbage,690,753,153,193,0
1105,60457,domestic garbage,130,194,237,293,0
1106,60458,domestic garbage,327,422,413,523,0
1107,60459,agriculture forestry,341,409,590,751,0
1108,60460,construction waste,845,940,611,722,0
1109,60461,agriculture forestry,72,300,383,479,0
1110,60461,construction waste,548,663,244,412,1
1111,60462,agriculture forestry,911,989,651,760,0
1112,60463,domestic garbage,201,285,878,919,0
1113,60464,construction waste,304,413,931,1001,0
1114,60465,agriculture forestry,23,122,548,661,0
1115,60465,agriculture forestry,176,387,557,648,1
1116,60466,agriculture forestry,954,1024,686,757,0
1117,60467,agriculture forestry,824,926,162,269,0
1118,60468,domestic garbage,563,645,692,764,0
1119,60469,domestic garbage,415,483,478,529,0
1120,60469,domestic garbage,369,417,243,318,1
1121,60470,construction waste,901,968,689,760,0
1122,60471,domestic garbage,294,340,366,414,0
1123,60472,domestic garbage,911,979,134,188,0
1124,60473,domestic garbage,143,214,221,267,0
1125,60474,construction waste,422,473,635,815,0
1126,60475,agriculture forestry,240,386,224,378,0
1127,60476,agriculture forestry,697,826,382,453,0
1128,60476,domestic garbage,473,509,420,461,1
1129,60477,agriculture forestry,527,685,167,288,0
1130,60478,agriculture forestry,795,998,238,342,0
1131,60478,domestic garbage,706,776,76,168,1
1133,CS10059,domestic garbage,441,512,495,573,0
1134,CS10060,domestic garbage,182,256,496,573,0
1135,CS10071,domestic garbage,743,804,305,371,0
1136,CS10071,domestic garbage,682,799,72,169,1
1137,CS10072,domestic garbage,423,545,72,174,0
1138,CS10072,domestic garbage,485,549,307,367,1
1139,CS10073,domestic garbage,164,289,74,171,0
1140,CS10073,domestic garbage,226,290,314,371,1
1141,CS101,domestic garbage,515,546,600,633,0
1142,CS10233,domestic garbage,179,257,235,321,0
1143,CS10245,domestic garbage,483,550,49,114,0
1144,CS10278,construction waste,22,216,901,1017,0
1145,CS10323,domestic garbage,243,291,834,882,0
1146,CS10449,construction waste,530,719,643,760,0
1147,CS10450,construction waste,281,460,643,758,0
1148,CS10451,construction waste,23,201,645,761,0
1149,CS10495,domestic garbage,504,545,581,621,0
1150,CS10496,domestic garbage,243,293,581,621,0
1151,CS10621,construction waste,797,975,393,505,0
1152,CS10622,construction waste,541,715,388,505,0
1153,CS10623,construction waste,286,463,390,504,0
1154,CS10624,construction waste,33,205,393,503,0
1155,CS10667,domestic garbage,756,808,326,366,0
1156,CS10795,construction waste,517,719,141,250,0
1157,CS10825,domestic garbage,729,779,743,787,0
1158,CS10842,domestic garbage,241,295,66,109,0
1159,CS10998,domestic garbage,735,784,489,528,0
1160,CS11161,domestic garbage,568,790,840,1024,0
1161,CS11171,domestic garbage,729,780,236,275,0
1162,CS11172,domestic garbage,475,525,232,276,0
1163,CS11173,domestic garbage,216,267,228,273,0
1164,CS11334,domestic garbage,567,797,554,798,0
1165,CS11487,domestic garbage,595,659,460,520,0
1166,CS11494,domestic garbage,866,913,750,814,0
1167,CS11507,domestic garbage,556,683,706,777,0
1168,CS11507,domestic garbage,573,795,287,547,1
1169,CS11660,domestic garbage,597,656,202,259,0
1170,CS11667,domestic garbage,863,915,484,559,0
1171,CS11671,domestic garbage,54,100,751,825,0
1172,CS11680,domestic garbage,571,804,32,290,0
1173,CS11680,domestic garbage,556,681,447,510,1
1174,CS11738,agriculture forestry,727,974,3,210,0
1175,CS11793,domestic garbage,709,789,820,870,0
1176,CS11840,domestic garbage,864,913,228,302,0
1177,CS11844,domestic garbage,54,101,509,574,0
1178,CS11852,domestic garbage,823,934,197,250,0
1179,CS11912,domestic garbage,22,112,891,988,0
1180,CS11966,domestic garbage,708,790,565,612,0
1181,CS12004,domestic garbage,735,810,821,923,0
1182,CS12014,domestic garbage,823,868,253,318,0
1183,CS12017,domestic garbage,53,98,255,315,0
1184,CS12017,domestic garbage,170,295,691,777,1
1185,CS12085,domestic garbage,23,110,636,730,0
1186,CS12140,domestic garbage,446,533,307,361,0
1187,CS12179,domestic garbage,232,294,566,666,0
1188,CS12182,domestic garbage,295,401,880,949,0
1189,CS12188,domestic garbage,688,826,435,500,0
1190,CS12258,domestic garbage,28,111,380,479,0
1191,CS12275,domestic garbage,445,494,518,588,0
1192,CS12313,domestic garbage,452,539,50,110,0
1193,CS12352,domestic garbage,246,291,310,397,0
1194,CS12355,domestic garbage,300,403,625,688,0
1195,CS12362,domestic garbage,428,561,172,252,0
1196,CS12429,domestic garbage,535,630,119,221,0
1197,CS12448,domestic garbage,434,482,260,332,0
1198,CS12524,domestic garbage,504,547,59,141,0
1199,CS12527,domestic garbage,558,646,365,426,0
1200,CS12527,domestic garbage,492,621,702,763,1
1201,CS12621,domestic garbage,435,483,3,71,0
1202,CS12700,domestic garbage,549,647,108,177,0
1203,CS12700,domestic garbage,492,620,447,500,1
1204,CS12873,domestic garbage,495,624,191,244,0
1205,CS14265,construction waste,845,979,817,929,0
1206,CS14439,construction waste,592,719,560,658,0
1207,CS1448,agriculture forestry,214,314,817,955,0
1208,CS14612,construction waste,592,711,306,405,0
1209,CS15020,domestic garbage,877,958,696,748,0
1210,CS15195,domestic garbage,353,452,434,490,0
1211,CS15290,construction waste,675,856,738,928,0
1212,CS15367,domestic garbage,608,698,180,248,0
1213,CS15463,construction waste,675,856,482,676,0
1214,CS15482,domestic garbage,704,770,870,925,0
1215,CS15637,construction waste,418,603,225,417,0
1216,CS15656,domestic garbage,441,512,620,662,0
1217,CS15810,construction waste,415,597,1,162,0
1218,CS1621,agriculture forestry,215,316,558,698,0
1219,CS16329,construction waste,876,1024,917,992,0
1220,CS16503,construction waste,612,701,655,748,0
1221,CS16676,construction waste,613,702,401,489,0
1222,CS16766,domestic garbage,478,521,701,743,0
1223,CS1699,construction waste,692,879,444,799,0
1224,CS1700,construction waste,433,628,436,801,0
1225,CS1701,construction waste,180,373,466,797,0
1226,CS17083,domestic garbage,586,760,714,840,0
1227,CS17255,domestic garbage,838,1015,442,591,0
1228,CS17430,domestic garbage,326,504,186,335,0
1229,CS1792,agriculture forestry,726,833,296,439,0
1230,CS1793,agriculture forestry,472,564,303,446,0
1231,CS1794,agriculture forestry,215,312,300,439,0
1232,CS18141,domestic garbage,733,799,840,890,0
1233,CS1872,construction waste,695,874,216,545,0
1234,CS1873,construction waste,437,623,217,546,0
1235,CS1874,construction waste,183,368,217,539,0
1236,CS1965,agriculture forestry,732,829,51,187,0
1237,CS1966,agriculture forestry,475,569,48,181,0
1238,CS1967,agriculture forestry,216,308,47,182,0
1239,CS1981,domestic garbage,930,1024,799,899,0
1240,CS20065,domestic garbage,856,911,780,819,0
1241,CS20240,domestic garbage,340,402,530,567,0
1242,CS20412,domestic garbage,594,656,272,306,0
1243,CS2045,construction waste,698,878,58,280,0
1244,CS2046,construction waste,441,613,59,279,0
1245,CS2047,construction waste,185,349,56,277,0
1246,CS20734,domestic garbage,715,824,901,951,0
1247,CS20749,agriculture forestry,708,794,666,768,0
1248,CS20844,domestic garbage,666,776,717,769,0
1249,CS20907,domestic garbage,712,822,642,695,0
1250,CS20922,agriculture forestry,712,798,406,508,0
1251,CS21018,domestic garbage,414,517,458,506,0
1252,CS21097,agriculture forestry,201,288,147,256,0
1253,CS21191,domestic garbage,410,523,210,248,0
1254,CS2154,domestic garbage,937,1024,546,640,0
1255,CS21541,domestic garbage,816,905,965,1019,0
1256,CS21714,domestic garbage,821,908,705,772,0
1257,CS21771,domestic garbage,539,644,721,800,0
1258,CS21889,domestic garbage,308,394,451,519,0
1259,CS21944,domestic garbage,541,645,462,544,0
1260,CS22062,domestic garbage,304,395,191,267,0
1261,CS22118,domestic garbage,282,389,204,287,0
1262,CS22406,domestic garbage,557,620,925,988,0
1263,CS229,domestic garbage,735,771,952,984,0
1264,CS22924,domestic garbage,804,872,152,218,0
1265,CS23072,domestic garbage,587,662,550,613,0
1266,CS23159,domestic garbage,639,822,865,963,0
1267,CS2327,domestic garbage,933,1024,287,377,0
1268,CS23331,domestic garbage,915,986,632,695,0
1269,CS23418,domestic garbage,762,880,914,1024,0
1270,CS23421,domestic garbage,1,156,906,1024,0
1271,CS23505,domestic garbage,626,819,358,459,0
1272,CS23591,domestic garbage,766,886,662,769,0
1273,CS23677,domestic garbage,912,988,120,180,0
1274,CS23764,domestic garbage,756,903,399,532,0
1275,CS23766,domestic garbage,244,414,408,559,0
1276,CS241,agriculture forestry,480,597,883,939,0
1277,CS24301,domestic garbage,512,603,810,872,0
1278,CS24467,domestic garbage,568,656,905,1008,0
1279,CS24640,domestic garbage,568,663,651,743,0
1280,CS24813,domestic garbage,571,659,396,482,0
1281,CS2500,domestic garbage,933,1024,27,126,0
1282,CS2501,domestic garbage,676,783,32,128,0
1283,CS2502,domestic garbage,419,521,33,132,0
1284,CS2503,domestic garbage,163,273,28,133,0
1285,CS275,domestic garbage,253,286,343,376,0
1286,CS402,domestic garbage,733,772,697,736,0
1287,CS414,agriculture forestry,478,604,625,688,0
1288,CS4221,domestic garbage,931,1024,901,978,0
1289,CS4222,domestic garbage,676,808,903,977,0
1290,CS4223,domestic garbage,420,555,903,976,0
1291,CS4394,domestic garbage,931,1024,651,729,0
1292,CS4395,domestic garbage,674,807,647,717,0
1293,CS4396,domestic garbage,420,559,652,722,0
1294,CS448,domestic garbage,255,289,88,122,0
1295,CS4567,domestic garbage,930,1024,389,474,0
1296,CS4568,domestic garbage,675,804,391,470,0
1297,CS4569,domestic garbage,416,567,395,464,0
1298,CS4740,domestic garbage,929,1024,138,220,0
1299,CS4741,domestic garbage,675,826,132,212,0
1300,CS4742,domestic garbage,416,566,137,207,0
1301,CS4743,domestic garbage,159,316,133,206,0
1302,CS4744,domestic garbage,395,438,914,1011,0
1303,CS4745,domestic garbage,136,182,916,1010,0
1304,CS4915,domestic garbage,904,949,654,747,0
1305,CS4916,domestic garbage,652,692,665,755,0
1306,CS4917,domestic garbage,394,438,654,754,0
1307,CS4918,domestic garbage,138,181,666,751,0
1308,CS4926,domestic garbage,801,842,977,1024,0
1309,CS4927,domestic garbage,547,602,977,1024,0
1310,CS4928,domestic garbage,295,341,975,1022,0
1311,CS4929,domestic garbage,38,86,977,1022,0
1312,CS5088,domestic garbage,909,949,408,490,0
1313,CS5089,domestic garbage,649,691,412,495,0
1314,CS5090,domestic garbage,393,437,412,495,0
1315,CS5091,domestic garbage,135,182,411,493,0
1316,CS5099,domestic garbage,805,845,717,766,0
1317,CS5100,domestic garbage,549,593,720,766,0
1318,CS5101,domestic garbage,290,337,720,769,0
1319,CS5102,domestic garbage,38,82,720,765,0
1320,CS5261,domestic garbage,902,951,150,228,0
1321,CS5262,domestic garbage,648,693,151,238,0
1322,CS5263,domestic garbage,394,436,152,237,0
1323,CS5264,domestic garbage,136,183,152,240,0
1324,CS5272,domestic garbage,802,842,464,509,0
1325,CS5273,domestic garbage,548,591,462,508,0
1326,CS5274,domestic garbage,293,329,461,506,0
1327,CS5275,domestic garbage,36,78,464,510,0
1328,CS5445,domestic garbage,803,845,207,254,0
1329,CS5446,domestic garbage,544,591,205,253,0
1330,CS5447,domestic garbage,293,333,205,252,0
1331,CS5448,domestic garbage,35,80,206,256,0
1332,CS5601,domestic garbage,873,999,820,874,0
1333,CS5602,domestic garbage,615,756,814,870,0
1334,CS5603,domestic garbage,352,493,816,874,0
1335,CS5604,domestic garbage,104,235,814,871,0
1336,CS576,domestic garbage,478,515,441,477,0
1337,CS576,construction waste,507,683,813,878,1
1338,CS576,construction waste,527,770,899,1021,2
1339,CS5774,domestic garbage,867,1005,550,616,0
1340,CS5775,domestic garbage,612,741,549,617,0
1341,CS5776,domestic garbage,358,489,551,615,0
1342,CS5777,domestic garbage,93,229,557,619,0
1343,CS587,agriculture forestry,480,602,366,434,0
1344,CS5947,domestic garbage,867,1005,292,362,0
1345,CS5948,domestic garbage,604,753,295,360,0
1346,CS5949,domestic garbage,359,512,293,362,0
1347,CS5950,domestic garbage,96,250,293,363,0
1348,CS6118,domestic garbage,829,874,935,991,0
1349,CS6119,domestic garbage,571,617,938,988,0
1350,CS6120,domestic garbage,316,360,932,991,0
1351,CS6121,domestic garbage,59,105,936,988,0
1352,CS6121,domestic garbage,614,777,35,107,1
1353,CS6122,domestic garbage,355,507,38,106,0
1354,CS6123,domestic garbage,91,252,43,107,0
1355,CS6130,domestic garbage,526,571,670,727,0
1356,CS6131,domestic garbage,269,319,673,732,0
1357,CS6132,domestic garbage,14,61,671,729,0
1358,CS6291,domestic garbage,826,876,674,736,0
1359,CS6292,domestic garbage,571,618,677,736,0
1360,CS6293,domestic garbage,309,362,674,734,0
1361,CS6294,domestic garbage,50,107,672,733,0
1362,CS6302,domestic garbage,782,825,415,478,0
1363,CS6303,domestic garbage,530,569,414,476,0
1364,CS6304,domestic garbage,269,315,417,473,0
1365,CS6305,domestic garbage,17,60,413,474,0
1366,CS6464,domestic garbage,826,872,419,475,0
1367,CS6465,domestic garbage,572,619,423,480,0
1368,CS6466,domestic garbage,312,363,419,481,0
1369,CS6467,domestic garbage,60,105,422,479,0
1370,CS6475,domestic garbage,783,828,161,221,0
1371,CS6476,domestic garbage,530,571,159,219,0
1372,CS6477,domestic garbage,275,318,160,219,0
1373,CS6478,domestic garbage,16,60,161,221,0
1374,CS6637,domestic garbage,829,871,164,223,0
1375,CS6638,domestic garbage,573,622,164,221,0
1376,CS6639,domestic garbage,317,361,162,221,0
1377,CS6640,domestic garbage,63,108,164,225,0
1378,CS6654,domestic garbage,930,1000,773,866,0
1379,CS6657,construction waste,163,230,775,871,0
1380,CS6827,domestic garbage,933,997,520,610,0
1381,CS6828,domestic garbage,677,741,520,613,0
1382,CS6829,domestic garbage,422,485,517,611,0
1383,CS6830,domestic garbage,164,229,519,614,0
1384,CS6902,domestic garbage,908,961,850,915,0
1385,CS6993,domestic garbage,935,1019,947,1017,0
1386,CS6994,domestic garbage,667,791,928,1020,0
1387,CS6995,domestic garbage,420,536,935,1018,0
1388,CS6996,domestic garbage,161,283,945,1024,0
1389,CS7000,domestic garbage,933,997,259,357,0
1390,CS7001,domestic garbage,679,741,264,356,0
1391,CS7002,domestic garbage,422,487,262,355,0
1392,CS7003,domestic garbage,164,230,264,355,0
1393,CS7078,domestic garbage,147,189,595,652,0
1394,CS7166,domestic garbage,931,1015,687,762,0
1395,CS7167,domestic garbage,674,797,688,759,0
1396,CS7168,domestic garbage,417,541,686,764,0
1397,CS7169,domestic garbage,160,279,688,759,0
1398,CS7173,domestic garbage,154,205,885,932,0
1399,CS7174,domestic garbage,675,742,5,99,0
1400,CS7175,domestic garbage,420,489,3,98,0
1401,CS7176,domestic garbage,168,230,6,95,0
1402,CS7339,domestic garbage,938,1023,435,537,0
1403,CS7340,domestic garbage,679,796,430,505,0
1404,CS7341,domestic garbage,420,538,432,506,0
1405,CS7342,domestic garbage,170,289,436,503,0
1406,CS7344,domestic garbage,661,716,623,677,0
1407,CS7345,domestic garbage,412,463,630,674,0
1408,CS7346,domestic garbage,150,208,629,676,0
1409,CS7421,domestic garbage,914,966,84,136,0
1410,CS7422,domestic garbage,655,708,81,134,0
1411,CS7423,domestic garbage,396,448,81,132,0
1412,CS7424,domestic garbage,141,193,81,130,0
1413,CS7497,construction waste,904,1024,853,973,0
1414,CS7498,construction waste,655,871,848,996,0
1415,CS7499,construction waste,398,640,847,1000,0
1416,CS750,construction waste,239,422,565,620,0
1417,CS750,construction waste,277,484,655,747,1
1418,CS750,domestic garbage,221,263,182,221,2
1419,CS7500,construction waste,137,360,856,999,0
1420,CS7501,construction waste,614,760,785,1012,0
1421,CS7502,construction waste,348,499,789,1005,0
1422,CS7503,construction waste,93,244,800,1010,0
1423,CS7512,domestic garbage,938,1015,184,251,0
1424,CS7513,domestic garbage,677,799,179,251,0
1425,CS7514,domestic garbage,423,545,179,250,0
1426,CS7515,domestic garbage,163,286,177,254,0
1427,CS7516,domestic garbage,923,979,377,418,0
1428,CS7517,domestic garbage,666,719,372,419,0
1429,CS7518,domestic garbage,408,463,373,420,0
1430,CS7519,domestic garbage,152,203,373,421,0
1431,CS7557,domestic garbage,862,917,910,972,0
1432,CS760,agriculture forestry,476,601,109,178,0
1433,CS7670,construction waste,909,1024,592,721,0
1434,CS7671,construction waste,656,863,598,739,0
1435,CS7672,construction waste,390,644,598,729,0
1436,CS7673,construction waste,134,380,599,741,0
1437,CS7674,construction waste,611,763,524,756,0
1438,CS7675,construction waste,355,504,536,755,0
1439,CS7676,construction waste,99,245,540,753,0
1440,CS7686,domestic garbage,726,768,6,47,0
1441,CS7687,domestic garbage,463,518,3,45,0
1442,CS7688,domestic garbage,215,260,1,45,0
1443,CS7689,domestic garbage,919,974,116,164,0
1444,CS7690,domestic garbage,660,724,114,167,0
1445,CS7691,domestic garbage,407,463,117,167,0
1446,CS7692,domestic garbage,151,208,110,166,0
1447,CS7730,domestic garbage,862,919,646,720,0
1448,CS7843,domestic garbage,908,1024,331,467,0
1449,CS7844,construction waste,648,885,321,482,0
1450,CS7845,construction waste,397,638,336,484,0
1451,CS7846,construction waste,143,373,343,485,0
1452,CS7846,construction waste,398,559,505,622,1
1453,CS7846,construction waste,867,1020,273,499,2
1454,CS7847,construction waste,1,138,407,495,0
1455,CS7847,construction waste,138,312,517,642,1
1456,CS7847,construction waste,605,757,271,499,2
1457,CS7848,construction waste,336,502,258,499,0
1458,CS7849,construction waste,94,241,278,495,0
1459,CS8016,construction waste,905,1024,84,219,0
1460,CS8017,construction waste,651,887,84,229,0
1461,CS8018,construction waste,394,641,80,223,0
1462,CS8018,construction waste,645,816,255,371,1
1463,CS8019,construction waste,134,378,88,217,0
1464,CS8019,construction waste,399,558,252,373,1
1465,CS8019,construction waste,867,1014,18,244,2
1466,CS8020,construction waste,141,302,250,382,0
1467,CS8020,construction waste,604,756,26,239,1
1468,CS8021,construction waste,345,501,25,236,0
1469,CS8022,construction waste,90,247,31,238,0
1470,CS8191,domestic garbage,369,438,959,1007,0
1471,CS8192,domestic garbage,112,180,960,1009,0
1472,CS8193,construction waste,171,293,26,123,0
1473,CS8197,domestic garbage,685,765,592,637,0
1474,CS8197,domestic garbage,816,924,694,747,1
1475,CS8197,domestic garbage,873,945,862,927,2
1476,CS8198,domestic garbage,435,508,597,641,0
1477,CS8198,domestic garbage,571,675,695,752,1
1478,CS8198,domestic garbage,598,701,854,931,2
1479,CS8199,domestic garbage,176,252,599,639,0
1480,CS8199,domestic garbage,320,417,701,749,1
1481,CS8199,domestic garbage,350,454,844,933,2
1482,CS8200,domestic garbage,56,157,696,751,0
1483,CS8200,domestic garbage,86,188,860,934,1
1484,CS8353,domestic garbage,841,952,809,866,0
1485,CS8354,domestic garbage,580,685,806,877,0
1486,CS8355,domestic garbage,334,430,810,877,0
1487,CS8526,domestic garbage,836,945,551,610,0
1488,CS8527,domestic garbage,579,689,552,617,0
1489,CS8528,domestic garbage,329,436,550,618,0
1490,CS8637,domestic garbage,739,875,813,884,0
1491,CS8637,domestic garbage,705,837,934,1018,1
1492,CS8638,domestic garbage,482,610,815,895,0
1493,CS8638,domestic garbage,466,581,942,1021,1
1494,CS8639,domestic garbage,230,350,819,893,0
1495,CS8639,domestic garbage,208,332,936,1024,1
1496,CS8640,domestic garbage,1,96,814,891,0
1497,CS8689,domestic garbage,514,613,866,1024,0
1498,CS8690,domestic garbage,260,367,860,1024,0
1499,CS8691,domestic garbage,2,103,868,1018,0
1500,CS8699,construction waste,706,945,297,393,0
1501,CS8700,construction waste,445,675,309,393,0
1502,CS8701,construction waste,192,409,300,387,0
1503,CS8776,agriculture forestry,663,761,872,940,0
1504,CS8777,agriculture forestry,413,513,853,958,0
1505,CS8778,agriculture forestry,148,260,852,958,0
1506,CS8810,domestic garbage,703,910,526,851,0
1507,CS8811,domestic garbage,449,670,532,855,0
1508,CS8812,domestic garbage,197,403,522,855,0
1509,CS8813,domestic garbage,1,138,540,849,0
1510,CS8862,domestic garbage,518,621,605,818,0
1511,CS8863,domestic garbage,248,352,609,814,0
1512,CS8864,domestic garbage,3,82,606,812,0
1513,CS8872,construction waste,704,918,37,135,0
1514,CS8873,construction waste,449,668,46,123,0
1515,CS8874,construction waste,195,411,47,121,0
1516,CS8875,construction waste,1,182,20,114,0
1517,CS8882,construction waste,164,306,714,918,0
1518,CS8948,agriculture forestry,922,1017,602,695,0
1519,CS8949,agriculture forestry,659,778,598,695,0
1520,CS8950,agriculture forestry,404,523,592,695,0
1521,CS8951,agriculture forestry,150,260,596,700,0
1522,CS8983,domestic garbage,715,889,267,588,0
1523,CS8984,domestic garbage,442,622,268,598,0
1524,CS8985,domestic garbage,200,372,275,584,0
1525,CS8986,domestic garbage,1,120,268,569,0
1526,CS9034,domestic garbage,763,886,351,560,0
1527,CS9035,domestic garbage,512,629,355,557,0
1528,CS9036,domestic garbage,249,367,358,559,0
1529,CS9037,domestic garbage,1,132,359,555,0
1530,CS9053,construction waste,683,819,457,655,0
1531,CS9054,construction waste,422,557,446,646,0
1532,CS9055,construction waste,164,300,447,641,0
1533,CS9121,agriculture forestry,919,1024,349,442,0
1534,CS9122,agriculture forestry,658,767,350,447,0
1535,CS9123,agriculture forestry,405,517,342,447,0
1536,CS9124,agriculture forestry,145,255,343,443,0
1537,CS9157,domestic garbage,452,619,25,334,0
1538,CS9158,domestic garbage,197,371,23,331,0
1539,CS9159,domestic garbage,1,110,17,321,0
1540,CS9208,domestic garbage,507,613,97,301,0
1541,CS9209,domestic garbage,254,373,104,301,0
1542,CS9210,domestic garbage,1,111,98,309,0
1543,CS9226,construction waste,677,819,197,384,0
1544,CS9227,construction waste,418,564,191,394,0
1545,CS9228,construction waste,164,299,188,396,0
1546,CS9245,domestic garbage,732,811,1,33,0
1547,CS9246,domestic garbage,475,558,1,28,0
1548,CS9247,domestic garbage,219,297,1,29,0
1549,CS9271,domestic garbage,852,920,791,846,0
1550,CS9272,domestic garbage,588,666,794,839,0
1551,CS9273,domestic garbage,326,408,795,843,0
1552,CS9274,domestic garbage,75,153,789,847,0
1553,CS9294,agriculture forestry,918,1024,88,184,0
1554,CS9295,agriculture forestry,663,773,89,184,0
1555,CS9296,agriculture forestry,406,515,80,184,0
1556,CS9297,agriculture forestry,149,260,86,191,0
1557,CS9330,domestic garbage,457,615,1,79,0
1558,CS9331,domestic garbage,193,357,1,83,0
1559,CS9399,construction waste,689,814,1,132,0
1560,CS9400,construction waste,425,564,1,125,0
1561,CS9401,construction waste,169,311,1,123,0
1562,CS9405,domestic garbage,849,922,839,910,0
1563,CS9406,domestic garbage,587,673,837,915,0
1564,CS9407,domestic garbage,330,418,836,909,0
1565,CS9435,construction waste,832,963,753,888,0
1566,CS9436,construction waste,575,708,752,886,0
1567,CS9437,construction waste,320,450,754,884,0
1568,CS9438,construction waste,62,210,751,890,0
1569,CS9439,construction waste,807,878,944,1021,0
1570,CS9439,construction waste,901,1024,862,1015,1
1571,CS9440,construction waste,553,793,869,1018,0
1572,CS9441,construction waste,299,550,861,1020,0
1573,CS9442,construction waste,41,293,862,1014,0
1574,CS9444,domestic garbage,848,923,532,592,0
1575,CS9445,domestic garbage,587,667,528,581,0
1576,CS9446,domestic garbage,328,413,533,587,0
1577,CS9447,domestic garbage,80,158,543,589,0
1578,CS9457,domestic garbage,793,850,910,979,0
1579,CS9458,domestic garbage,537,589,910,980,0
1580,CS9459,domestic garbage,284,341,912,977,0
1581,CS9460,domestic garbage,25,80,911,981,0
1582,CS9578,domestic garbage,849,925,584,658,0
1583,CS9579,domestic garbage,586,674,582,654,0
1584,CS9580,domestic garbage,332,419,579,658,0
1585,CS9581,domestic garbage,73,164,580,659,0
1586,CS9608,construction waste,830,963,495,629,0
1587,CS9609,construction waste,572,708,494,634,0
1588,CS9610,construction waste,317,454,496,628,0
1589,CS9611,construction waste,63,205,499,631,0
1590,CS9612,construction waste,809,1024,606,762,0
1591,CS9613,construction waste,554,808,604,763,0
1592,CS9614,construction waste,297,544,606,763,0
1593,CS9617,domestic garbage,848,926,284,337,0
1594,CS9618,domestic garbage,592,667,280,334,0
1595,CS9619,domestic garbage,326,415,280,343,0
1596,CS9620,domestic garbage,70,160,283,341,0
1597,CS9630,domestic garbage,782,855,647,733,0
1598,CS9631,domestic garbage,522,604,659,731,0
1599,CS9725,domestic garbage,741,802,810,894,0
1600,CS9725,domestic garbage,676,801,588,683,1
1601,CS9726,domestic garbage,481,544,814,884,0
1602,CS9726,domestic garbage,420,545,588,688,1
1603,CS9727,domestic garbage,226,292,810,903,0
1604,CS9727,domestic garbage,169,292,588,683,1
1605,CS9752,domestic garbage,589,668,322,404,0
1606,CS9753,domestic garbage,326,423,320,406,0
1607,CS9754,domestic garbage,75,161,328,398,0
1608,CS9781,construction waste,834,967,240,376,0
1609,CS9782,construction waste,582,711,238,379,0
1610,CS9783,construction waste,325,460,239,375,0
1611,CS9784,construction waste,67,194,239,373,0
1612,CS9785,domestic garbage,531,594,690,792,0
1613,CS9785,construction waste,815,1024,358,510,1
1614,CS9786,domestic garbage,271,338,688,788,0
1615,CS9786,construction waste,558,806,347,521,1
1616,CS9787,construction waste,294,545,351,508,0
1617,CS9787,domestic garbage,1,82,680,786,1
1618,CS9788,construction waste,42,297,350,507,0
1619,CS9803,domestic garbage,785,853,404,471,0
1620,CS9804,domestic garbage,524,594,399,481,0
1621,CS9805,domestic garbage,278,336,402,475,0
1622,CS9806,domestic garbage,13,76,401,469,0
1623,CS9884,domestic garbage,946,1019,748,827,0
1624,CS9885,domestic garbage,693,759,748,827,0
1625,CS9886,domestic garbage,438,506,748,836,0
1626,CS9887,domestic garbage,186,246,745,836,0
1627,CS9898,domestic garbage,737,804,566,628,0
1628,CS9898,domestic garbage,677,804,332,431,1
1629,CS9899,domestic garbage,481,545,575,627,0
1630,CS9899,domestic garbage,420,547,330,432,1
1631,CS9900,domestic garbage,167,284,332,432,0
1632,CS9900,domestic garbage,229,289,560,625,1
1633,CS9926,domestic garbage,334,418,69,149,0
1634,CS9927,domestic garbage,74,165,65,152,0
1635,CS9954,construction waste,840,960,12,124,0
1636,CS9955,construction waste,579,703,15,119,0
1637,CS9956,construction waste,316,448,1,118,0
1638,CS9957,construction waste,69,195,2,120,0
1639,CS9957,domestic garbage,782,849,428,531,1
1640,CS9958,domestic garbage,527,597,432,535,0
1641,CS9958,construction waste,813,1024,99,254,1
1642,CS9959,domestic garbage,282,338,429,536,0
1643,CS9959,construction waste,550,801,93,253,1
1644,CS9960,domestic garbage,19,76,433,532,0
1645,CS9960,construction waste,297,550,92,252,1
1646,CS9961,construction waste,39,294,94,255,0
1647,CS9977,domestic garbage,541,595,147,206,0
1648,CS9978,domestic garbage,282,341,145,213,0
1649,DB108,domestic garbage,822,893,397,464,0
1650,DB141,domestic garbage,827,879,723,780,0
1651,DB199,domestic garbage,568,641,143,206,0
1652,DB231,domestic garbage,827,865,466,525,0
1653,DB2439,domestic garbage,684,741,789,875,0
1654,DB2439,agriculture forestry,255,363,99,158,1
1655,DB2481,domestic garbage,533,595,745,781,0
1656,DB2529,agriculture forestry,677,737,509,597,0
1657,DB2570,domestic garbage,791,854,498,527,0
1658,DB2619,agriculture forestry,676,733,266,345,0
1659,DB2661,agriculture forestry,535,600,239,274,0
1660,DB2784,agriculture forestry,805,886,862,937,0
1661,DB2964,agriculture forestry,805,890,353,428,0
1662,DB3042,domestic garbage,482,541,873,924,0
1663,DB3054,agriculture forestry,804,899,84,172,0
1664,DB3131,domestic garbage,735,794,615,671,0
1665,DB321,domestic garbage,825,875,210,272,0
1666,DB3221,domestic garbage,741,796,356,413,0
1667,DB3311,domestic garbage,738,796,101,158,0
1668,DB3438,construction waste,258,372,917,983,0
1669,DB3528,construction waste,257,380,660,724,0
1670,DB3618,construction waste,260,379,404,469,0
1671,DB3708,construction waste,263,384,150,214,0
1672,DB3779,construction waste,698,769,864,913,0
1673,DB3786,domestic garbage,741,800,720,777,0
1674,DB3801,domestic garbage,864,897,885,917,0
1675,DB3855,domestic garbage,960,1001,846,884,0
1676,DB3855,domestic garbage,980,1013,981,1021,1
1677,DB3857,domestic garbage,423,507,78,127,0
1678,DB3857,construction waste,436,549,762,1017,1
1679,DB3876,domestic garbage,742,799,464,521,0
1680,DB3891,domestic garbage,861,897,633,669,0
1681,DB3946,construction waste,697,810,510,789,0
1682,DB3966,domestic garbage,741,807,210,268,0
1683,DB3981,domestic garbage,862,899,370,410,0
1684,DB4036,construction waste,701,806,257,530,0
1685,DB4049,domestic garbage,697,777,94,151,0
1686,DB4058,domestic garbage,934,997,753,807,0
1687,DB4126,construction waste,707,804,46,284,0
1688,DB4126,domestic garbage,670,707,636,669,1
1689,DB4126,domestic garbage,672,738,770,812,2
1690,DB4149,domestic garbage,675,738,503,550,0
1691,DB4216,domestic garbage,671,709,380,413,0
1692,DB4216,domestic garbage,678,733,517,554,1
1693,DB4239,domestic garbage,686,743,251,291,0
1694,DB4306,domestic garbage,671,707,125,158,0
1695,DB4306,domestic garbage,676,730,263,301,1
1696,DB4331,construction waste,427,597,679,907,0
1697,DB4346,construction waste,678,801,797,944,0
1698,DB4420,construction waste,722,850,454,634,0
1699,DB4438,construction waste,147,297,552,695,0
1700,DB4438,construction waste,656,768,490,560,1
1701,DB4511,construction waste,456,570,199,326,0
1702,DB4528,construction waste,157,282,299,430,0
1703,DB4528,domestic garbage,468,565,494,541,1
1704,DB4528,construction waste,662,780,229,309,2
1705,DB4658,domestic garbage,11,104,762,810,0
1706,DB4995,construction waste,167,254,101,171,0
1707,DB4995,domestic garbage,346,393,883,933,1
1708,DB5085,domestic garbage,337,400,621,676,0
1709,DB5253,domestic garbage,494,524,895,933,0
1710,DB5264,domestic garbage,606,651,111,161,0
1711,DB5344,domestic garbage,241,267,637,673,0
1712,DB5433,domestic garbage,494,524,383,419,0
1713,DB5523,domestic garbage,493,523,125,161,0
1714,DB5730,domestic garbage,809,916,712,739,0
1715,DB5821,domestic garbage,556,663,453,484,0
1716,DB5911,domestic garbage,549,661,198,226,0
1717,DB6459,construction waste,697,767,725,779,0
1718,DB6549,construction waste,694,763,466,517,0
1719,DB6549,domestic garbage,531,576,747,780,1
1720,DB6639,construction waste,699,768,212,270,0
1721,DB6639,domestic garbage,527,577,491,532,1
1722,DB6975,construction waste,938,985,934,1013,0
1723,DB7066,construction waste,682,730,683,762,0
1724,DB7187,domestic garbage,665,730,778,845,0
1725,GI10007,domestic garbage,564,624,975,1024,0
1726,GI1002,agriculture forestry,467,557,528,654,0
1727,GI10024,agriculture forestry,616,678,789,926,0
1728,GI10168,agriculture forestry,471,513,706,793,0
1729,GI10168,agriculture forestry,789,893,851,915,1
1730,GI10168,domestic garbage,821,882,716,773,2
1731,GI10186,agriculture forestry,617,681,526,669,0
1732,GI10330,agriculture forestry,471,515,443,543,0
1733,GI10330,agriculture forestry,793,901,606,652,1
1734,GI10330,domestic garbage,819,877,461,516,2
1735,GI10348,agriculture forestry,620,677,278,406,0
1736,GI10482,domestic garbage,575,665,728,791,0
1737,GI10492,agriculture forestry,472,517,191,280,0
1738,GI10492,agriculture forestry,798,894,340,401,1
1739,GI10492,domestic garbage,819,881,208,254,2
1740,GI10510,agriculture forestry,623,678,14,156,0
1741,GI10643,domestic garbage,823,926,466,531,0
1742,GI10654,agriculture forestry,794,896,90,147,0
1743,GI10806,domestic garbage,576,667,219,274,0
1744,GI11550,domestic garbage,371,401,652,684,0
1745,GI11558,domestic garbage,629,687,857,906,0
1746,GI1163,agriculture forestry,727,818,278,415,0
1747,GI11711,domestic garbage,630,656,392,432,0
1748,GI11720,domestic garbage,633,683,602,654,0
1749,GI11874,domestic garbage,370,400,143,170,0
1750,GI11883,domestic garbage,370,426,337,391,0
1751,GI11890,domestic garbage,661,697,782,836,0
1752,GI12031,domestic garbage,583,636,566,595,0
1753,GI12044,domestic garbage,634,680,88,135,0
1754,GI12051,domestic garbage,920,954,525,571,0
1755,GI12162,domestic garbage,323,363,761,847,0
1756,GI12163,domestic garbage,67,108,765,847,0
1757,GI12213,domestic garbage,918,958,264,318,0
1758,GI12323,domestic garbage,578,622,510,590,0
1759,GI12376,domestic garbage,660,700,11,68,0
1760,GI12485,domestic garbage,582,621,254,333,0
1761,GI12489,domestic garbage,733,798,924,988,0
1762,GI12513,domestic garbage,754,792,291,332,0
1763,GI12646,domestic garbage,835,879,2,83,0
1764,GI12651,domestic garbage,731,798,667,732,0
1765,GI12813,domestic garbage,734,797,413,482,0
1766,GI12875,domestic garbage,379,420,973,1010,0
1767,GI12972,construction waste,349,687,727,992,0
1768,GI12976,domestic garbage,475,545,156,218,0
1769,GI12976,domestic garbage,776,838,851,927,1
1770,GI12991,domestic garbage,748,804,810,885,0
1771,GI12991,domestic garbage,938,1010,969,1024,1
1772,GI13015,domestic garbage,507,556,974,1015,0
1773,GI13024,domestic garbage,644,708,954,1024,0
1774,GI13035,domestic garbage,878,933,690,754,0
1775,GI13039,domestic garbage,211,256,835,862,0
1776,GI13134,construction waste,336,699,435,759,0
1777,GI13134,construction waste,606,770,781,964,1
1778,GI13139,domestic garbage,513,581,590,662,0
1779,GI13152,domestic garbage,677,710,453,506,0
1780,GI13153,domestic garbage,420,456,452,503,0
1781,GI13153,domestic garbage,747,799,545,626,1
1782,GI13153,domestic garbage,944,1003,711,775,2
1783,GI13161,domestic garbage,553,597,937,1014,0
1784,GI13176,domestic garbage,766,813,721,805,0
1785,GI13186,domestic garbage,646,701,692,769,0
1786,GI13198,domestic garbage,630,685,458,500,0
1787,GI13201,domestic garbage,210,252,576,610,0
1788,GI1326,agriculture forestry,474,562,31,154,0
1789,GI13296,construction waste,467,663,240,473,0
1790,GI13296,construction waste,624,750,538,711,1
1791,GI13301,domestic garbage,513,580,337,410,0
1792,GI13316,domestic garbage,490,536,290,369,0
1793,GI13316,domestic garbage,681,746,456,512,1
1794,GI13323,domestic garbage,558,597,688,773,0
1795,GI13326,domestic garbage,355,421,984,1024,0
1796,GI13339,domestic garbage,507,558,479,547,0
1797,GI13348,domestic garbage,646,701,443,510,0
1798,GI13360,domestic garbage,621,682,175,246,0
1799,GI13363,domestic garbage,213,256,322,350,0
1800,GI13457,domestic garbage,203,403,656,854,0
1801,GI13457,domestic garbage,402,586,680,877,1
1802,GI13457,domestic garbage,582,712,751,917,2
1803,GI13457,construction waste,750,926,21,232,3
1804,GI13457,construction waste,872,1009,269,446,4
1805,GI13458,construction waste,464,656,21,230,0
1806,GI13458,construction waste,628,768,286,447,1
1807,GI13458,domestic garbage,141,454,694,891,2
1808,GI13463,domestic garbage,515,584,84,156,0
1809,GI13479,domestic garbage,234,278,29,114,0
1810,GI13479,domestic garbage,434,490,203,263,1
1811,GI13485,domestic garbage,552,597,432,517,0
1812,GI13488,domestic garbage,344,419,728,780,0
1813,GI13488,domestic garbage,250,314,814,862,1
1814,GI13488,domestic garbage,204,284,868,910,2
1815,GI13500,domestic garbage,759,815,211,293,0
1816,GI13511,domestic garbage,388,441,187,255,0
1817,GI13524,domestic garbage,464,512,67,94,0
1818,GI13619,domestic garbage,201,404,391,590,0
1819,GI13619,domestic garbage,403,714,417,647,1
1820,GI13619,construction waste,862,1013,17,189,2
1821,GI13620,construction waste,587,752,33,198,0
1822,GI13620,domestic garbage,138,451,424,640,1
1823,GI13633,agriculture forestry,419,498,895,1009,0
1824,GI13646,domestic garbage,812,856,175,257,0
1825,GI13646,domestic garbage,803,886,946,1008,1
1826,GI13650,domestic garbage,326,426,470,512,0
1827,GI13650,domestic garbage,253,316,558,604,1
1828,GI13650,domestic garbage,200,281,606,648,2
1829,GI13780,domestic garbage,456,656,140,356,0
1830,GI13780,domestic garbage,656,971,171,380,1
1831,GI13794,agriculture forestry,671,752,643,762,0
1832,GI13809,domestic garbage,553,623,695,751,0
1833,GI13812,domestic garbage,337,419,216,259,0
1834,GI13812,domestic garbage,256,317,298,348,1
1835,GI13812,domestic garbage,204,293,349,399,2
1836,GI13831,domestic garbage,649,697,572,662,0
1837,GI13957,agriculture forestry,425,505,377,525,0
1838,GI13972,domestic garbage,294,367,445,502,0
1839,GI13972,domestic garbage,762,830,45,90,1
1840,GI13972,domestic garbage,714,804,92,143,2
1841,GI13993,domestic garbage,647,698,321,406,0
1842,GI14010,construction waste,145,319,834,917,0
1843,GI14118,agriculture forestry,676,763,117,279,0
1844,GI14133,domestic garbage,549,624,194,247,0
1845,GI14155,domestic garbage,646,702,54,150,0
1846,GI14171,construction waste,405,564,583,653,0
1847,GI14209,agriculture forestry,415,512,814,925,0
1848,GI14333,construction waste,404,582,321,394,0
1849,GI14333,domestic garbage,567,608,710,808,1
1850,GI14371,agriculture forestry,416,513,557,664,0
1851,GI14380,agriculture forestry,514,621,796,924,0
1852,GI14495,domestic garbage,570,607,448,551,0
1853,GI14495,construction waste,404,571,66,141,1
1854,GI14537,agriculture forestry,816,925,910,1010,0
1855,GI14542,agriculture forestry,519,612,535,675,0
1856,GI14551,agriculture forestry,665,742,797,880,0
1857,GI14612,domestic garbage,485,543,725,791,0
1858,GI14704,agriculture forestry,515,621,274,416,0
1859,GI14866,agriculture forestry,517,621,25,161,0
1860,GI15224,domestic garbage,419,462,825,858,0
1861,GI15386,domestic garbage,423,460,568,602,0
1862,GI17460,agriculture forestry,321,378,770,847,0
1863,GI17622,agriculture forestry,323,375,513,597,0
1864,GI18423,construction waste,280,377,874,940,0
1865,GI18584,construction waste,541,625,618,677,0
1866,GI18584,domestic garbage,753,853,766,825,1
1867,GI18909,domestic garbage,510,592,260,294,0
1868,GI18909,construction waste,280,375,110,166,1
1869,GI19077,domestic garbage,271,333,595,637,0
1870,GI19238,domestic garbage,534,593,332,382,0
1871,GI19402,domestic garbage,13,77,77,128,0
1872,GI20085,domestic garbage,411,451,736,776,0
1873,GI20085,agriculture forestry,450,535,460,535,1
1874,GI20246,domestic garbage,669,711,483,517,0
1875,GI20246,agriculture forestry,708,793,199,278,1
1876,GI20565,domestic garbage,275,308,868,900,0
1877,GI20726,domestic garbage,526,573,614,651,0
1878,GI20888,domestic garbage,526,580,354,397,0
1879,GI2116,domestic garbage,698,760,805,849,0
1880,GI2278,domestic garbage,695,768,541,596,0
1881,GI2441,domestic garbage,440,517,282,337,0
1882,GI2623,domestic garbage,473,509,834,875,0
1883,GI2785,domestic garbage,473,514,575,613,0
1884,GI2946,domestic garbage,728,767,319,356,0
1885,GI3108,domestic garbage,723,772,66,103,0
1886,GI4055,agriculture forestry,652,720,903,1006,0
1887,GI4272,domestic garbage,734,808,785,824,0
1888,GI4321,domestic garbage,473,516,136,185,0
1889,GI4434,domestic garbage,735,808,528,563,0
1890,GI4749,domestic garbage,752,839,864,909,0
1891,GI4758,domestic garbage,737,804,14,50,0
1892,GI4816,domestic garbage,120,235,716,759,0
1893,GI4911,domestic garbage,754,838,609,651,0
1894,GI4977,domestic garbage,402,493,454,499,0
1895,GI5074,domestic garbage,504,582,348,399,0
1896,GI5138,domestic garbage,665,750,204,242,0
1897,GI5236,domestic garbage,506,582,94,139,0
1898,GI661,domestic garbage,707,757,732,799,0
1899,GI6703,domestic garbage,757,810,80,159,0
1900,GI7622,domestic garbage,786,852,958,1017,0
1901,GI7785,domestic garbage,520,594,692,766,0
1902,GI7947,domestic garbage,519,597,440,510,0
1903,GI8109,domestic garbage,519,596,182,251,0
1904,GI824,domestic garbage,449,499,470,540,0
1905,GI839,agriculture forestry,723,818,788,923,0
1906,GI8395,domestic garbage,622,681,947,996,0
1907,GI8557,domestic garbage,627,678,688,728,0
1908,GI8719,domestic garbage,626,678,428,468,0
1909,GI8881,domestic garbage,625,675,177,221,0
1910,GI986,domestic garbage,445,501,217,286,0
1911,LN11579,domestic garbage,447,504,877,940,0
1912,LN11753,domestic garbage,446,513,627,688,0
1913,LN11852,domestic garbage,534,588,906,955,0
1914,LN11927,domestic garbage,443,508,363,427,0
1915,LN12026,domestic garbage,536,586,640,706,0
1916,LN12101,domestic garbage,445,515,112,178,0
1917,LN12201,domestic garbage,276,331,387,443,0
1918,LN12375,domestic garbage,280,325,132,189,0
1919,LN13595,domestic garbage,539,599,625,683,0
1920,LN13855,domestic garbage,483,559,803,858,0
1921,LN14454,domestic garbage,412,471,934,1016,0
1922,LN14628,domestic garbage,413,470,682,764,0
1923,LN1467,domestic garbage,665,760,366,524,0
1924,LN15073,domestic garbage,415,538,882,958,0
1925,LN15149,domestic garbage,476,571,797,913,0
1926,LN15247,domestic garbage,414,538,635,705,0
1927,LN15323,domestic garbage,473,575,540,666,0
1928,LN15544,domestic garbage,446,536,807,951,0
1929,LN15718,domestic garbage,440,516,562,704,0
1930,LN16108,domestic garbage,323,423,744,854,0
1931,LN16239,domestic garbage,463,538,829,900,0
1932,LN16282,domestic garbage,323,424,502,598,0
1933,LN16456,domestic garbage,323,441,232,343,0
1934,LN16456,domestic garbage,870,968,385,441,1
1935,LN16587,domestic garbage,466,539,324,376,0
1936,LN16630,domestic garbage,330,423,3,83,0
1937,LN16630,domestic garbage,875,982,130,188,1
1938,LN16761,domestic garbage,464,539,59,135,0
1939,LN19565,domestic garbage,341,475,880,992,0
1940,LN19739,domestic garbage,337,480,638,762,0
1941,LN20947,domestic garbage,377,419,777,826,0
1942,LN21356,domestic garbage,418,478,765,822,0
1943,LN21530,domestic garbage,413,476,509,566,0
1944,LN21787,construction waste,18,367,904,984,0
1945,LN21787,construction waste,459,773,869,971,1
1946,LN21790,construction waste,455,600,856,975,0
1947,LN21946,construction waste,71,260,886,947,0
1948,LN21954,construction waste,99,630,669,789,0
1949,LN21961,construction waste,20,356,659,731,0
1950,LN21961,construction waste,464,761,618,725,1
1951,LN22116,construction waste,614,748,733,888,0
1952,LN22116,domestic garbage,152,201,888,934,1
1953,LN23532,domestic garbage,96,212,903,1024,0
1954,LN23704,domestic garbage,608,729,662,786,0
1955,LN24684,domestic garbage,214,332,734,803,0
1956,LN24856,domestic garbage,734,841,454,563,0
1957,LN24888,agriculture forestry,507,585,861,986,0
1958,LN25062,agriculture forestry,506,582,596,728,0
1959,LN25375,domestic garbage,820,900,800,905,0
1960,LN2544,construction waste,341,530,747,902,0
1961,LN2544,construction waste,638,789,631,738,1
1962,LN25546,domestic garbage,588,671,968,1011,0
1963,LN2557,domestic garbage,552,604,658,720,0
1964,LN25895,domestic garbage,329,415,457,501,0
1965,LN26433,construction waste,9,1024,778,900,0
1966,LN26434,construction waste,19,1024,775,902,0
1967,LN26552,domestic garbage,576,636,305,347,0
1968,LN26607,domestic garbage,3,1017,519,646,0
1969,LN26691,domestic garbage,489,647,863,919,0
1970,LN26727,domestic garbage,314,373,50,95,0
1971,LN26771,domestic garbage,503,558,804,858,0
1972,LN26865,domestic garbage,498,639,608,659,0
1973,LN26945,domestic garbage,504,564,546,610,0
1974,LN27119,domestic garbage,502,559,283,354,0
1975,LN2718,construction waste,342,525,513,661,0
1976,LN2718,construction waste,649,789,377,485,1
1977,LN27264,domestic garbage,525,602,903,984,0
1978,LN2732,domestic garbage,304,342,417,469,0
1979,LN27343,agriculture forestry,491,595,588,645,0
1980,LN27438,domestic garbage,530,649,645,728,0
1981,LN27517,agriculture forestry,477,594,329,402,0
1982,LN28408,domestic garbage,197,315,920,991,0
1983,LN28582,domestic garbage,192,308,653,731,0
1984,LN2888,domestic garbage,296,343,806,866,0
1985,LN2888,domestic garbage,944,985,484,552,1
1986,LN2892,construction waste,338,521,257,377,0
1987,LN2892,construction waste,643,795,122,232,1
1988,LN2905,domestic garbage,551,604,147,213,0
1989,LN3061,domestic garbage,554,593,553,610,0
1990,LN3076,domestic garbage,677,756,946,1024,0
1991,LN3235,domestic garbage,557,599,291,352,0
1992,LN3251,domestic garbage,397,505,685,800,0
1993,LN3409,domestic garbage,550,601,39,99,0
1994,LN3425,domestic garbage,403,511,434,551,0
1995,LN3599,domestic garbage,406,511,171,286,0
1996,LN3849,domestic garbage,571,632,933,1019,0
1997,LN4023,domestic garbage,572,641,673,779,0
1998,LN4197,domestic garbage,570,624,424,514,0
1999,LN4446,domestic garbage,360,714,810,1024,0
2000,LN4620,domestic garbage,346,803,554,1024,0
2001,LN4794,domestic garbage,337,771,288,1024,0
2002,LN4968,domestic garbage,294,785,37,928,0
2003,LN5140,domestic garbage,789,1024,202,657,0
2004,LN5143,domestic garbage,61,508,8,680,0
2005,LN5143,domestic garbage,767,855,739,840,1
2006,LN5242,domestic garbage,458,529,744,784,0
2007,LN5242,domestic garbage,848,906,542,588,1
2008,LN5315,domestic garbage,534,986,3,429,0
2009,LN7662,domestic garbage,271,342,740,817,0
2010,LN7662,domestic garbage,367,610,808,993,1
2011,LN7662,domestic garbage,779,1009,723,901,2
2012,LN7837,domestic garbage,118,351,548,725,0
2013,LN7837,domestic garbage,504,761,458,640,1
2014,LN8359,domestic garbage,302,670,849,1024,0
2015,LN8533,domestic garbage,278,642,570,914,0
2016,LN8707,domestic garbage,191,667,330,824,0
2017,LN9327,domestic garbage,534,575,793,840,0
2018,LN9664,domestic garbage,377,539,828,972,0
2019,LN9675,domestic garbage,538,578,283,324,0
2020,LN9776,domestic garbage,315,443,429,526,0
2021,LN9776,domestic garbage,494,567,723,791,1
2022,LN9776,domestic garbage,553,691,818,964,2
2023,LN9838,domestic garbage,375,543,563,708,0
2024,N00000,domestic garbage,529,590,253,343,0
2025,N00001,construction waste,382,629,301,411,0
2026,N00001,construction waste,228,341,50,193,1
2027,N00001,construction waste,796,899,453,540,2
2028,N00002,domestic garbage,346,404,591,632,0
2029,N00003,domestic garbage,463,509,541,588,0
2030,N00004,domestic garbage,153,216,225,291,0
2031,N00005,domestic garbage,341,861,458,528,0
2032,N00006,domestic garbage,583,665,79,148,0
2033,N00006,agriculture forestry,858,993,187,320,1
2034,N00007,domestic garbage,88,126,710,758,0
2035,N00008,construction waste,130,229,758,887,0
2036,N00008,domestic garbage,323,466,174,288,1
2037,N00009,domestic garbage,346,404,392,433,0
2038,N00010,domestic garbage,136,201,443,498,0
2039,N00011,domestic garbage,710,789,969,1008,0
2040,N00012,domestic garbage,783,829,919,991,0
2041,N00013,domestic garbage,538,615,373,431,0
2042,N00014,domestic garbage,460,564,625,757,0
2043,N00014,domestic garbage,175,235,51,168,1
2044,N00015,domestic garbage,565,664,97,198,0
2045,N00015,construction waste,599,932,326,468,1
2046,N00016,domestic garbage,730,784,553,623,0
2047,N00017,domestic garbage,769,856,880,925,0
2048,N00018,domestic garbage,250,323,306,373,0
2049,N00019,domestic garbage,725,816,662,733,0
2050,N00019,domestic garbage,246,316,599,662,1
2051,N00020,construction waste,308,678,480,735,0
2052,N00020,construction waste,316,458,741,866,1
2053,N00021,domestic garbage,290,343,468,506,0
2054,N00022,domestic garbage,100,156,826,880,0
2055,N00023,domestic garbage,509,601,331,423,0
2056,N00024,construction waste,441,573,270,625,0
2057,N00025,domestic garbage,753,816,215,306,0
2058,N00026,domestic garbage,572,640,303,347,0
2059,N00027,domestic garbage,494,534,417,476,0
2060,N00028,domestic garbage,208,299,662,733,0
2061,N00028,domestic garbage,708,778,599,662,1
2062,N00029,domestic garbage,505,565,417,491,0
2063,N00030,construction waste,104,263,172,593,0
2064,N00031,domestic garbage,423,552,184,243,0
2065,N00032,domestic garbage,237,314,109,184,0
2066,N00033,domestic garbage,742,776,695,728,0
2067,N00033,domestic garbage,29,66,480,526,1
2068,N00034,domestic garbage,244,327,687,801,0
2069,N00035,domestic garbage,725,778,211,280,0
2070,N00036,domestic garbage,664,711,310,351,0
2071,N00037,domestic garbage,805,870,88,134,0
2072,N00038,domestic garbage,210,279,696,766,0
2073,N00038,domestic garbage,0,87,764,810,1
2074,N00039,domestic garbage,614,1019,677,742,0
2075,N00039,domestic garbage,73,498,650,724,1
2076,N00040,construction waste,326,786,232,427,0
2077,N00041,domestic garbage,593,691,251,340,0
2078,N00042,domestic garbage,880,941,499,547,0
2079,N00043,domestic garbage,38,115,851,922,0
2080,N00044,domestic garbage,195,241,919,991,0
2081,N00045,domestic garbage,689,771,9,59,0
2082,N00046,domestic garbage,698,733,266,299,0
2083,N00047,construction waste,620,740,140,480,0
2084,N00047,construction waste,239,454,58,419,1
2085,N00048,domestic garbage,253,335,965,1015,0
2086,N00049,domestic garbage,587,701,536,621,0
2087,N00050,domestic garbage,119,181,741,803,0
2088,N00051,construction waste,461,545,463,588,0
2089,N00052,domestic garbage,572,640,677,721,0
2090,N00053,domestic garbage,312,419,225,268,0
2091,N00054,domestic garbage,546,659,403,514,0
2092,N00055,domestic garbage,680,719,854,966,0
2093,N00056,domestic garbage,735,801,128,162,0
2094,N00057,domestic garbage,630,689,226,288,0
2095,N00058,domestic garbage,408,455,905,996,0
2096,N00059,domestic garbage,163,273,777,883,0
2097,N00060,domestic garbage,261,314,440,494,0
2098,N00061,domestic garbage,728,791,533,763,0
2099,N00062,domestic garbage,322,369,304,359,0
2100,N00062,domestic garbage,294,381,124,195,1
2101,N00063,domestic garbage,474,553,348,414,0
2102,N00063,domestic garbage,430,508,613,651,1
2103,N00063,domestic garbage,804,838,464,509,2
2104,N00064,domestic garbage,618,667,445,488,0
2105,N00065,domestic garbage,549,583,833,885,0
2106,N00066,domestic garbage,208,299,291,362,0
2107,N00066,domestic garbage,708,778,362,425,1
2108,N00067,construction waste,34,161,735,894,0
2109,N00068,domestic garbage,515,561,436,483,0
2110,N00069,domestic garbage,329,401,839,905,0
2111,N00070,domestic garbage,782,875,699,770,0
2112,N00071,domestic garbage,707,743,194,255,0
2113,N00072,domestic garbage,243,284,795,848,0
2114,N00073,domestic garbage,772,808,391,428,0
2115,N00074,domestic garbage,243,284,176,229,0
2116,N00075,domestic garbage,553,612,145,182,0
2117,N00076,construction waste,214,538,69,206,0
2118,N00077,domestic garbage,675,761,532,590,0
2119,N00078,domestic garbage,423,465,368,422,0
2120,N00079,domestic garbage,485,601,91,140,0
2121,N00080,domestic garbage,163,273,141,247,0
2122,N00081,construction waste,306,402,805,898,0
2123,N00082,domestic garbage,50,97,525,566,0
2124,N00083,domestic garbage,383,427,91,134,0
2125,N00083,domestic garbage,408,493,265,306,1
2126,N00084,domestic garbage,664,711,673,714,0
2127,N00085,domestic garbage,623,695,839,905,0
2128,N00086,domestic garbage,5,410,677,742,0
2129,N00086,domestic garbage,526,951,650,724,1
2130,N00087,construction waste,265,393,289,354,0
2131,N00088,domestic garbage,512,573,212,299,0
2132,N00089,construction waste,284,404,140,480,0
2133,N00089,construction waste,570,785,58,419,1
2134,N00090,domestic garbage,240,294,401,471,0
2135,N00091,domestic garbage,89,187,633,681,0
2136,N00092,domestic garbage,281,338,694,751,0
2137,N00093,domestic garbage,597,641,91,134,0
2138,N00093,domestic garbage,531,616,265,306,1
2139,N00094,domestic garbage,468,522,851,906,0
2140,N00094,domestic garbage,286,334,164,220,1
2141,N00094,domestic garbage,546,897,357,573,2
2142,N00095,domestic garbage,65,117,500,560,0
2143,N00096,domestic garbage,153,215,472,506,0
2144,N00097,domestic garbage,553,601,209,262,0
2145,N00098,domestic garbage,349,393,598,649,0
2146,N00098,construction waste,181,409,662,873,1
2147,N00098,construction waste,605,786,470,687,2
2148,N00099,domestic garbage,156,206,605,674,0
2149,N00100,domestic garbage,591,693,657,713,0
2150,N00101,domestic garbage,907,959,464,524,0
2151,N00102,construction waste,72,341,406,573,0
2152,N00102,construction waste,749,947,407,529,1
2153,N00103,domestic garbage,119,181,221,283,0
2154,N00104,domestic garbage,349,393,375,426,0
2155,N00104,construction waste,181,409,151,362,1
2156,N00104,construction waste,605,786,337,554,2
2157,N00105,domestic garbage,542,599,743,787,0
2158,N00106,construction waste,308,678,289,544,0
2159,N00106,construction waste,316,458,158,283,1
2160,N00107,domestic garbage,334,383,502,560,0
2161,N00107,domestic garbage,358,412,746,821,1
2162,N00108,domestic garbage,527,573,610,657,0
2163,N00109,domestic garbage,423,515,331,423,0
2164,N00110,domestic garbage,837,935,633,681,0
2165,N00111,domestic garbage,418,470,263,290,0
2166,N00111,construction waste,12,286,617,919,1
2167,N00112,domestic garbage,216,256,435,475,0
2168,N00113,domestic garbage,208,271,215,306,0
2169,N00114,domestic garbage,479,550,533,683,0
2170,N00115,domestic garbage,591,693,311,367,0
2171,N00116,domestic garbage,493,549,315,373,0
2172,N00117,domestic garbage,250,323,651,718,0
2173,N00118,domestic garbage,417,462,338,403,0
2174,N00119,domestic garbage,655,702,304,359,0
2175,N00119,domestic garbage,643,730,124,195,1
2176,N00120,domestic garbage,485,601,884,933,0
2177,N00121,domestic garbage,330,391,210,242,0
2178,N00122,domestic garbage,411,473,340,452,0
2179,N00123,domestic garbage,489,544,315,358,0
2180,N00124,domestic garbage,393,478,44,156,0
2181,N00124,domestic garbage,123,219,362,447,1
2182,N00125,domestic garbage,974,1023,748,804,0
2183,N00126,domestic garbage,663,726,170,267,0
2184,N00127,domestic garbage,92,133,581,634,0
2185,N00128,domestic garbage,303,408,609,686,0
2186,N00128,domestic garbage,422,495,410,476,1
2187,N00129,domestic garbage,598,678,825,869,0
2188,N00130,domestic garbage,251,305,272,314,0
2189,N00131,domestic garbage,406,515,959,1022,0
2190,N00132,domestic garbage,577,650,852,922,0
2191,N00133,construction waste,441,573,399,754,0
2192,N00134,domestic garbage,51,124,184,234,0
2193,N00135,domestic garbage,538,615,593,651,0
2194,N00136,domestic garbage,302,505,847,914,0
2195,N00137,domestic garbage,208,271,718,809,0
2196,N00138,domestic garbage,695,776,916,998,0
2197,N00139,domestic garbage,900,973,184,234,0
2198,N00140,domestic garbage,639,690,202,261,0
2199,N00140,construction waste,769,881,106,277,1
2200,N00141,construction waste,745,914,556,690,0
2201,N00142,domestic garbage,163,683,458,528,0
2202,N00143,domestic garbage,430,516,554,603,0
2203,N00144,domestic garbage,943,994,277,336,0
2204,N00145,domestic garbage,859,901,84,136,0
2205,N00146,domestic garbage,863,932,258,324,0
2206,N00147,domestic garbage,709,772,570,614,0
2207,N00148,domestic garbage,418,470,734,761,0
2208,N00148,construction waste,12,286,105,407,1
2209,N00149,domestic garbage,50,97,458,499,0
2210,N00150,domestic garbage,719,773,710,752,0
2211,N00151,domestic garbage,334,415,945,1021,0
2212,N00152,domestic garbage,186,237,63,137,0
2213,N00153,domestic garbage,722,793,431,470,0
2214,N00154,domestic garbage,384,452,303,347,0
2215,N00155,domestic garbage,582,611,325,368,0
2216,N00156,construction waste,395,642,613,723,0
2217,N00156,construction waste,683,796,831,974,1
2218,N00156,construction waste,125,228,484,571,2
2219,N00157,domestic garbage,598,678,155,199,0
2220,N00158,domestic garbage,142,224,395,448,0
2221,N00158,domestic garbage,53,162,493,599,1
2222,N00159,domestic garbage,53,101,229,285,0
2223,N00160,domestic garbage,662,709,440,499,0
2224,N00160,domestic garbage,709,779,566,626,1
2225,N00160,construction waste,778,1014,236,516,2
2226,N00161,domestic garbage,800,882,395,448,0
2227,N00161,domestic garbage,862,971,493,599,1
2228,N00162,domestic garbage,146,220,458,532,0
2229,N00163,domestic garbage,382,467,568,655,0
2230,N00164,domestic garbage,460,528,869,903,0
2231,N00165,domestic garbage,876,956,631,700,0
2232,N00166,domestic garbage,549,590,221,277,0
2233,N00167,domestic garbage,512,586,454,535,0
2234,N00168,domestic garbage,195,241,33,105,0
2235,N00169,domestic garbage,527,583,273,341,0
2236,N00170,domestic garbage,96,158,380,424,0
2237,N00171,domestic garbage,153,215,518,552,0
2238,N00172,construction waste,346,716,289,544,0
2239,N00172,construction waste,566,708,158,283,1
2240,N00173,domestic garbage,252,297,610,653,0
2241,N00174,domestic garbage,64,143,204,277,0
2242,N00175,domestic garbage,321,408,602,637,0
2243,N00176,domestic garbage,458,506,672,715,0
2244,N00177,domestic garbage,441,512,427,494,0
2245,N00178,domestic garbage,509,618,959,1022,0
2246,N00179,domestic garbage,114,222,720,779,0
2247,N00180,construction waste,401,833,288,411,0
2248,N00181,domestic garbage,335,394,736,798,0
2249,N00182,domestic garbage,843,905,741,803,0
2250,N00183,domestic garbage,235,314,969,1008,0
2251,N00184,domestic garbage,701,774,267,312,0
2252,N00185,domestic garbage,266,371,151,233,0
2253,N00186,domestic garbage,91,143,972,1024,0
2254,N00187,domestic garbage,265,346,779,873,0
2255,N00188,domestic garbage,7,85,588,661,0
2256,N00189,construction waste,863,990,130,289,0
2257,N00190,domestic garbage,559,601,368,422,0
2258,N00191,domestic garbage,274,341,6,78,0
2259,N00192,domestic garbage,656,762,191,303,0
2260,N00193,domestic garbage,722,793,554,593,0
2261,N00194,construction waste,238,698,597,792,0
2262,N00195,domestic garbage,472,601,184,243,0
2263,N00196,domestic garbage,879,967,163,247,0
2264,N00196,domestic garbage,875,921,401,501,1
2265,N00196,domestic garbage,597,710,695,823,2
2266,N00197,domestic garbage,774,837,675,712,0
2267,N00197,domestic garbage,944,1020,711,810,1
2268,N00198,domestic garbage,360,459,826,927,0
2269,N00198,construction waste,92,425,556,698,1
2270,N00199,domestic garbage,30,92,657,720,0
2271,N00200,domestic garbage,474,545,341,491,0
2272,N00201,domestic garbage,896,978,873,953,0
2273,N00202,domestic garbage,928,982,468,521,0
2274,N00203,domestic garbage,246,362,138,244,0
2275,N00204,domestic garbage,158,218,543,603,0
2276,N00204,domestic garbage,154,226,610,670,1
2277,N00205,domestic garbage,573,618,473,571,0
2278,N00206,construction waste,863,990,735,894,0
2279,N00207,domestic garbage,65,165,73,135,0
2280,N00208,domestic garbage,439,538,280,330,0
2281,N00209,domestic garbage,323,437,536,621,0
2282,N00210,domestic garbage,662,778,138,244,0
2283,N00211,domestic garbage,382,461,341,436,0
2284,N00211,domestic garbage,615,744,506,651,1
2285,N00212,domestic garbage,844,894,208,305,0
2286,N00213,domestic garbage,406,515,2,65,0
2287,N00214,domestic garbage,543,596,81,154,0
2288,N00214,construction waste,483,682,734,1019,1
2289,N00215,domestic garbage,841,888,915,965,0
2290,N00216,domestic garbage,881,960,204,277,0
2291,N00217,domestic garbage,675,777,477,553,0
2292,N00218,domestic garbage,630,689,736,798,0
2293,N00219,domestic garbage,291,326,266,299,0
2294,N00220,domestic garbage,393,500,739,794,0
2295,N00221,domestic garbage,35,114,463,534,0
2296,N00222,domestic garbage,582,611,656,699,0
2297,N00223,domestic garbage,291,326,725,758,0
2298,N00224,domestic garbage,487,560,466,506,0
2299,N00225,domestic garbage,487,549,360,414,0
2300,N00226,domestic garbage,75,142,179,223,0
2301,N00227,construction waste,152,321,380,771,0
2302,N00228,domestic garbage,479,550,341,491,0
2303,N00229,domestic garbage,522,652,778,852,0
2304,N00230,domestic garbage,301,383,262,350,0
2305,N00231,domestic garbage,641,690,502,560,0
2306,N00231,domestic garbage,612,666,746,821,1
2307,N00232,domestic garbage,866,928,380,424,0
2308,N00233,domestic garbage,655,702,665,720,0
2309,N00233,domestic garbage,643,730,829,900,1
2310,N00234,domestic garbage,910,989,463,534,0
2311,N00235,construction waste,745,914,334,468,0
2312,N00236,domestic garbage,923,971,229,285,0
2313,N00237,domestic garbage,675,777,471,547,0
2314,N00238,domestic garbage,818,868,605,674,0
2315,N00239,domestic garbage,447,504,516,570,0
2316,N00240,domestic garbage,423,471,209,262,0
2317,N00241,domestic garbage,408,455,28,119,0
2318,N00242,construction waste,85,726,261,981,0
2319,N00243,domestic garbage,565,632,42,106,0
2320,N00244,domestic garbage,474,538,384,461,0
2321,N00245,construction waste,631,759,289,354,0
2322,N00246,construction waste,352,542,683,792,0
2323,N00246,construction waste,423,553,528,680,1
2324,N00247,domestic garbage,827,893,780,849,0
2325,N00248,domestic garbage,577,650,102,172,0
2326,N00249,domestic garbage,537,611,689,740,0
2327,N00250,domestic garbage,216,256,549,589,0
2328,N00251,domestic garbage,768,808,435,475,0
2329,N00252,domestic garbage,382,467,369,456,0
2330,N00253,domestic garbage,633,694,210,242,0
2331,N00254,domestic garbage,868,924,826,880,0
2332,N00255,domestic garbage,923,971,739,795,0
2333,N00256,domestic garbage,587,701,403,488,0
2334,N00257,domestic garbage,593,691,684,773,0
2335,N00258,domestic garbage,75,163,530,597,0
2336,N00258,construction waste,141,219,184,381,1
2337,N00259,domestic garbage,480,535,315,358,0
2338,N00260,domestic garbage,379,445,158,191,0
2339,N00260,construction waste,116,431,6,149,1
2340,N00261,domestic garbage,715,758,591,625,0
2341,N00262,domestic garbage,672,745,596,663,0
2342,N00263,domestic garbage,223,289,862,896,0
2343,N00264,domestic garbage,910,989,490,561,0
2344,N00265,domestic garbage,100,156,144,198,0
2345,N00266,domestic garbage,480,545,410,495,0
2346,N00267,domestic garbage,806,866,543,603,0
2347,N00267,domestic garbage,798,870,610,670,1
2348,N00268,domestic garbage,197,304,165,240,0
2349,N00269,domestic garbage,974,1023,220,276,0
2350,N00270,domestic garbage,880,941,477,525,0
2351,N00271,domestic garbage,707,743,769,830,0
2352,N00272,construction waste,401,833,613,736,0
2353,N00273,domestic garbage,565,616,251,302,0
2354,N00274,domestic garbage,710,763,530,584,0
2355,N00275,domestic garbage,5,410,282,347,0
2356,N00275,domestic garbage,526,951,300,374,1
2357,N00276,domestic garbage,263,345,465,511,0
2358,N00277,domestic garbage,550,633,724,770,0
2359,N00277,domestic garbage,660,808,708,850,1
2360,N00278,domestic garbage,332,412,621,660,0
2361,N00278,domestic garbage,772,849,919,979,1
2362,N00279,domestic garbage,841,888,59,109,0
2363,N00280,domestic garbage,116,166,740,798,0
2364,N00281,domestic garbage,179,214,504,538,0
2365,N00282,domestic garbage,136,205,392,488,0
2366,N00282,domestic garbage,243,344,414,503,1
2367,N00283,domestic garbage,858,908,226,284,0
2368,N00284,domestic garbage,451,512,725,812,0
2369,N00285,construction waste,795,894,137,266,0
2370,N00285,domestic garbage,558,701,736,850,1
2371,N00286,domestic garbage,589,653,318,451,0
2372,N00287,domestic garbage,535,634,53,214,0
2373,N00288,domestic garbage,154,219,890,936,0
2374,N00289,domestic garbage,695,776,26,108,0
2375,N00290,construction waste,242,456,206,327,0
2376,N00290,domestic garbage,475,556,292,417,1
2377,N00291,domestic garbage,546,631,868,980,0
2378,N00291,domestic garbage,805,901,577,662,1
2379,N00292,domestic garbage,543,596,870,943,0
2380,N00292,construction waste,483,682,5,290,1
2381,N00293,domestic garbage,691,753,675,736,0
2382,N00294,construction waste,486,810,818,955,0
2383,N00295,domestic garbage,204,249,841,877,0
2384,N00296,domestic garbage,579,645,158,191,0
2385,N00296,construction waste,593,908,6,149,1
2386,N00297,domestic garbage,412,471,145,182,0
2387,N00298,domestic garbage,265,346,151,245,0
2388,N00299,domestic garbage,708,768,736,805,0
2389,N00300,construction waste,451,583,399,754,0
2390,N00301,construction waste,85,726,43,763,0
2391,N00302,domestic garbage,479,544,529,614,0
2392,N00303,domestic garbage,434,475,747,803,0
2393,N00304,domestic garbage,749,806,582,636,0
2394,N00305,domestic garbage,475,531,651,709,0
2395,N00306,construction waste,497,606,411,759,0
2396,N00307,domestic garbage,231,302,554,593,0
2397,N00308,domestic garbage,432,502,392,438,0
2398,N00308,domestic garbage,414,483,74,154,1
2399,N00309,domestic garbage,308,359,862,895,0
2400,N00310,domestic garbage,389,462,639,695,0
2401,N00311,construction waste,761,920,172,593,0
2402,N00312,domestic garbage,593,662,850,932,0
2403,N00313,domestic garbage,576,645,605,664,0
2404,N00313,construction waste,356,495,173,281,1
2405,N00314,domestic garbage,65,165,889,951,0
2406,N00315,domestic garbage,616,703,602,637,0
2407,N00316,domestic garbage,68,148,324,393,0
2408,N00317,domestic garbage,697,780,687,801,0
2409,N00318,domestic garbage,639,690,763,822,0
2410,N00318,construction waste,769,881,747,918,1
2411,N00319,domestic garbage,891,932,581,634,0
2412,N00320,domestic garbage,680,719,58,170,0
2413,N00321,domestic garbage,423,552,781,840,0
2414,N00322,domestic garbage,967,1024,809,875,0
2415,N00323,construction waste,474,742,124,273,0
2416,N00324,domestic garbage,553,601,762,815,0
2417,N00325,construction waste,7,131,179,432,0
2418,N00326,domestic garbage,667,739,863,911,0
2419,N00327,domestic garbage,641,723,262,350,0
2420,N00328,construction waste,395,642,301,411,0
2421,N00328,construction waste,683,796,50,193,1
2422,N00328,construction waste,125,228,453,540,2
2423,N00329,domestic garbage,245,345,849,902,0
2424,N00330,construction waste,339,475,219,334,0
2425,N00330,domestic garbage,245,310,862,932,1
2426,N00331,domestic garbage,845,886,688,742,0
2427,N00331,domestic garbage,355,430,752,834,1
2428,N00331,domestic garbage,263,299,781,853,2
2429,N00332,domestic garbage,468,510,490,527,0
2430,N00333,domestic garbage,382,461,588,683,0
2431,N00333,domestic garbage,615,744,373,518,1
2432,N00334,domestic garbage,715,758,399,433,0
2433,N00335,construction waste,298,939,43,763,0
2434,N00336,domestic garbage,626,681,570,610,0
2435,N00337,domestic garbage,249,314,416,464,0
2436,N00338,domestic garbage,519,656,761,818,0
2437,N00339,domestic garbage,710,789,16,55,0
2438,N00340,domestic garbage,1,78,780,858,0
2439,N00341,domestic garbage,233,296,261,491,0
2440,N00342,construction waste,282,550,124,273,0
2441,N00343,domestic garbage,514,570,280,343,0
2442,N00343,domestic garbage,514,589,401,554,1
2443,N00343,domestic garbage,474,551,636,681,2
2444,N00344,domestic garbage,360,459,97,198,0
2445,N00344,construction waste,92,425,326,468,1
2446,N00345,domestic garbage,27,88,248,303,0
2447,N00346,domestic garbage,153,216,733,799,0
2448,N00347,domestic garbage,362,431,850,932,0
2449,N00348,domestic garbage,460,564,267,399,0
2450,N00348,domestic garbage,175,235,856,973,1
2451,N00349,domestic garbage,441,475,139,191,0
2452,N00350,domestic garbage,681,734,468,506,0
2453,N00351,domestic garbage,441,475,833,885,0
2454,N00352,domestic garbage,612,692,364,403,0
2455,N00352,domestic garbage,175,252,45,105,1
2456,N00353,domestic garbage,879,967,777,861,0
2457,N00353,domestic garbage,875,921,523,623,1
2458,N00353,domestic garbage,597,710,201,329,2
2459,N00354,domestic garbage,606,649,10,69,0
2460,N00355,domestic garbage,138,179,282,336,0
2461,N00355,domestic garbage,594,669,190,272,1
2462,N00355,domestic garbage,725,761,171,243,2
2463,N00356,construction waste,110,279,334,468,0
2464,N00357,domestic garbage,562,635,329,385,0
2465,N00358,domestic garbage,168,255,880,925,0
2466,N00359,domestic garbage,967,1024,149,215,0
2467,N00360,domestic garbage,168,245,466,502,0
2468,N00361,domestic garbage,522,596,583,640,0
2469,N00361,domestic garbage,478,530,716,766,1
2470,N00361,construction waste,605,863,675,962,2
2471,N00362,domestic garbage,83,144,477,525,0
2472,N00363,construction waste,486,810,69,206,0
2473,N00364,domestic garbage,372,502,172,246,0
2474,N00365,domestic garbage,844,894,719,816,0
2475,N00366,domestic garbage,205,270,764,798,0
2476,N00366,construction waste,804,1009,525,721,1
2477,N00367,domestic garbage,631,675,375,426,0
2478,N00367,construction waste,615,843,151,362,1
2479,N00367,construction waste,238,419,337,554,2
2480,N00368,domestic garbage,479,544,410,495,0
2481,N00369,domestic garbage,454,510,681,744,0
2482,N00369,domestic garbage,435,510,470,623,1
2483,N00369,domestic garbage,473,550,343,388,2
2484,N00370,domestic garbage,329,393,530,586,0
2485,N00370,construction waste,153,242,603,695,1
2486,N00370,construction waste,527,626,841,993,2
2487,N00371,domestic garbage,754,819,226,260,0
2488,N00371,construction waste,15,220,303,499,1
2489,N00372,domestic garbage,867,919,472,606,0
2490,N00373,construction waste,683,952,406,573,0
2491,N00373,construction waste,77,275,407,529,1
2492,N00374,domestic garbage,249,314,560,608,0
2493,N00375,domestic garbage,605,712,756,799,0
2494,N00376,domestic garbage,379,448,605,664,0
2495,N00376,construction waste,529,668,173,281,1
2496,N00377,domestic garbage,579,645,833,866,0
2497,N00377,construction waste,593,908,875,1018,1
2498,N00378,domestic garbage,437,541,556,712,0
2499,N00378,domestic garbage,171,234,636,699,1
2500,N00379,construction waste,371,597,197,365,0
2501,N00380,domestic garbage,557,609,299,355,0
2502,N00381,domestic garbage,1,50,220,276,0
2503,N00382,domestic garbage,338,849,400,470,0
2504,N00383,domestic garbage,506,617,299,347,0
2505,N00384,domestic garbage,566,652,371,415,0
2506,N00385,domestic garbage,720,827,784,859,0
2507,N00386,domestic garbage,495,561,436,490,0
2508,N00387,domestic garbage,943,994,688,747,0
2509,N00388,domestic garbage,413,487,284,335,0
2510,N00389,domestic garbage,662,709,525,584,0
2511,N00389,domestic garbage,709,779,398,458,1
2512,N00389,construction waste,778,1014,508,788,2
2513,N00390,domestic garbage,57,145,163,247,0
2514,N00390,domestic garbage,103,149,401,501,1
2515,N00390,domestic garbage,314,427,695,823,2
2516,N00391,domestic garbage,818,868,350,419,0
2517,N00392,domestic garbage,708,824,854,906,0
2518,N00393,domestic garbage,514,556,490,527,0
2519,N00394,domestic garbage,709,772,410,454,0
2520,N00395,domestic garbage,315,362,440,499,0
2521,N00395,domestic garbage,245,315,566,626,1
2522,N00395,construction waste,10,246,236,516,2
2523,N00396,domestic garbage,710,787,109,184,0
2524,N00397,domestic garbage,651,694,137,176,0
2525,N00398,domestic garbage,493,549,651,709,0
2526,N00399,domestic garbage,161,197,311,348,0
2527,N00400,domestic garbage,248,329,26,108,0
2528,N00401,domestic garbage,391,474,724,770,0
2529,N00401,domestic garbage,216,364,708,850,1
2530,N00402,domestic garbage,425,482,237,281,0
2531,N00403,domestic garbage,546,659,510,621,0
2532,N00404,domestic garbage,407,518,299,347,0
2533,N00405,domestic garbage,233,296,533,763,0
2534,N00406,domestic garbage,8,265,249,290,0
2535,N00406,domestic garbage,552,654,221,322,1
2536,N00407,construction waste,474,649,392,824,0
2537,N00408,domestic garbage,936,997,248,303,0
2538,N00409,domestic garbage,527,583,683,751,0
2539,N00410,domestic garbage,409,486,593,651,0
2540,N00411,domestic garbage,517,591,97,166,0
2541,N00412,domestic garbage,554,606,263,290,0
2542,N00412,construction waste,738,1012,617,919,1
2543,N00413,domestic garbage,464,537,466,506,0
2544,N00414,domestic garbage,506,617,677,725,0
2545,N00415,domestic garbage,546,614,210,257,0
2546,N00416,domestic garbage,301,349,174,235,0
2547,N00416,domestic garbage,731,782,847,914,1
2548,N00416,domestic garbage,686,747,903,969,2
2549,N00417,domestic garbage,551,613,572,684,0
2550,N00418,domestic garbage,46,93,317,351,0
2551,N00419,domestic garbage,614,697,317,408,0
2552,N00420,domestic garbage,458,545,536,608,0
2553,N00421,domestic garbage,334,415,3,79,0
2554,N00422,domestic garbage,168,245,522,558,0
2555,N00423,domestic garbage,327,410,317,408,0
2556,N00424,domestic garbage,623,670,632,673,0
2557,N00425,domestic garbage,285,357,863,911,0
2558,N00426,domestic garbage,358,415,948,995,0
2559,N00427,domestic garbage,881,960,747,820,0
2560,N00428,domestic garbage,679,761,513,559,0
2561,N00429,domestic garbage,112,217,224,336,0
2562,N00430,construction waste,430,626,673,835,0
2563,N00431,domestic garbage,858,908,740,798,0
2564,N00432,domestic garbage,149,242,254,325,0
2565,N00433,domestic garbage,246,299,211,280,0
2566,N00434,domestic garbage,354,401,632,673,0
2567,N00435,domestic garbage,557,642,369,456,0
2568,N00436,domestic garbage,451,497,367,414,0
2569,N00437,domestic garbage,779,856,466,502,0
2570,N00438,domestic garbage,690,740,296,346,0
2571,N00439,domestic garbage,782,875,254,325,0
2572,N00440,construction waste,630,952,686,942,0
2573,N00441,domestic garbage,130,180,719,816,0
2574,N00442,construction waste,430,626,189,351,0
2575,N00443,domestic garbage,522,592,586,632,0
2576,N00443,domestic garbage,541,610,870,950,1
2577,N00444,domestic garbage,235,300,258,323,0
2578,N00445,domestic garbage,932,994,657,720,0
2579,N00446,domestic garbage,683,750,6,78,0
2580,N00447,domestic garbage,719,778,718,783,0
2581,N00448,domestic garbage,508,594,421,470,0
2582,N00449,domestic garbage,719,778,241,306,0
2583,N00450,domestic garbage,745,814,696,766,0
2584,N00450,domestic garbage,937,1024,764,810,1
2585,N00451,domestic garbage,410,478,767,814,0
2586,N00452,domestic garbage,459,519,417,491,0
2587,N00453,domestic garbage,882,949,179,223,0
2588,N00454,domestic garbage,495,561,534,588,0
2589,N00455,domestic garbage,471,550,610,676,0
2590,N00455,domestic garbage,516,594,373,411,1
2591,N00455,domestic garbage,186,220,515,560,2
2592,N00456,domestic garbage,554,594,387,434,0
2593,N00457,domestic garbage,759,1016,734,775,0
2594,N00457,domestic garbage,370,472,702,803,1
2595,N00458,domestic garbage,827,863,311,348,0
2596,N00459,domestic garbage,263,345,513,559,0
2597,N00460,domestic garbage,408,459,251,302,0
2598,N00461,domestic garbage,96,158,600,644,0
2599,N00462,domestic garbage,486,585,694,744,0
2600,N00463,domestic garbage,618,667,536,579,0
2601,N00464,construction waste,427,653,659,827,0
2602,N00465,domestic garbage,30,81,277,336,0
2603,N00466,domestic garbage,569,616,28,119,0
2604,N00467,construction waste,282,616,135,686,0
2605,N00468,domestic garbage,459,519,533,607,0
2606,N00469,domestic garbage,434,495,253,343,0
2607,N00470,domestic garbage,724,789,258,323,0
2608,N00471,construction waste,630,676,407,498,0
2609,N00472,domestic garbage,330,391,782,814,0
2610,N00473,domestic garbage,524,631,739,794,0
2611,N00474,domestic garbage,200,316,118,170,0
2612,N00475,domestic garbage,665,716,862,895,0
2613,N00476,domestic garbage,69,130,481,531,0
2614,N00476,domestic garbage,254,317,469,521,1
2615,N00477,construction waste,541,649,77,204,0
2616,N00478,domestic garbage,812,875,820,895,0
2617,N00479,domestic garbage,803,873,173,250,0
2618,N00480,domestic garbage,246,305,241,306,0
2619,N00481,construction waste,418,527,265,613,0
2620,N00482,domestic garbage,861,949,427,494,0
2621,N00482,construction waste,805,883,643,840,1
2622,N00483,domestic garbage,412,471,842,879,0
2623,N00484,domestic garbage,205,270,226,260,0
2624,N00484,construction waste,804,1009,303,499,1
2625,N00485,domestic garbage,490,530,548,607,0
2626,N00486,construction waste,339,475,690,805,0
2627,N00486,domestic garbage,245,310,92,162,1
2628,N00487,domestic garbage,298,361,170,267,0
2629,N00488,domestic garbage,410,478,210,257,0
2630,N00489,domestic garbage,675,723,174,235,0
2631,N00489,domestic garbage,242,293,847,914,1
2632,N00489,domestic garbage,277,338,903,969,2
2633,N00490,domestic garbage,434,475,221,277,0
2634,N00491,domestic garbage,512,586,489,570,0
2635,N00492,domestic garbage,451,512,212,299,0
2636,N00493,domestic garbage,802,910,245,304,0
2637,N00494,domestic garbage,900,973,790,840,0
2638,N00495,domestic garbage,354,401,351,392,0
2639,N00496,domestic garbage,720,827,165,240,0
2640,N00497,domestic garbage,690,740,678,728,0
2641,N00498,domestic garbage,371,435,573,706,0
2642,N00499,domestic garbage,823,888,526,581,0
2643,N00500,domestic garbage,46,128,71,151,0
2644,N00501,domestic garbage,458,545,416,488,0
2645,N00502,domestic garbage,686,743,694,751,0
2646,N00503,domestic garbage,458,506,309,352,0
2647,N00504,domestic garbage,678,759,779,873,0
2648,N00505,domestic garbage,365,478,403,514,0
2649,N00506,domestic garbage,775,820,147,183,0
2650,N00507,construction waste,482,672,232,341,0
2651,N00507,construction waste,471,601,344,496,1
2652,N00508,construction waste,191,623,288,411,0
2653,N00509,domestic garbage,1,78,166,244,0
2654,N00510,construction waste,130,229,137,266,0
2655,N00510,domestic garbage,323,466,736,850,1
2656,N00511,domestic garbage,891,932,390,443,0
2657,N00512,construction waste,348,394,407,498,0
2658,N00513,domestic garbage,136,183,915,965,0
2659,N00514,domestic garbage,271,333,288,349,0
2660,N00515,domestic garbage,447,504,454,508,0
2661,N00516,domestic garbage,68,139,284,351,0
2662,N00517,construction waste,549,685,219,334,0
2663,N00517,domestic garbage,714,779,862,932,1
2664,N00518,domestic garbage,520,577,454,508,0
2665,N00519,construction waste,479,563,463,588,0
2666,N00520,domestic garbage,358,415,29,76,0
2667,N00521,domestic garbage,480,535,666,709,0
2668,N00522,domestic garbage,131,197,780,849,0
2669,N00523,construction waste,375,483,820,947,0
2670,N00524,domestic garbage,881,933,972,1024,0
2671,N00525,domestic garbage,434,495,681,771,0
2672,N00526,domestic garbage,911,986,469,545,0
2673,N00527,construction waste,620,740,544,884,0
2674,N00527,construction waste,239,454,605,966,1
2675,N00528,domestic garbage,123,165,84,136,0
2676,N00529,domestic garbage,683,750,946,1018,0
2677,N00530,domestic garbage,163,683,496,566,0
2678,N00531,domestic garbage,710,787,840,915,0
2679,N00532,domestic garbage,939,1017,363,436,0
2680,N00533,domestic garbage,720,792,298,401,0
2681,N00533,domestic garbage,609,695,707,773,1
2682,N00533,domestic garbage,679,768,608,705,2
2683,N00534,domestic garbage,653,758,151,233,0
2684,N00535,domestic garbage,390,489,53,214,0
2685,N00536,domestic garbage,517,591,858,927,0
2686,N00537,domestic garbage,751,861,777,883,0
2687,N00538,domestic garbage,486,550,384,461,0
2688,N00539,domestic garbage,597,641,890,933,0
2689,N00539,domestic garbage,531,616,718,759,1
2690,N00540,domestic garbage,92,161,258,324,0
2691,N00541,domestic garbage,343,398,414,454,0
2692,N00542,domestic garbage,151,221,774,851,0
2693,N00543,domestic garbage,566,652,609,653,0
2694,N00544,domestic garbage,701,774,306,373,0
2695,N00545,construction waste,242,456,697,818,0
2696,N00545,domestic garbage,475,556,607,732,1
2697,N00546,domestic garbage,626,681,414,454,0
2698,N00547,construction waste,104,263,431,852,0
2699,N00548,construction waste,630,676,526,617,0
2700,N00549,domestic garbage,827,893,175,244,0
2701,N00550,domestic garbage,775,820,841,877,0
2702,N00551,domestic garbage,375,418,10,69,0
2703,N00552,domestic garbage,332,412,364,403,0
2704,N00552,domestic garbage,772,849,45,105,1
2705,N00553,domestic garbage,750,826,963,1023,0
2706,N00554,domestic garbage,372,458,371,415,0
2707,N00555,domestic garbage,279,352,596,663,0
2708,N00556,domestic garbage,882,949,801,845,0
2709,N00557,domestic garbage,576,645,360,419,0
2710,N00557,construction waste,356,495,743,851,1
2711,N00558,domestic garbage,330,373,848,887,0
2712,N00559,construction waste,371,597,659,827,0
2713,N00560,domestic garbage,430,470,590,637,0
2714,N00561,domestic garbage,710,763,440,494,0
2715,N00562,domestic garbage,331,433,657,713,0
2716,N00563,domestic garbage,593,662,92,174,0
2717,N00564,domestic garbage,512,583,427,494,0
2718,N00565,domestic garbage,483,587,312,468,0
2719,N00565,domestic garbage,790,853,325,388,1
2720,N00566,domestic garbage,433,507,97,166,0
2721,N00567,domestic garbage,253,335,9,59,0
2722,N00568,domestic garbage,38,113,479,555,0
2723,N00569,domestic garbage,38,113,469,545,0
2724,N00570,domestic garbage,168,255,99,144,0
2725,N00571,domestic garbage,8,265,734,775,0
2726,N00571,domestic garbage,552,654,702,803,1
2727,N00572,domestic garbage,804,878,458,532,0
2728,N00573,domestic garbage,302,505,110,177,0
2729,N00574,domestic garbage,438,512,489,570,0
2730,N00575,domestic garbage,329,393,438,494,0
2731,N00575,construction waste,153,242,329,421,1
2732,N00575,construction waste,527,626,31,183,2
2733,N00576,domestic garbage,845,886,282,336,0
2734,N00576,domestic garbage,355,430,190,272,1
2735,N00576,domestic garbage,263,299,171,243,2
2736,N00577,domestic garbage,368,505,206,263,0
2737,N00578,domestic garbage,556,618,125,192,0
2738,N00578,domestic garbage,399,439,962,1002,1
2739,N00579,domestic garbage,909,986,851,922,0
2740,N00580,domestic garbage,175,686,554,624,0
2741,N00581,domestic garbage,827,863,676,713,0
2742,N00582,domestic garbage,772,808,596,633,0
2743,N00583,domestic garbage,279,352,361,428,0
2744,N00584,domestic garbage,810,845,486,520,0
2745,N00585,domestic garbage,158,237,83,163,0
2746,N00586,construction waste,72,341,451,618,0
2747,N00586,construction waste,749,947,495,617,1
2748,N00587,domestic garbage,708,768,219,288,0
2749,N00588,domestic garbage,701,774,712,757,0
2750,N00589,domestic garbage,745,814,258,328,0
2751,N00589,domestic garbage,937,1024,214,260,1
2752,N00590,domestic garbage,430,516,421,470,0
2753,N00591,domestic garbage,468,522,118,173,0
2754,N00591,domestic garbage,286,334,804,860,1
2755,N00591,domestic garbage,546,897,451,667,2
2756,N00592,domestic garbage,522,596,384,441,0
2757,N00592,domestic garbage,478,530,258,308,1
2758,N00592,construction waste,605,863,62,349,2
2759,N00593,domestic garbage,423,515,601,693,0
2760,N00594,domestic garbage,609,690,3,79,0
2761,N00595,domestic garbage,563,642,341,436,0
2762,N00595,domestic garbage,280,409,506,651,1
2763,N00596,construction waste,703,872,380,771,0
2764,N00597,domestic garbage,620,678,392,433,0
2765,N90000,domestic garbage,391,499,239,324,0
2766,N90001,domestic garbage,295,337,254,287,0
2767,N90002,construction waste,323,429,619,715,0
2768,N90003,domestic garbage,613,669,901,963,0
2769,N90004,domestic garbage,749,829,904,971,0
2770,N90005,domestic garbage,885,949,435,479,0
2771,N90006,domestic garbage,304,413,882,923,0
2772,N90007,domestic garbage,328,487,363,501,0
2773,N90008,domestic garbage,436,487,30,91,0
2774,N90009,domestic garbage,917,969,275,373,0
2775,N90010,domestic garbage,862,937,830,911,0
2776,N90011,domestic garbage,618,694,83,161,0
2777,N90012,domestic garbage,561,610,827,880,0
2778,N90013,domestic garbage,323,381,761,825,0
2779,N90014,domestic garbage,715,802,543,606,0
2780,N90015,construction waste,483,610,316,460,0
2781,N90015,domestic garbage,270,340,95,143,1
2782,N90016,domestic garbage,595,645,485,557,0
2783,N90016,construction waste,714,804,358,451,1
2784,N90017,domestic garbage,406,472,107,189,0
2785,N90018,domestic garbage,130,197,75,105,0
2786,N90019,domestic garbage,127,187,412,464,0
2787,N90019,construction waste,207,413,74,229,1
2788,N90020,domestic garbage,99,169,131,173,0
2789,N90021,domestic garbage,581,681,544,628,0
2790,N90022,domestic garbage,643,701,199,263,0
2791,N90023,domestic garbage,659,714,349,408,0
2792,N90024,agriculture forestry,628,806,280,428,0
2793,N90024,domestic garbage,127,189,321,384,1
2794,N90025,domestic garbage,594,706,21,90,0
2795,N90026,domestic garbage,674,724,174,213,0
2796,N90026,domestic garbage,768,816,406,479,1
2797,N90027,domestic garbage,830,867,218,269,0
2798,N90028,domestic garbage,75,139,545,589,0
2799,N90029,domestic garbage,409,469,492,582,0
2800,N90030,domestic garbage,233,283,769,850,0
2801,N90031,domestic garbage,318,430,21,90,0
2802,N90032,domestic garbage,300,350,811,850,0
2803,N90032,domestic garbage,208,256,545,618,1
2804,N90033,domestic garbage,521,581,782,834,0
2805,N90034,domestic garbage,749,829,53,120,0
2806,N90035,domestic garbage,205,259,713,782,0
2807,N90036,agriculture forestry,289,393,417,528,0
2808,N90037,domestic garbage,686,783,510,574,0
2809,N90038,agriculture forestry,631,735,496,607,0
2810,N90039,domestic garbage,381,484,428,511,0
2811,N90039,agriculture forestry,314,395,545,625,1
2812,N90039,construction waste,535,611,407,485,2
2813,N90040,domestic garbage,593,674,199,245,0
2814,N90041,domestic garbage,462,507,328,374,0
2815,N90042,domestic garbage,654,714,336,383,0
2816,N90043,domestic garbage,383,434,88,158,0
2817,N90044,domestic garbage,474,536,273,394,0
2818,N90044,domestic garbage,702,783,156,229,1
2819,N90045,domestic garbage,87,162,830,911,0
2820,N90046,domestic garbage,869,935,888,945,0
2821,N90047,agriculture forestry,137,223,907,976,0
2822,N90047,agriculture forestry,910,1002,466,549,1
2823,N90047,domestic garbage,744,779,457,501,2
2824,N90048,domestic garbage,660,756,723,784,0
2825,N90048,domestic garbage,845,908,734,829,1
2826,N90048,construction waste,379,587,239,427,2
2827,N90049,construction waste,25,155,660,798,0
2828,N90050,construction waste,688,785,646,756,0
2829,N90051,domestic garbage,538,590,512,551,0
2830,N90052,domestic garbage,266,368,73,177,0
2831,N90053,domestic garbage,628,712,604,675,0
2832,N90054,domestic garbage,328,487,523,661,0
2833,N90055,domestic garbage,161,228,488,560,0
2834,N90055,domestic garbage,498,548,48,100,1
2835,N90055,construction waste,623,779,100,261,2
2836,N90056,domestic garbage,479,595,312,414,0
2837,N90057,domestic garbage,812,879,66,114,0
2838,N90058,domestic garbage,657,725,425,483,0
2839,N90059,domestic garbage,391,486,791,856,0
2840,N90060,domestic garbage,68,150,704,781,0
2841,N90061,domestic garbage,623,704,230,287,0
2842,N90062,domestic garbage,393,428,419,458,0
2843,N90062,domestic garbage,500,543,592,661,1
2844,N90063,domestic garbage,600,664,708,758,0
2845,N90064,domestic garbage,622,662,236,280,0
2846,N90064,construction waste,309,442,531,655,1
2847,N90065,domestic garbage,299,367,541,599,0
2848,N90066,domestic garbage,557,604,327,370,0
2849,N90067,agriculture forestry,628,806,596,744,0
2850,N90067,domestic garbage,127,189,640,703,1
2851,N90068,domestic garbage,914,970,246,320,0
2852,N90069,domestic garbage,561,620,254,297,0
2853,N90070,domestic garbage,526,601,545,665,0
2854,N90071,domestic garbage,468,572,289,369,0
2855,N90072,domestic garbage,82,156,334,431,0
2856,N90073,domestic garbage,726,783,369,440,0
2857,N90074,domestic garbage,638,691,486,538,0
2858,N90075,domestic garbage,711,772,369,428,0
2859,N90076,domestic garbage,152,197,855,910,0
2860,N90077,domestic garbage,345,383,326,385,0
2861,N90078,domestic garbage,192,252,263,315,0
2862,N90079,domestic garbage,295,348,288,369,0
2863,N90080,domestic garbage,420,467,327,370,0
2864,N90081,domestic garbage,310,365,350,409,0
2865,N90082,domestic garbage,660,768,444,530,0
2866,N90083,domestic garbage,266,368,847,951,0
2867,N90084,domestic garbage,483,529,746,789,0
2868,N90084,domestic garbage,514,630,513,560,1
2869,N90084,construction waste,720,977,536,801,2
2870,N90085,domestic garbage,600,664,266,316,0
2871,N90086,domestic garbage,296,398,815,913,0
2872,N90087,domestic garbage,434,486,473,512,0
2873,N90088,domestic garbage,665,698,361,425,0
2874,N90089,domestic garbage,517,562,650,696,0
2875,N90090,domestic garbage,274,327,340,378,0
2876,N90091,domestic garbage,310,365,616,675,0
2877,N90092,domestic garbage,267,345,130,202,0
2878,N90093,domestic garbage,717,788,344,419,0
2879,N90094,domestic garbage,245,306,400,469,0
2880,N90095,domestic garbage,623,704,737,794,0
2881,N90096,domestic garbage,691,752,300,365,0
2882,N90097,domestic garbage,195,306,740,801,0
2883,N90098,domestic garbage,772,832,263,315,0
2884,N90099,domestic garbage,236,307,605,680,0
2885,N90100,domestic garbage,326,359,599,663,0
2886,N90101,domestic garbage,371,445,915,997,0
2887,N90101,domestic garbage,583,633,588,647,1
2888,N90102,domestic garbage,718,779,555,624,0
2889,N90103,domestic garbage,240,291,450,494,0
2890,N90104,domestic garbage,641,679,326,385,0
2891,N90105,domestic garbage,456,533,155,195,0
2892,N90106,domestic garbage,687,729,254,287,0
2893,N90107,domestic garbage,443,503,190,242,0
2894,N90108,domestic garbage,676,729,288,369,0
2895,N90109,domestic garbage,572,627,839,901,0
2896,N90109,domestic garbage,443,496,731,783,1
2897,N90110,domestic garbage,715,802,418,481,0
2898,N90111,domestic garbage,835,886,168,215,0
2899,N90112,domestic garbage,741,791,174,255,0
2900,N90113,domestic garbage,590,641,88,158,0
2901,N90114,domestic garbage,557,604,654,697,0
2902,N90115,domestic garbage,291,353,125,184,0
2903,N90116,domestic garbage,145,212,910,958,0
2904,N90117,domestic garbage,540,643,513,596,0
2905,N90117,agriculture forestry,629,710,399,479,1
2906,N90117,construction waste,413,489,539,617,2
2907,N90118,domestic garbage,352,407,544,620,0
2908,N90119,agriculture forestry,137,223,48,117,0
2909,N90119,agriculture forestry,910,1002,475,558,1
2910,N90119,domestic garbage,744,779,523,567,2
2911,N90120,domestic garbage,350,431,779,825,0
2912,N90121,domestic garbage,452,556,289,369,0
2913,N90122,domestic garbage,510,568,351,405,0
2914,N90123,domestic garbage,626,728,815,913,0
2915,N90124,agriculture forestry,289,393,496,607,0
2916,N90125,domestic garbage,318,430,934,1003,0
2917,N90126,domestic garbage,391,486,168,233,0
2918,N90127,domestic garbage,0,47,438,485,0
2919,N90128,domestic garbage,868,942,334,431,0
2920,N90129,domestic garbage,436,487,933,994,0
2921,N90130,domestic garbage,704,760,862,902,0
2922,N90131,domestic garbage,537,588,933,994,0
2923,N90132,domestic garbage,671,733,125,184,0
2924,N90133,domestic garbage,409,469,442,532,0
2925,N90134,domestic garbage,555,615,492,582,0
2926,N90135,domestic garbage,914,970,704,778,0
2927,N90136,domestic garbage,333,386,486,538,0
2928,N90137,construction waste,703,860,639,708,0
2929,N90138,domestic garbage,72,149,427,467,0
2930,N90139,domestic garbage,226,312,280,340,0
2931,N90140,domestic garbage,241,338,450,514,0
2932,N90141,domestic garbage,391,499,700,785,0
2933,N90142,domestic garbage,55,107,651,749,0
2934,N90143,domestic garbage,627,667,562,614,0
2935,N90144,domestic garbage,312,396,349,420,0
2936,N90145,domestic garbage,341,404,866,910,0
2937,N90146,domestic garbage,423,498,545,665,0
2938,N90147,domestic garbage,302,397,303,354,0
2939,N90148,agriculture forestry,248,347,328,414,0
2940,N90149,domestic garbage,660,778,573,631,0
2941,N90150,construction waste,556,702,349,407,0
2942,N90151,domestic garbage,613,669,61,123,0
2943,N90152,domestic garbage,329,384,710,767,0
2944,N90153,agriculture forestry,677,776,610,696,0
2945,N90154,domestic garbage,627,667,410,462,0
2946,N90155,domestic garbage,222,309,543,606,0
2947,N90156,domestic garbage,641,679,639,698,0
2948,N90157,domestic garbage,268,364,240,301,0
2949,N90157,domestic garbage,116,179,195,290,1
2950,N90157,construction waste,437,645,597,785,2
2951,N90158,domestic garbage,387,460,74,152,0
2952,N90159,domestic garbage,318,367,254,279,0
2953,N90160,domestic garbage,456,514,619,673,0
2954,N90161,domestic garbage,264,320,862,902,0
2955,N90162,domestic garbage,596,631,419,458,0
2956,N90162,domestic garbage,481,524,592,661,1
2957,N90163,domestic garbage,205,259,242,311,0
2958,N90164,domestic garbage,837,897,412,464,0
2959,N90164,construction waste,611,817,74,229,1
2960,N90165,domestic garbage,310,365,349,408,0
2961,N90166,domestic garbage,764,817,412,467,0
2962,N90166,domestic garbage,791,876,287,361,1
2963,N90166,construction waste,321,639,565,720,2
2964,N90167,domestic garbage,718,829,740,801,0
2965,N90168,domestic garbage,683,831,283,424,0
2966,N90168,domestic garbage,646,741,113,209,1
2967,N90168,domestic garbage,788,983,16,108,2
2968,N90169,domestic garbage,812,879,910,958,0
2969,N90170,construction waste,164,321,639,708,0
2970,N90171,domestic garbage,157,194,218,269,0
2971,N90172,domestic garbage,434,486,512,551,0
2972,N90173,domestic garbage,207,260,557,612,0
2973,N90173,domestic garbage,148,233,663,737,1
2974,N90173,construction waste,385,703,304,459,2
2975,N90174,domestic garbage,423,458,606,646,0
2976,N90175,domestic garbage,521,581,190,242,0
2977,N90176,domestic garbage,726,783,584,655,0
2978,N90177,domestic garbage,226,312,684,744,0
2979,N90178,domestic garbage,300,350,174,213,0
2980,N90178,domestic garbage,208,256,406,479,1
2981,N90179,construction waste,869,999,660,798,0
2982,N90180,domestic garbage,660,768,494,580,0
2983,N90181,construction waste,595,701,309,405,0
2984,N90182,domestic garbage,258,315,613,661,0
2985,N90183,domestic garbage,333,386,486,538,0
2986,N90184,domestic garbage,246,364,393,451,0
2987,N90185,domestic garbage,237,307,565,608,0
2988,N90186,domestic garbage,137,196,757,807,0
2989,N90187,domestic garbage,229,310,58,108,0
2990,N90187,domestic garbage,491,549,281,335,1
2991,N90188,domestic garbage,977,1024,539,586,0
2992,N90189,domestic garbage,725,764,142,193,0
2993,N90189,domestic garbage,720,770,397,473,1
2994,N90190,domestic garbage,687,729,737,770,0
2995,N90191,domestic garbage,357,397,562,614,0
2996,N90192,domestic garbage,89,155,888,945,0
2997,N90193,domestic garbage,252,313,369,428,0
2998,N90194,domestic garbage,618,694,863,941,0
2999,N90195,domestic garbage,237,276,281,318,0
3000,N90196,agriculture forestry,864,915,422,477,0
3001,N90197,domestic garbage,193,341,600,741,0
3002,N90197,domestic garbage,283,378,815,911,1
3003,N90197,domestic garbage,41,236,916,1008,2
3004,N90198,domestic garbage,462,507,650,696,0
3005,N90199,domestic garbage,611,720,101,142,0
3006,N90200,domestic garbage,383,498,292,353,0
3007,N90201,domestic garbage,875,952,557,597,0
3008,N90202,domestic garbage,414,507,102,199,0
3009,N90203,domestic garbage,312,396,604,675,0
3010,N90204,domestic garbage,55,107,275,373,0
3011,N90205,domestic garbage,843,927,122,177,0
3012,N90205,domestic garbage,295,336,738,767,1
3013,N90205,domestic garbage,347,420,315,465,2
3014,N90206,domestic garbage,207,260,412,467,0
3015,N90206,domestic garbage,148,233,287,361,1
3016,N90206,construction waste,385,703,565,720,2
3017,N90207,domestic garbage,714,795,58,108,0
3018,N90207,domestic garbage,475,533,281,335,1
3019,N90208,domestic garbage,620,683,866,910,0
3020,N90209,agriculture forestry,541,634,699,807,0
3021,N90210,domestic garbage,693,756,544,588,0
3022,N90211,construction waste,322,468,349,407,0
3023,N90212,construction waste,688,785,268,378,0
3024,N90213,domestic garbage,725,764,831,882,0
3025,N90213,domestic garbage,720,770,551,627,1
3026,N90214,domestic garbage,709,766,363,411,0
3027,N90215,domestic garbage,566,601,606,646,0
3028,N90216,domestic garbage,137,196,217,267,0
3029,N90217,domestic garbage,579,653,27,109,0
3030,N90217,domestic garbage,391,441,377,436,1
3031,N90218,domestic garbage,397,452,839,901,0
3032,N90218,domestic garbage,528,581,731,783,1
3033,N90219,domestic garbage,657,706,254,279,0
3034,N90220,domestic garbage,733,784,450,494,0
3035,N90221,domestic garbage,82,156,593,690,0
3036,N90222,domestic garbage,748,787,281,318,0
3037,N90223,domestic garbage,526,641,292,353,0
3038,N90224,domestic garbage,855,925,851,893,0
3039,N90225,domestic garbage,9,86,933,989,0
3040,N90226,domestic garbage,718,779,400,469,0
3041,N90227,domestic garbage,326,359,361,425,0
3042,N90228,domestic garbage,627,722,670,721,0
3043,N90229,domestic garbage,252,313,596,655,0
3044,N90230,domestic garbage,531,577,235,281,0
3045,N90231,domestic garbage,941,1024,17,98,0
3046,N90232,domestic garbage,267,345,822,894,0
3047,N90233,domestic garbage,977,1024,438,485,0
3048,N90234,construction waste,239,336,268,378,0
3049,N90235,agriculture forestry,109,160,422,477,0
3050,N90236,domestic garbage,97,181,122,177,0
3051,N90236,domestic garbage,688,729,738,767,1
3052,N90236,domestic garbage,604,677,315,465,2
3053,N90237,domestic garbage,874,956,704,781,0
3054,N90238,domestic garbage,438,492,135,183,0
3055,N90239,domestic garbage,334,401,164,319,0
3056,N90240,domestic garbage,330,406,83,161,0
3057,N90241,domestic garbage,414,507,825,922,0
3058,N90242,domestic garbage,748,787,706,743,0
3059,N90243,domestic garbage,371,445,27,109,0
3060,N90243,domestic garbage,583,633,377,436,1
3061,N90244,domestic garbage,195,275,904,971,0
3062,N90245,domestic garbage,586,665,410,459,0
3063,N90245,agriculture forestry,655,725,695,756,1
3064,N90246,domestic garbage,256,364,444,530,0
3065,N90247,domestic garbage,552,618,107,189,0
3066,N90248,domestic garbage,855,925,131,173,0
3067,N90249,domestic garbage,299,367,425,483,0
3068,N90250,domestic garbage,268,331,544,588,0
3069,N90251,domestic garbage,941,1024,926,1007,0
3070,N90252,construction waste,25,155,226,364,0
3071,N90253,domestic garbage,414,463,827,880,0
3072,N90254,domestic garbage,362,402,236,280,0
3073,N90254,construction waste,582,715,531,655,1
3074,N90255,domestic garbage,732,791,447,503,0
3075,N90256,domestic garbage,765,819,242,311,0
3076,N90257,domestic garbage,875,952,427,467,0
3077,N90258,domestic garbage,586,665,565,614,0
3078,N90258,agriculture forestry,655,725,268,329,1
3079,N90259,domestic garbage,627,722,303,354,0
3080,N90260,domestic garbage,660,756,240,301,0
3081,N90260,domestic garbage,845,908,195,290,1
3082,N90260,construction waste,379,587,597,785,2
3083,N90261,domestic garbage,404,463,727,770,0
3084,N90262,domestic garbage,640,695,257,314,0
3085,N90263,domestic garbage,438,492,841,889,0
3086,N90264,domestic garbage,161,228,464,536,0
3087,N90264,domestic garbage,498,548,924,976,1
3088,N90264,construction waste,623,779,763,924,2
3089,N90265,domestic garbage,828,887,757,807,0
3090,N90266,domestic garbage,334,401,705,860,0
3091,N90267,domestic garbage,362,402,744,788,0
3092,N90267,construction waste,582,715,369,493,1
3093,N90268,domestic garbage,0,83,17,98,0
3094,N90269,domestic garbage,532,586,135,183,0
3095,N90270,domestic garbage,626,728,111,209,0
3096,N90271,domestic garbage,617,672,404,480,0
3097,N90272,domestic garbage,355,411,901,963,0
3098,N90273,domestic garbage,258,315,363,411,0
3099,N90274,domestic garbage,659,714,350,409,0
3100,N90275,domestic garbage,657,706,745,770,0
3101,N90276,domestic garbage,656,758,73,177,0
3102,N90277,domestic garbage,127,187,560,612,0
3103,N90277,construction waste,207,413,795,950,1
3104,N90278,domestic garbage,596,631,566,605,0
3105,N90278,domestic garbage,481,524,363,432,1
3106,N90279,domestic garbage,691,752,659,724,0
3107,N90280,domestic garbage,595,645,467,539,0
3108,N90280,construction waste,714,804,573,666,1
3109,N90281,domestic garbage,229,310,916,966,0
3110,N90281,domestic garbage,491,549,689,743,1
3111,N90282,domestic garbage,310,370,641,688,0
3112,N90283,domestic garbage,679,757,822,894,0
3113,N90284,domestic garbage,138,189,809,856,0
3114,N90285,domestic garbage,262,307,54,81,0
3115,N90286,domestic garbage,9,86,35,91,0
3116,N90287,domestic garbage,581,681,396,480,0
3117,N90288,domestic garbage,717,787,565,608,0
3118,N90289,domestic garbage,938,1015,35,91,0
3119,N90290,domestic garbage,75,139,435,479,0
3120,N90291,domestic garbage,272,333,300,365,0
3121,N90292,agriculture forestry,541,634,217,325,0
3122,N90293,domestic garbage,323,381,199,263,0
3123,N90294,domestic garbage,474,536,630,751,0
3124,N90294,domestic garbage,702,783,795,868,1
3125,N90295,domestic garbage,262,307,943,970,0
3126,N90296,domestic garbage,452,556,655,735,0
3127,N90297,domestic garbage,874,956,243,320,0
3128,N90298,domestic garbage,517,610,825,922,0
3129,N90299,domestic garbage,671,733,840,899,0
3130,N90300,domestic garbage,241,298,369,440,0
3131,N90301,domestic garbage,264,320,122,162,0
3132,N90302,domestic garbage,274,327,646,684,0
3133,N90303,domestic garbage,270,314,140,173,0
3134,N90303,domestic garbage,512,568,49,102,1
3135,N90304,domestic garbage,796,863,488,560,0
3136,N90304,domestic garbage,476,526,48,100,1
3137,N90304,construction waste,245,401,100,261,2
